2025-05-15 09:34:11 | ERROR | PCReceiver: Thread H-03-G lost connection, attempting to reconnect...
2025-05-15 09:34:29 | ERROR | PCReceiver: Thread H-03-G encountered an error: [Errno -3] Temporary failure in name resolution
2025-05-15 09:34:41 | ERROR | PCReceiver: Thread H-03-G lost connection, attempting to reconnect...
2025-05-15 09:35:04 | ERROR | PCReceiver: Thread H-03-G lost connection, attempting to reconnect...
2025-05-15 09:49:09 | ERROR | PCReceiver: Thread H-03-G encountered an error: [Errno -3] Temporary failure in name resolution
2025-05-15 09:49:25 | ERROR | PCReceiver: Thread H-03-G lost connection, attempting to reconnect...
2025-05-15 09:49:31 | ERROR | PCReceiver: Thread H-03-G encountered an error: [Errno -5] No address associated with hostname
2025-05-15 09:49:49 | ERROR | PCReceiver: Thread H-03-G encountered an error: [Errno -3] Temporary failure in name resolution
2025-05-15 09:50:10 | ERROR | PCReceiver: Thread H-03-G lost connection, attempting to reconnect...
2025-05-15 10:51:19 | ERROR | PCReceiver: Thread H-03-G encountered an error: [Errno -3] Temporary failure in name resolution
2025-05-15 10:51:25 | ERROR | PCReceiver: Thread H-03-G encountered an error: [Errno -3] Temporary failure in name resolution
2025-05-15 10:51:33 | ERROR | PCReceiver: Thread H-03-G encountered an error: [Errno -3] Temporary failure in name resolution
2025-05-15 10:51:41 | ERROR | PCReceiver: Thread H-03-G encountered an error: [Errno -3] Temporary failure in name resolution
2025-05-15 10:51:49 | ERROR | PCReceiver: Thread H-03-G encountered an error: [Errno -3] Temporary failure in name resolution
2025-05-15 10:51:55 | ERROR | PCReceiver: Thread H-03-G encountered an error: [Errno -3] Temporary failure in name resolution
2025-05-15 10:52:09 | ERROR | PCReceiver: Thread H-03-G lost connection, attempting to reconnect...
2025-05-15 10:55:32 | ERROR | PCReceiver: Thread H-03-G encountered an error: [Errno -3] Temporary failure in name resolution
2025-05-15 10:55:40 | ERROR | PCReceiver: Thread H-03-G encountered an error: [Errno -5] No address associated with hostname
2025-05-15 10:55:51 | ERROR | PCReceiver: Thread H-03-G encountered an error: [Errno -3] Temporary failure in name resolution
2025-05-15 10:56:01 | ERROR | PCReceiver: Thread H-03-G lost connection, attempting to reconnect...
2025-05-15 10:56:22 | ERROR | PCReceiver: Thread H-03-G lost connection, attempting to reconnect...
2025-05-15 10:56:40 | ERROR | PCReceiver: Thread H-03-G lost connection, attempting to reconnect...
2025-05-15 10:56:56 | WARNING | Device 29498 was not found.
2025-05-15 10:56:56 | WARNING | Device not found in substitute_dict: 29498
2025-05-15 10:56:56 | WARNING | Device 30080 was not found.
2025-05-15 10:56:56 | WARNING | Device not found in substitute_dict: 30080
2025-05-15 10:56:56 | WARNING | Device 30688 was not found.
2025-05-15 10:56:56 | WARNING | Device not found in substitute_dict: 30688
2025-05-15 10:56:56 | WARNING | Device AC000001_1 was not found.
2025-05-15 10:56:56 | WARNING | Device AC000004_1 was not found.
2025-05-15 10:56:56 | WARNING | Device AC000007_1 was not found.
2025-05-15 10:56:56 | WARNING | Device AC000010_1 was not found.
2025-05-15 10:56:56 | WARNING | Device AC000013_1 was not found.
2025-05-15 10:56:56 | WARNING | Device AC000002_1 was not found.
2025-05-15 10:56:56 | WARNING | Device AC000003_1 was not found.
2025-05-15 10:56:56 | WARNING | Device AC000005_1 was not found.
2025-05-15 10:56:56 | WARNING | Device AC000006_1 was not found.
2025-05-15 10:56:56 | WARNING | Device AC000008_1 was not found.
2025-05-15 10:56:56 | WARNING | Device AC000009_1 was not found.
2025-05-15 10:56:56 | WARNING | Device VR1UJZKXZKW134851 was not found.
2025-05-15 10:56:56 | WARNING | Device AC000011_1 was not found.
2025-05-15 10:56:56 | WARNING | Device not found in substitute_dict: VR1UJZKXZKW134851
2025-05-15 10:56:56 | WARNING | Device AC000012_1 was not found.
2025-05-15 10:56:56 | WARNING | Device AC000014_1 was not found.
2025-05-15 10:56:56 | WARNING | Device ACEXT001_1 was not found.
2025-05-15 10:56:56 | WARNING | Device ACEXT002_1 was not found.
2025-05-15 10:56:56 | WARNING | Device ACEXT003_1 was not found.
2025-05-15 10:56:56 | WARNING | Device ACEXT004_1 was not found.
2025-05-15 10:57:56 | WARNING | Device 29498 was not found.
2025-05-15 10:57:56 | WARNING | Device not found in substitute_dict: 29498
2025-05-15 10:57:56 | WARNING | Device 30080 was not found.
2025-05-15 10:57:56 | WARNING | Device not found in substitute_dict: 30080
2025-05-15 10:57:56 | WARNING | Device 30688 was not found.
2025-05-15 10:57:56 | WARNING | Device not found in substitute_dict: 30688
2025-05-15 10:57:56 | WARNING | Device AC000001_1 was not found.
2025-05-15 10:57:56 | WARNING | Device AC000004_1 was not found.
2025-05-15 10:57:56 | WARNING | Device AC000007_1 was not found.
2025-05-15 10:57:56 | WARNING | Device AC000010_1 was not found.
2025-05-15 10:57:56 | WARNING | Device AC000013_1 was not found.
2025-05-15 10:57:56 | WARNING | Device AC000002_1 was not found.
2025-05-15 10:57:56 | WARNING | Device AC000003_1 was not found.
2025-05-15 10:57:56 | WARNING | Device VR1UJZKXZKW134851 was not found.
2025-05-15 10:57:56 | WARNING | Device AC000005_1 was not found.
2025-05-15 10:57:56 | WARNING | Device not found in substitute_dict: VR1UJZKXZKW134851
2025-05-15 10:57:56 | WARNING | Device AC000006_1 was not found.
2025-05-15 10:57:56 | WARNING | Device AC000008_1 was not found.
2025-05-15 10:57:56 | WARNING | Device AC000009_1 was not found.
2025-05-15 10:57:56 | WARNING | Device AC000011_1 was not found.
2025-05-15 10:57:56 | WARNING | Device AC000012_1 was not found.
2025-05-15 10:57:56 | WARNING | Device AC000014_1 was not found.
2025-05-15 10:57:56 | WARNING | Device ACEXT001_1 was not found.
2025-05-15 10:57:56 | WARNING | Device ACEXT002_1 was not found.
2025-05-15 10:57:56 | WARNING | Device ACEXT003_1 was not found.
2025-05-15 10:57:56 | WARNING | Device ACEXT004_1 was not found.
2025-05-15 11:00:36 | ERROR | PCReceiver: Thread H-03-G encountered an error: [Errno -3] Temporary failure in name resolution
2025-05-15 11:00:53 | ERROR | PCReceiver: Thread H-03-G lost connection, attempting to reconnect...
2025-05-15 11:01:06 | ERROR | PCReceiver: Thread H-03-G encountered an error: [Errno -5] No address associated with hostname
2025-05-15 11:01:34 | ERROR | PCReceiver: Thread H-03-G lost connection, attempting to reconnect...
2025-05-15 11:01:50 | ERROR | PCReceiver: Thread H-03-G encountered an error: [Errno -3] Temporary failure in name resolution
2025-05-15 11:02:00 | ERROR | PCReceiver: Thread H-03-G lost connection, attempting to reconnect...
2025-05-15 11:14:32 | ERROR | PCReceiver: Thread H-03-G encountered an error: [Errno -3] Temporary failure in name resolution
2025-05-15 11:14:40 | ERROR | PCReceiver: Thread H-03-G encountered an error: [Errno -3] Temporary failure in name resolution
2025-05-15 11:14:48 | ERROR | PCReceiver: Thread H-03-G encountered an error: [Errno -5] No address associated with hostname
2025-05-15 11:14:56 | ERROR | PCReceiver: Thread H-03-G encountered an error: [Errno -5] No address associated with hostname
2025-05-15 11:15:11 | ERROR | PCReceiver: Thread H-03-G lost connection, attempting to reconnect...
2025-05-15 11:15:28 | ERROR | PCReceiver: Thread H-03-G lost connection, attempting to reconnect...
2025-05-15 11:17:25 | ERROR | PCReceiver: Thread H-03-G encountered an error: [Errno -3] Temporary failure in name resolution
2025-05-15 11:17:33 | ERROR | PCReceiver: Thread H-03-G encountered an error: [Errno -5] No address associated with hostname
2025-05-15 11:17:46 | ERROR | PCReceiver: Thread H-03-G encountered an error: [Errno -3] Temporary failure in name resolution
2025-05-15 11:17:55 | ERROR | PCReceiver: Thread H-03-G encountered an error: [Errno -3] Temporary failure in name resolution
2025-05-15 11:18:09 | ERROR | PCReceiver: Thread H-03-G lost connection, attempting to reconnect...
2025-05-15 11:18:21 | ERROR | PCReceiver: Thread H-03-G encountered an error: [Errno -3] Temporary failure in name resolution
2025-05-15 11:18:34 | ERROR | PCReceiver: Thread H-03-G encountered an error: [Errno -3] Temporary failure in name resolution
2025-05-15 11:18:42 | ERROR | PCReceiver: Thread H-03-G encountered an error: [Errno -3] Temporary failure in name resolution
2025-05-15 11:18:48 | ERROR | PCReceiver: Thread H-03-G encountered an error: [Errno -3] Temporary failure in name resolution
2025-05-15 11:18:51 | WARNING | Device 29725 was not found.
2025-05-15 11:18:51 | WARNING | Device 31049 was not found.
2025-05-15 11:18:51 | WARNING | Device 29373 was not found.
2025-05-15 11:18:51 | WARNING | Device 29498 was not found.
2025-05-15 11:18:51 | WARNING | Device not found in substitute_dict: 29498
2025-05-15 11:18:51 | WARNING | Device 30080 was not found.
2025-05-15 11:18:51 | WARNING | Device not found in substitute_dict: 30080
2025-05-15 11:18:51 | WARNING | Device 30688 was not found.
2025-05-15 11:18:51 | WARNING | Device not found in substitute_dict: 30688
2025-05-15 11:18:51 | WARNING | Device 33711 was not found.
2025-05-15 11:18:51 | WARNING | Device AC000001_1 was not found.
2025-05-15 11:18:51 | WARNING | Device AC000004_1 was not found.
2025-05-15 11:18:51 | WARNING | Device AC000007_1 was not found.
2025-05-15 11:18:51 | WARNING | Device AC000010_1 was not found.
2025-05-15 11:18:51 | WARNING | Device AC000013_1 was not found.
2025-05-15 11:18:51 | WARNING | Device AC000002_1 was not found.
2025-05-15 11:18:51 | WARNING | Device AC000003_1 was not found.
2025-05-15 11:18:51 | WARNING | Device AC000005_1 was not found.
2025-05-15 11:18:51 | WARNING | Device AC000006_1 was not found.
2025-05-15 11:18:51 | WARNING | Device AC000008_1 was not found.
2025-05-15 11:18:51 | WARNING | Device AC000009_1 was not found.
2025-05-15 11:18:51 | WARNING | Device AC000011_1 was not found.
2025-05-15 11:18:51 | WARNING | Device AC000012_1 was not found.
2025-05-15 11:18:51 | WARNING | Device AC000014_1 was not found.
2025-05-15 11:18:51 | WARNING | Device ACEXT001_1 was not found.
2025-05-15 11:18:51 | WARNING | Device ACEXT002_1 was not found.
2025-05-15 11:18:51 | WARNING | Device ACEXT003_1 was not found.
2025-05-15 11:18:51 | WARNING | Device ACEXT004_1 was not found.
2025-05-15 11:18:51 | WARNING | Device VR1UJZKXZKW134851 was not found.
2025-05-15 11:18:51 | WARNING | Device not found in substitute_dict: VR1UJZKXZKW134851
2025-05-15 11:18:56 | ERROR | PCReceiver: Thread H-03-G encountered an error: [Errno -3] Temporary failure in name resolution
2025-05-15 11:19:04 | ERROR | PCReceiver: Thread H-03-G encountered an error: [Errno -3] Temporary failure in name resolution
2025-05-15 11:19:12 | ERROR | PCReceiver: Thread H-03-G encountered an error: [Errno -3] Temporary failure in name resolution
2025-05-15 11:19:22 | ERROR | Failed to insert data: vsgate-s1.dei.isep.ipp.pt:10246: [Errno -3] Temporary failure in name resolution (configured timeouts: socketTimeoutMS: 20000.0ms, connectTimeoutMS: 20000.0ms), Timeout: 5.0s, Topology Description: <TopologyDescription id: 6825cd23a1bbffcbc2ee1f87, topology_type: Single, servers: [<ServerDescription ('vsgate-s1.dei.isep.ipp.pt', 10246) server_type: Unknown, rtt: None, error=AutoReconnect('vsgate-s1.dei.isep.ipp.pt:10246: [Errno -3] Temporary failure in name resolution (configured timeouts: socketTimeoutMS: 20000.0ms, connectTimeoutMS: 20000.0ms)')>]>
2025-05-15 11:19:38 | ERROR | PCReceiver: Thread H-03-G lost connection, attempting to reconnect...
2025-05-15 11:20:46 | ERROR | PCReceiver: Thread H-03-G encountered an error: [Errno -3] Temporary failure in name resolution
2025-05-15 11:20:59 | ERROR | PCReceiver: Thread H-03-G encountered an error: [Errno -3] Temporary failure in name resolution
2025-05-15 11:21:16 | ERROR | PCReceiver: Thread H-03-G lost connection, attempting to reconnect...
2025-05-15 11:21:29 | ERROR | PCReceiver: Thread H-03-G encountered an error: [Errno -3] Temporary failure in name resolution
2025-05-15 11:21:35 | ERROR | PCReceiver: Thread H-03-G encountered an error: [Errno -5] No address associated with hostname
2025-05-15 11:21:49 | ERROR | PCReceiver: Thread H-03-G lost connection, attempting to reconnect...
2025-05-15 11:22:09 | ERROR | PCReceiver: Thread H-03-G lost connection, attempting to reconnect...
2025-05-15 13:39:13 | ERROR | PCReceiver: Thread H-03-G encountered an error: [Errno -3] Temporary failure in name resolution
2025-05-15 13:39:19 | ERROR | PCReceiver: Thread H-03-G encountered an error: [Errno -3] Temporary failure in name resolution
2025-05-15 13:39:27 | ERROR | PCReceiver: Thread H-03-G encountered an error: [Errno -3] Temporary failure in name resolution
2025-05-15 13:39:41 | ERROR | PCReceiver: Thread H-03-G lost connection, attempting to reconnect...
2025-05-15 13:40:02 | ERROR | PCReceiver: Thread H-03-G lost connection, attempting to reconnect...
2025-05-15 13:40:13 | ERROR | PCReceiver: Thread H-03-G encountered an error: [Errno -3] Temporary failure in name resolution
2025-05-15 13:40:21 | ERROR | PCReceiver: Thread H-03-G encountered an error: [Errno -5] No address associated with hostname
2025-05-15 13:40:29 | ERROR | PCReceiver: Thread H-03-G encountered an error: [Errno -3] Temporary failure in name resolution
2025-05-15 13:40:49 | ERROR | PCReceiver: Thread H-03-G lost connection, attempting to reconnect...
2025-05-15 13:45:54 | ERROR | PCReceiver: Thread H-03-G encountered an error: [Errno -3] Temporary failure in name resolution
2025-05-15 13:46:12 | ERROR | PCReceiver: Thread H-03-G encountered an error: [Errno -3] Temporary failure in name resolution
2025-05-15 13:46:18 | ERROR | PCReceiver: Thread H-03-G encountered an error: [Errno -3] Temporary failure in name resolution
2025-05-15 13:46:26 | ERROR | PCReceiver: Thread H-03-G encountered an error: [Errno -3] Temporary failure in name resolution
2025-05-15 13:46:42 | ERROR | EnergyPrice: HTTPSConnectionPool(host='ks.innov.cleanwatts.energy', port=443): Max retries exceeded with url: /api/2.0/consumptions/instant?from=2025-01-05T08:48:00.0&tags=13389 (Caused by NameResolutionError("<urllib3.connection.HTTPSConnection object at 0x7f96a80db970>: Failed to resolve 'ks.innov.cleanwatts.energy' ([Errno -3] Temporary failure in name resolution)"))
2025-05-15 13:46:42 | ERROR | PCReceiver: Thread H-03-G lost connection, attempting to reconnect...
2025-05-15 13:47:01 | ERROR | PCReceiver: Thread H-03-G lost connection, attempting to reconnect...
2025-05-15 13:47:18 | WARNING | Device 29498 was not found.
2025-05-15 13:47:18 | WARNING | Device not found in substitute_dict: 29498
2025-05-15 13:47:18 | WARNING | Device 30080 was not found.
2025-05-15 13:47:18 | WARNING | Device not found in substitute_dict: 30080
2025-05-15 13:47:18 | WARNING | Device 30688 was not found.
2025-05-15 13:47:18 | WARNING | Device not found in substitute_dict: 30688
2025-05-15 13:47:18 | WARNING | Device AC000001_1 was not found.
2025-05-15 13:47:18 | WARNING | Device AC000007_1 was not found.
2025-05-15 13:47:18 | WARNING | Device AC000010_1 was not found.
2025-05-15 13:47:18 | WARNING | Device AC000013_1 was not found.
2025-05-15 13:47:18 | WARNING | Device AC000002_1 was not found.
2025-05-15 13:47:18 | WARNING | Device AC000005_1 was not found.
2025-05-15 13:47:18 | WARNING | Device AC000006_1 was not found.
2025-05-15 13:47:18 | WARNING | Device VR1UJZKXZKW134851 was not found.
2025-05-15 13:47:18 | WARNING | Device AC000011_1 was not found.
2025-05-15 13:47:18 | WARNING | Device not found in substitute_dict: VR1UJZKXZKW134851
2025-05-15 13:47:18 | WARNING | Device AC000012_1 was not found.
2025-05-15 13:47:18 | WARNING | Device AC000014_1 was not found.
2025-05-15 13:47:18 | WARNING | Device ACEXT001_1 was not found.
2025-05-15 13:47:18 | WARNING | Device ACEXT002_1 was not found.
2025-05-15 13:47:18 | WARNING | Device ACEXT003_1 was not found.
2025-05-15 13:47:26 | ERROR | PCReceiver: Thread H-03-G lost connection, attempting to reconnect...
2025-05-15 13:47:27 | ERROR | EnergyPrice: HTTPSConnectionPool(host='ks.innov.cleanwatts.energy', port=443): Max retries exceeded with url: /api/2.0/consumptions/instant?from=2025-01-05T08:48:00.0&tags=13389 (Caused by NameResolutionError("<urllib3.connection.HTTPSConnection object at 0x7f9688556ac0>: Failed to resolve 'ks.innov.cleanwatts.energy' ([Errno -3] Temporary failure in name resolution)"))
2025-05-15 13:50:27 | ERROR | PCReceiver: Thread H-03-G encountered an error: [Errno -3] Temporary failure in name resolution
2025-05-15 13:50:35 | ERROR | PCReceiver: Thread H-03-G encountered an error: [Errno -3] Temporary failure in name resolution
2025-05-15 13:50:48 | ERROR | PCReceiver: Thread H-03-G encountered an error: [Errno -3] Temporary failure in name resolution
2025-05-15 13:50:53 | ERROR | PCReceiver: Thread H-03-G encountered an error: [Errno -3] Temporary failure in name resolution
2025-05-15 13:51:08 | ERROR | PCReceiver: Thread H-03-G lost connection, attempting to reconnect...
2025-05-15 13:51:28 | ERROR | PCReceiver: Thread H-03-G encountered an error: [Errno -3] Temporary failure in name resolution
2025-05-15 13:51:37 | ERROR | PCReceiver: Thread H-03-G encountered an error: [Errno -3] Temporary failure in name resolution
2025-05-15 13:51:48 | ERROR | PCReceiver: Thread H-03-G lost connection, attempting to reconnect...
2025-05-15 13:52:06 | ERROR | PCReceiver: Thread H-03-G encountered an error: [Errno -3] Temporary failure in name resolution
2025-05-15 13:52:14 | ERROR | PCReceiver: Thread H-03-G encountered an error: [Errno -3] Temporary failure in name resolution
2025-05-15 13:52:25 | ERROR | PCReceiver: Thread H-03-G encountered an error: [Errno -3] Temporary failure in name resolution
2025-05-15 13:52:33 | ERROR | PCReceiver: Thread H-03-G encountered an error: [Errno -3] Temporary failure in name resolution
2025-05-15 13:52:41 | ERROR | PCReceiver: Thread H-03-G encountered an error: [Errno -3] Temporary failure in name resolution
2025-05-15 15:02:11 | ERROR | PCReceiver: Thread H-03-G lost connection, attempting to reconnect...
2025-05-15 15:02:11 | ERROR | PCReceiver: Thread ana-house lost connection, attempting to reconnect...
2025-05-15 15:02:18 | ERROR | PCReceiver: Thread H-03-G lost connection, attempting to reconnect...
2025-05-15 15:02:18 | ERROR | PCReceiver: Thread ana-house lost connection, attempting to reconnect...
2025-05-15 15:05:26 | ERROR | EnergyPrice: HTTPSConnectionPool(host='ks.innov.cleanwatts.energy', port=443): Max retries exceeded with url: /api/2.0/consumptions/instant?from=2025-01-05T08:48:00.0&tags=13389 (Caused by NameResolutionError("<urllib3.connection.HTTPSConnection object at 0x7f37f83bf5b0>: Failed to resolve 'ks.innov.cleanwatts.energy' ([Errno -3] Temporary failure in name resolution)"))
2025-05-15 15:08:14 | ERROR | EnergyPrice: HTTPSConnectionPool(host='ks.innov.cleanwatts.energy', port=443): Max retries exceeded with url: /api/2.0/consumptions/instant?from=2025-01-05T08:48:00.0&tags=13389 (Caused by NameResolutionError("<urllib3.connection.HTTPSConnection object at 0x7fcb5c778430>: Failed to resolve 'ks.innov.cleanwatts.energy' ([Errno -5] No address associated with hostname)"))
2025-05-15 15:08:16 | ERROR | EnergyPrice: ('Connection aborted.', RemoteDisconnected('Remote end closed connection without response'))
2025-05-15 15:08:16 | ERROR | EnergyPrice: Unexpected error - Response ended prematurely
2025-05-15 15:08:16 | ERROR | PCReceiver: Thread H-03-G lost connection, attempting to reconnect...
2025-05-15 15:08:16 | ERROR | PCReceiver: Thread ana-house lost connection, attempting to reconnect...
2025-05-15 15:08:21 | ERROR | Failed to insert data: vsgate-s1.dei.isep.ipp.pt:10246: connection closed (configured timeouts: socketTimeoutMS: 20000.0ms, connectTimeoutMS: 20000.0ms), Timeout: 5.0s, Topology Description: <TopologyDescription id: 68260315d86fad5b4625b92f, topology_type: Single, servers: [<ServerDescription ('vsgate-s1.dei.isep.ipp.pt', 10246) server_type: Unknown, rtt: None, error=AutoReconnect('vsgate-s1.dei.isep.ipp.pt:10246: connection closed (configured timeouts: socketTimeoutMS: 20000.0ms, connectTimeoutMS: 20000.0ms)')>]>
2025-05-15 15:18:50 | ERROR | PCReceiver: Thread ana-house lost connection, attempting to reconnect...
2025-05-15 15:18:50 | ERROR | PCReceiver: Thread H-03-G lost connection, attempting to reconnect...
2025-05-15 15:19:03 | ERROR | PCReceiver: Thread ana-house lost connection, attempting to reconnect...
2025-05-15 15:19:03 | ERROR | PCReceiver: Thread H-03-G lost connection, attempting to reconnect...
2025-05-26 16:49:23 | ERROR | PCReceiver: Thread H-03-G lost connection, attempting to reconnect...
2025-05-26 16:49:23 | ERROR | PCReceiver: Thread ana-house lost connection, attempting to reconnect...
2025-05-26 16:49:38 | ERROR | PCReceiver: Thread H-03-G lost connection, attempting to reconnect...
2025-05-26 16:49:38 | ERROR | PCReceiver: Thread ana-house lost connection, attempting to reconnect...
2025-05-26 16:49:55 | ERROR | PCReceiver: Thread H-03-G lost connection, attempting to reconnect...
2025-05-26 16:49:55 | ERROR | PCReceiver: Thread ana-house lost connection, attempting to reconnect...
2025-05-26 16:50:30 | ERROR | Failed to insert data: vsgate-s1.dei.isep.ipp.pt:10246: [Errno -3] Temporary failure in name resolution (configured timeouts: socketTimeoutMS: 20000.0ms, connectTimeoutMS: 20000.0ms), Timeout: 5.0s, Topology Description: <TopologyDescription id: 68349b6bcb5364b9ccfd3e77, topology_type: Unknown, servers: [<ServerDescription ('vsgate-s1.dei.isep.ipp.pt', 10246) server_type: Unknown, rtt: None, error=AutoReconnect('vsgate-s1.dei.isep.ipp.pt:10246: [Errno -3] Temporary failure in name resolution (configured timeouts: socketTimeoutMS: 20000.0ms, connectTimeoutMS: 20000.0ms)')>]>
2025-05-26 16:50:30 | ERROR | Failed to insert data: vsgate-s1.dei.isep.ipp.pt:10246: [Errno -3] Temporary failure in name resolution (configured timeouts: socketTimeoutMS: 20000.0ms, connectTimeoutMS: 20000.0ms), Timeout: 5.0s, Topology Description: <TopologyDescription id: 68349b6bcb5364b9ccfd3e78, topology_type: Unknown, servers: [<ServerDescription ('vsgate-s1.dei.isep.ipp.pt', 10246) server_type: Unknown, rtt: None, error=AutoReconnect('vsgate-s1.dei.isep.ipp.pt:10246: [Errno -3] Temporary failure in name resolution (configured timeouts: socketTimeoutMS: 20000.0ms, connectTimeoutMS: 20000.0ms)')>]>
2025-05-26 16:50:30 | ERROR | Failed to insert data: vsgate-s1.dei.isep.ipp.pt:10246: [Errno -3] Temporary failure in name resolution (configured timeouts: socketTimeoutMS: 20000.0ms, connectTimeoutMS: 20000.0ms), Timeout: 5.0s, Topology Description: <TopologyDescription id: 68349b6bcb5364b9ccfd3e79, topology_type: Unknown, servers: [<ServerDescription ('vsgate-s1.dei.isep.ipp.pt', 10246) server_type: Unknown, rtt: None, error=AutoReconnect('vsgate-s1.dei.isep.ipp.pt:10246: [Errno -3] Temporary failure in name resolution (configured timeouts: socketTimeoutMS: 20000.0ms, connectTimeoutMS: 20000.0ms)')>]>
2025-05-26 16:50:30 | ERROR | Failed to insert data: vsgate-s1.dei.isep.ipp.pt:10246: [Errno -3] Temporary failure in name resolution (configured timeouts: socketTimeoutMS: 20000.0ms, connectTimeoutMS: 20000.0ms), Timeout: 5.0s, Topology Description: <TopologyDescription id: 68349b6bcb5364b9ccfd3e7a, topology_type: Unknown, servers: [<ServerDescription ('vsgate-s1.dei.isep.ipp.pt', 10246) server_type: Unknown, rtt: None, error=AutoReconnect('vsgate-s1.dei.isep.ipp.pt:10246: [Errno -3] Temporary failure in name resolution (configured timeouts: socketTimeoutMS: 20000.0ms, connectTimeoutMS: 20000.0ms)')>]>
2025-05-26 16:50:30 | ERROR | Failed to insert data: vsgate-s1.dei.isep.ipp.pt:10246: [Errno -3] Temporary failure in name resolution (configured timeouts: socketTimeoutMS: 20000.0ms, connectTimeoutMS: 20000.0ms), Timeout: 5.0s, Topology Description: <TopologyDescription id: 68349b6bcb5364b9ccfd3e7b, topology_type: Unknown, servers: [<ServerDescription ('vsgate-s1.dei.isep.ipp.pt', 10246) server_type: Unknown, rtt: None, error=AutoReconnect('vsgate-s1.dei.isep.ipp.pt:10246: [Errno -3] Temporary failure in name resolution (configured timeouts: socketTimeoutMS: 20000.0ms, connectTimeoutMS: 20000.0ms)')>]>
2025-05-26 16:50:30 | ERROR | Failed to insert data: vsgate-s1.dei.isep.ipp.pt:10246: [Errno -3] Temporary failure in name resolution (configured timeouts: socketTimeoutMS: 20000.0ms, connectTimeoutMS: 20000.0ms), Timeout: 5.0s, Topology Description: <TopologyDescription id: 68349b6bcb5364b9ccfd3e7c, topology_type: Unknown, servers: [<ServerDescription ('vsgate-s1.dei.isep.ipp.pt', 10246) server_type: Unknown, rtt: None, error=AutoReconnect('vsgate-s1.dei.isep.ipp.pt:10246: [Errno -3] Temporary failure in name resolution (configured timeouts: socketTimeoutMS: 20000.0ms, connectTimeoutMS: 20000.0ms)')>]>
2025-05-26 16:50:30 | ERROR | Failed to insert data: vsgate-s1.dei.isep.ipp.pt:10246: [Errno -3] Temporary failure in name resolution (configured timeouts: socketTimeoutMS: 20000.0ms, connectTimeoutMS: 20000.0ms), Timeout: 5.0s, Topology Description: <TopologyDescription id: 68349b6bcb5364b9ccfd3e7d, topology_type: Unknown, servers: [<ServerDescription ('vsgate-s1.dei.isep.ipp.pt', 10246) server_type: Unknown, rtt: None, error=AutoReconnect('vsgate-s1.dei.isep.ipp.pt:10246: [Errno -3] Temporary failure in name resolution (configured timeouts: socketTimeoutMS: 20000.0ms, connectTimeoutMS: 20000.0ms)')>]>
2025-05-26 16:50:30 | ERROR | Failed to insert data: vsgate-s1.dei.isep.ipp.pt:10246: [Errno -3] Temporary failure in name resolution (configured timeouts: socketTimeoutMS: 20000.0ms, connectTimeoutMS: 20000.0ms), Timeout: 5.0s, Topology Description: <TopologyDescription id: 68349b6bcb5364b9ccfd3e7e, topology_type: Unknown, servers: [<ServerDescription ('vsgate-s1.dei.isep.ipp.pt', 10246) server_type: Unknown, rtt: None, error=AutoReconnect('vsgate-s1.dei.isep.ipp.pt:10246: [Errno -3] Temporary failure in name resolution (configured timeouts: socketTimeoutMS: 20000.0ms, connectTimeoutMS: 20000.0ms)')>]>
2025-05-26 16:50:30 | ERROR | Failed to insert data: vsgate-s1.dei.isep.ipp.pt:10246: [Errno -3] Temporary failure in name resolution (configured timeouts: socketTimeoutMS: 20000.0ms, connectTimeoutMS: 20000.0ms), Timeout: 5.0s, Topology Description: <TopologyDescription id: 68349b6bcb5364b9ccfd3e7f, topology_type: Unknown, servers: [<ServerDescription ('vsgate-s1.dei.isep.ipp.pt', 10246) server_type: Unknown, rtt: None, error=AutoReconnect('vsgate-s1.dei.isep.ipp.pt:10246: [Errno -3] Temporary failure in name resolution (configured timeouts: socketTimeoutMS: 20000.0ms, connectTimeoutMS: 20000.0ms)')>]>
2025-05-26 16:50:30 | ERROR | Failed to insert data: vsgate-s1.dei.isep.ipp.pt:10246: [Errno -3] Temporary failure in name resolution (configured timeouts: socketTimeoutMS: 20000.0ms, connectTimeoutMS: 20000.0ms), Timeout: 5.0s, Topology Description: <TopologyDescription id: 68349b6bcb5364b9ccfd3e80, topology_type: Unknown, servers: [<ServerDescription ('vsgate-s1.dei.isep.ipp.pt', 10246) server_type: Unknown, rtt: None, error=AutoReconnect('vsgate-s1.dei.isep.ipp.pt:10246: [Errno -3] Temporary failure in name resolution (configured timeouts: socketTimeoutMS: 20000.0ms, connectTimeoutMS: 20000.0ms)')>]>
2025-05-26 16:50:30 | ERROR | Failed to insert data: vsgate-s1.dei.isep.ipp.pt:10246: [Errno -3] Temporary failure in name resolution (configured timeouts: socketTimeoutMS: 20000.0ms, connectTimeoutMS: 20000.0ms), Timeout: 5.0s, Topology Description: <TopologyDescription id: 68349b6bcb5364b9ccfd3e81, topology_type: Unknown, servers: [<ServerDescription ('vsgate-s1.dei.isep.ipp.pt', 10246) server_type: Unknown, rtt: None, error=AutoReconnect('vsgate-s1.dei.isep.ipp.pt:10246: [Errno -3] Temporary failure in name resolution (configured timeouts: socketTimeoutMS: 20000.0ms, connectTimeoutMS: 20000.0ms)')>]>
2025-05-26 16:50:31 | ERROR | Failed to insert data: vsgate-s1.dei.isep.ipp.pt:10246: [Errno -3] Temporary failure in name resolution (configured timeouts: socketTimeoutMS: 20000.0ms, connectTimeoutMS: 20000.0ms), Timeout: 5.0s, Topology Description: <TopologyDescription id: 68349b6bcb5364b9ccfd3e82, topology_type: Unknown, servers: [<ServerDescription ('vsgate-s1.dei.isep.ipp.pt', 10246) server_type: Unknown, rtt: None, error=AutoReconnect('vsgate-s1.dei.isep.ipp.pt:10246: [Errno -3] Temporary failure in name resolution (configured timeouts: socketTimeoutMS: 20000.0ms, connectTimeoutMS: 20000.0ms)')>]>
2025-05-26 16:50:31 | ERROR | Failed to insert data: vsgate-s1.dei.isep.ipp.pt:10246: [Errno -3] Temporary failure in name resolution (configured timeouts: socketTimeoutMS: 20000.0ms, connectTimeoutMS: 20000.0ms), Timeout: 5.0s, Topology Description: <TopologyDescription id: 68349b6bcb5364b9ccfd3e84, topology_type: Unknown, servers: [<ServerDescription ('vsgate-s1.dei.isep.ipp.pt', 10246) server_type: Unknown, rtt: None, error=AutoReconnect('vsgate-s1.dei.isep.ipp.pt:10246: [Errno -3] Temporary failure in name resolution (configured timeouts: socketTimeoutMS: 20000.0ms, connectTimeoutMS: 20000.0ms)')>]>
2025-05-26 16:50:31 | ERROR | Failed to insert data: vsgate-s1.dei.isep.ipp.pt:10246: [Errno -3] Temporary failure in name resolution (configured timeouts: socketTimeoutMS: 20000.0ms, connectTimeoutMS: 20000.0ms), Timeout: 5.0s, Topology Description: <TopologyDescription id: 68349b6bcb5364b9ccfd3e83, topology_type: Unknown, servers: [<ServerDescription ('vsgate-s1.dei.isep.ipp.pt', 10246) server_type: Unknown, rtt: None, error=AutoReconnect('vsgate-s1.dei.isep.ipp.pt:10246: [Errno -3] Temporary failure in name resolution (configured timeouts: socketTimeoutMS: 20000.0ms, connectTimeoutMS: 20000.0ms)')>]>
2025-05-26 16:50:31 | ERROR | Failed to insert data: vsgate-s1.dei.isep.ipp.pt:10246: [Errno -3] Temporary failure in name resolution (configured timeouts: socketTimeoutMS: 20000.0ms, connectTimeoutMS: 20000.0ms), Timeout: 5.0s, Topology Description: <TopologyDescription id: 68349b6bcb5364b9ccfd3e85, topology_type: Unknown, servers: [<ServerDescription ('vsgate-s1.dei.isep.ipp.pt', 10246) server_type: Unknown, rtt: None, error=AutoReconnect('vsgate-s1.dei.isep.ipp.pt:10246: [Errno -3] Temporary failure in name resolution (configured timeouts: socketTimeoutMS: 20000.0ms, connectTimeoutMS: 20000.0ms)')>]>
2025-05-26 16:50:31 | ERROR | Failed to insert data: vsgate-s1.dei.isep.ipp.pt:10246: [Errno -3] Temporary failure in name resolution (configured timeouts: socketTimeoutMS: 20000.0ms, connectTimeoutMS: 20000.0ms), Timeout: 5.0s, Topology Description: <TopologyDescription id: 68349b6bcb5364b9ccfd3e86, topology_type: Unknown, servers: [<ServerDescription ('vsgate-s1.dei.isep.ipp.pt', 10246) server_type: Unknown, rtt: None, error=AutoReconnect('vsgate-s1.dei.isep.ipp.pt:10246: [Errno -3] Temporary failure in name resolution (configured timeouts: socketTimeoutMS: 20000.0ms, connectTimeoutMS: 20000.0ms)')>]>
2025-05-26 16:50:31 | ERROR | Failed to insert data: vsgate-s1.dei.isep.ipp.pt:10246: [Errno -3] Temporary failure in name resolution (configured timeouts: socketTimeoutMS: 20000.0ms, connectTimeoutMS: 20000.0ms), Timeout: 5.0s, Topology Description: <TopologyDescription id: 68349b6ccb5364b9ccfd3e87, topology_type: Unknown, servers: [<ServerDescription ('vsgate-s1.dei.isep.ipp.pt', 10246) server_type: Unknown, rtt: None, error=AutoReconnect('vsgate-s1.dei.isep.ipp.pt:10246: [Errno -3] Temporary failure in name resolution (configured timeouts: socketTimeoutMS: 20000.0ms, connectTimeoutMS: 20000.0ms)')>]>
2025-05-26 16:50:43 | WARNING | Device 29720 was not found.
2025-05-26 16:50:44 | WARNING | Device not found in substitute_dict: 29720
2025-05-26 16:50:44 | WARNING | Device 29725 was not found.
2025-05-26 16:50:44 | WARNING | Device not found in substitute_dict: 29725
2025-05-26 16:50:44 | WARNING | Device 28387 was not found.
2025-05-26 16:50:44 | WARNING | Device not found in substitute_dict: 28387
2025-05-26 16:50:44 | WARNING | Device 30634 was not found.
2025-05-26 16:50:44 | WARNING | Device not found in substitute_dict: 30634
2025-05-26 16:50:44 | WARNING | Device 30642 was not found.
2025-05-26 16:50:44 | WARNING | Device not found in substitute_dict: 30642
2025-05-26 16:50:44 | WARNING | Device 28375 was not found.
2025-05-26 16:50:44 | WARNING | Device not found in substitute_dict: 28375
2025-05-26 16:50:44 | WARNING | Device 29658 was not found.
2025-05-26 16:50:44 | WARNING | Device not found in substitute_dict: 29658
2025-05-26 16:50:44 | WARNING | Device 33423 was not found.
2025-05-26 16:50:44 | WARNING | Device not found in substitute_dict: 33423
2025-05-26 16:50:44 | WARNING | Device 31049 was not found.
2025-05-26 16:50:44 | WARNING | Device not found in substitute_dict: 31049
2025-05-26 16:50:44 | WARNING | Device 31093 was not found.
2025-05-26 16:50:44 | WARNING | Device not found in substitute_dict: 31093
2025-05-26 16:50:44 | WARNING | Device 28386 was not found.
2025-05-26 16:50:44 | WARNING | Device not found in substitute_dict: 28386
2025-05-26 16:50:44 | WARNING | Device 29373 was not found.
2025-05-26 16:50:44 | WARNING | Device not found in substitute_dict: 29373
2025-05-26 16:50:44 | WARNING | Device 29851 was not found.
2025-05-26 16:50:44 | WARNING | Device not found in substitute_dict: 29851
2025-05-26 16:50:44 | WARNING | Device 29498 was not found.
2025-05-26 16:50:44 | WARNING | Device not found in substitute_dict: 29498
2025-05-26 16:50:44 | WARNING | Device 30080 was not found.
2025-05-26 16:50:44 | WARNING | Device not found in substitute_dict: 30080
2025-05-26 16:50:44 | WARNING | Device 29660 was not found.
2025-05-26 16:50:44 | WARNING | Device not found in substitute_dict: 29660
2025-05-26 16:50:44 | WARNING | Device 36766 was not found.
2025-05-26 16:50:44 | WARNING | Device not found in substitute_dict: 36766
2025-05-26 16:50:44 | WARNING | Device 36769 was not found.
2025-05-26 16:50:44 | WARNING | Device not found in substitute_dict: 36769
2025-05-26 16:50:44 | WARNING | Device 30688 was not found.
2025-05-26 16:50:44 | WARNING | Device not found in substitute_dict: 30688
2025-05-26 16:50:44 | WARNING | Device 33682 was not found.
2025-05-26 16:50:44 | WARNING | Device not found in substitute_dict: 33682
2025-05-26 16:50:44 | WARNING | Device 35927 was not found.
2025-05-26 16:50:44 | WARNING | Device not found in substitute_dict: 35927
2025-05-26 16:50:44 | WARNING | Device 33711 was not found.
2025-05-26 16:50:44 | WARNING | Device not found in substitute_dict: 33711
2025-05-26 16:50:44 | WARNING | Device 37208 was not found.
2025-05-26 16:50:44 | WARNING | Device not found in substitute_dict: 37208
2025-05-26 16:50:44 | WARNING | Device 37214 was not found.
2025-05-26 16:50:44 | WARNING | Device not found in substitute_dict: 37214
2025-05-26 16:50:44 | WARNING | Device AC000001_1 was not found.
2025-05-26 16:50:44 | WARNING | Device AC000004_1 was not found.
2025-05-26 16:50:44 | WARNING | Device AC000007_1 was not found.
2025-05-26 16:50:44 | WARNING | Device AC000010_1 was not found.
2025-05-26 16:50:44 | WARNING | Device AC000013_1 was not found.
2025-05-26 16:50:44 | WARNING | Device AC000002_1 was not found.
2025-05-26 16:50:44 | WARNING | Device AC000003_1 was not found.
2025-05-26 16:50:44 | WARNING | Device AC000005_1 was not found.
2025-05-26 16:50:44 | WARNING | Device AC000006_1 was not found.
2025-05-26 16:50:44 | WARNING | Device AC000008_1 was not found.
2025-05-26 16:50:44 | WARNING | Device AC000009_1 was not found.
2025-05-26 16:50:44 | WARNING | Device VR1UJZKXZKW134851 was not found.
2025-05-26 16:50:44 | WARNING | Device AC000011_1 was not found.
2025-05-26 16:50:44 | WARNING | Device not found in substitute_dict: VR1UJZKXZKW134851
2025-05-26 16:50:44 | WARNING | Device AC000012_1 was not found.
2025-05-26 16:50:44 | WARNING | Device AC000014_1 was not found.
2025-05-26 16:50:44 | WARNING | Device ACEXT001_1 was not found.
2025-05-26 16:50:44 | WARNING | Device ACEXT002_1 was not found.
2025-05-26 16:50:44 | WARNING | Device ACEXT003_1 was not found.
2025-05-26 16:50:44 | WARNING | Device ACEXT004_1 was not found.
2025-05-26 16:50:44 | WARNING | Device pctesolate was not found.
2025-05-26 16:50:44 | WARNING | Device not found in substitute_dict: pctesolate
2025-05-26 16:51:24 | ERROR | EnergyPrice: HTTPSConnectionPool(host='ks.innov.cleanwatts.energy', port=443): Max retries exceeded with url: /api/2.0/consumptions/instant?from=2025-01-05T08:48:00.0&tags=13389 (Caused by NameResolutionError("<urllib3.connection.HTTPSConnection object at 0x7fa69c181940>: Failed to resolve 'ks.innov.cleanwatts.energy' ([Errno -3] Temporary failure in name resolution)"))
2025-05-26 16:51:24 | ERROR | EnergyPrice: HTTPSConnectionPool(host='ks.innov.cleanwatts.energy', port=443): Max retries exceeded with url: /api/2.0/consumptions/instant?from=2025-01-05T08:48:00.0&tags=13389 (Caused by NameResolutionError("<urllib3.connection.HTTPSConnection object at 0x7fa69c130730>: Failed to resolve 'ks.innov.cleanwatts.energy' ([Errno -3] Temporary failure in name resolution)"))
2025-05-26 16:51:24 | ERROR | EnergyPrice: HTTPSConnectionPool(host='ks.innov.cleanwatts.energy', port=443): Max retries exceeded with url: /api/2.0/consumptions/instant?from=2025-01-05T08:48:00.0&tags=13389 (Caused by NameResolutionError("<urllib3.connection.HTTPSConnection object at 0x7fa69c126b20>: Failed to resolve 'ks.innov.cleanwatts.energy' ([Errno -3] Temporary failure in name resolution)"))
2025-05-26 16:51:24 | ERROR | EnergyPrice: HTTPSConnectionPool(host='ks.innov.cleanwatts.energy', port=443): Max retries exceeded with url: /api/2.0/consumptions/instant?from=2025-01-05T08:48:00.0&tags=13389 (Caused by NameResolutionError("<urllib3.connection.HTTPSConnection object at 0x7fa69c221460>: Failed to resolve 'ks.innov.cleanwatts.energy' ([Errno -3] Temporary failure in name resolution)"))
2025-05-26 16:51:24 | ERROR | EnergyPrice: HTTPSConnectionPool(host='ks.innov.cleanwatts.energy', port=443): Max retries exceeded with url: /api/2.0/consumptions/instant?from=2025-01-05T08:48:00.0&tags=13389 (Caused by NameResolutionError("<urllib3.connection.HTTPSConnection object at 0x7fa69c213700>: Failed to resolve 'ks.innov.cleanwatts.energy' ([Errno -3] Temporary failure in name resolution)"))
2025-05-26 16:51:24 | ERROR | EnergyPrice: HTTPSConnectionPool(host='ks.innov.cleanwatts.energy', port=443): Max retries exceeded with url: /api/2.0/consumptions/instant?from=2025-01-05T08:48:00.0&tags=13389 (Caused by NameResolutionError("<urllib3.connection.HTTPSConnection object at 0x7fa69c1d89d0>: Failed to resolve 'ks.innov.cleanwatts.energy' ([Errno -3] Temporary failure in name resolution)"))
2025-05-26 16:51:24 | ERROR | EnergyPrice: HTTPSConnectionPool(host='ks.innov.cleanwatts.energy', port=443): Max retries exceeded with url: /api/2.0/consumptions/instant?from=2025-01-05T08:48:00.0&tags=13389 (Caused by NameResolutionError("<urllib3.connection.HTTPSConnection object at 0x7fa69c24a490>: Failed to resolve 'ks.innov.cleanwatts.energy' ([Errno -3] Temporary failure in name resolution)"))
2025-05-26 16:51:24 | ERROR | EnergyPrice: HTTPSConnectionPool(host='ks.innov.cleanwatts.energy', port=443): Max retries exceeded with url: /api/2.0/consumptions/instant?from=2025-01-05T08:48:00.0&tags=13389 (Caused by NameResolutionError("<urllib3.connection.HTTPSConnection object at 0x7fa69c235550>: Failed to resolve 'ks.innov.cleanwatts.energy' ([Errno -3] Temporary failure in name resolution)"))
2025-05-26 16:51:24 | ERROR | EnergyPrice: HTTPSConnectionPool(host='ks.innov.cleanwatts.energy', port=443): Max retries exceeded with url: /api/2.0/consumptions/instant?from=2025-01-05T08:48:00.0&tags=13389 (Caused by NameResolutionError("<urllib3.connection.HTTPSConnection object at 0x7fa69c235220>: Failed to resolve 'ks.innov.cleanwatts.energy' ([Errno -3] Temporary failure in name resolution)"))
2025-05-26 16:51:24 | ERROR | EnergyPrice: HTTPSConnectionPool(host='ks.innov.cleanwatts.energy', port=443): Max retries exceeded with url: /api/2.0/consumptions/instant?from=2025-01-05T08:48:00.0&tags=13389 (Caused by NameResolutionError("<urllib3.connection.HTTPSConnection object at 0x7fa69c172490>: Failed to resolve 'ks.innov.cleanwatts.energy' ([Errno -3] Temporary failure in name resolution)"))
2025-05-26 16:51:24 | ERROR | EnergyPrice: HTTPSConnectionPool(host='ks.innov.cleanwatts.energy', port=443): Max retries exceeded with url: /api/2.0/consumptions/instant?from=2025-01-05T08:48:00.0&tags=13389 (Caused by NameResolutionError("<urllib3.connection.HTTPSConnection object at 0x7fa69c0dbbb0>: Failed to resolve 'ks.innov.cleanwatts.energy' ([Errno -3] Temporary failure in name resolution)"))
2025-05-26 16:51:24 | ERROR | EnergyPrice: HTTPSConnectionPool(host='ks.innov.cleanwatts.energy', port=443): Max retries exceeded with url: /api/2.0/consumptions/instant?from=2025-01-05T08:48:00.0&tags=13389 (Caused by NameResolutionError("<urllib3.connection.HTTPSConnection object at 0x7fa69c11da90>: Failed to resolve 'ks.innov.cleanwatts.energy' ([Errno -3] Temporary failure in name resolution)"))
2025-05-26 16:51:24 | ERROR | EnergyPrice: HTTPSConnectionPool(host='ks.innov.cleanwatts.energy', port=443): Max retries exceeded with url: /api/2.0/consumptions/instant?from=2025-01-05T08:48:00.0&tags=13389 (Caused by NameResolutionError("<urllib3.connection.HTTPSConnection object at 0x7fa69c130dc0>: Failed to resolve 'ks.innov.cleanwatts.energy' ([Errno -3] Temporary failure in name resolution)"))
2025-05-26 16:51:24 | ERROR | EnergyPrice: HTTPSConnectionPool(host='ks.innov.cleanwatts.energy', port=443): Max retries exceeded with url: /api/2.0/consumptions/instant?from=2025-01-05T08:48:00.0&tags=13389 (Caused by NameResolutionError("<urllib3.connection.HTTPSConnection object at 0x7fa69c1a3190>: Failed to resolve 'ks.innov.cleanwatts.energy' ([Errno -3] Temporary failure in name resolution)"))
2025-05-26 16:51:24 | ERROR | EnergyPrice: HTTPSConnectionPool(host='ks.innov.cleanwatts.energy', port=443): Max retries exceeded with url: /api/2.0/consumptions/instant?from=2025-01-05T08:48:00.0&tags=13389 (Caused by NameResolutionError("<urllib3.connection.HTTPSConnection object at 0x7fa69c27f310>: Failed to resolve 'ks.innov.cleanwatts.energy' ([Errno -3] Temporary failure in name resolution)"))
2025-05-26 16:51:24 | ERROR | EnergyPrice: HTTPSConnectionPool(host='ks.innov.cleanwatts.energy', port=443): Max retries exceeded with url: /api/2.0/consumptions/instant?from=2025-01-05T08:48:00.0&tags=13389 (Caused by NameResolutionError("<urllib3.connection.HTTPSConnection object at 0x7fa69c0bb880>: Failed to resolve 'ks.innov.cleanwatts.energy' ([Errno -3] Temporary failure in name resolution)"))
2025-05-26 16:51:24 | ERROR | EnergyPrice: HTTPSConnectionPool(host='ks.innov.cleanwatts.energy', port=443): Max retries exceeded with url: /api/2.0/consumptions/instant?from=2025-01-05T08:48:00.0&tags=13389 (Caused by NameResolutionError("<urllib3.connection.HTTPSConnection object at 0x7fa69c252cd0>: Failed to resolve 'ks.innov.cleanwatts.energy' ([Errno -3] Temporary failure in name resolution)"))
2025-05-26 16:51:29 | ERROR | Failed to insert data: No servers found yet, Timeout: 5.0s, Topology Description: <TopologyDescription id: 68349c0ccb5364b9ccfd3e99, topology_type: Unknown, servers: [<ServerDescription ('vsgate-s1.dei.isep.ipp.pt', 10246) server_type: Unknown, rtt: None>]>
2025-05-26 16:51:29 | ERROR | Failed to insert data: No servers found yet, Timeout: 5.0s, Topology Description: <TopologyDescription id: 68349c0ccb5364b9ccfd3e9b, topology_type: Unknown, servers: [<ServerDescription ('vsgate-s1.dei.isep.ipp.pt', 10246) server_type: Unknown, rtt: None>]>
2025-05-26 16:51:29 | ERROR | Failed to insert data: No servers found yet, Timeout: 5.0s, Topology Description: <TopologyDescription id: 68349c0ccb5364b9ccfd3e9d, topology_type: Unknown, servers: [<ServerDescription ('vsgate-s1.dei.isep.ipp.pt', 10246) server_type: Unknown, rtt: None>]>
2025-05-26 16:51:29 | ERROR | Failed to insert data: No servers found yet, Timeout: 5.0s, Topology Description: <TopologyDescription id: 68349c0ccb5364b9ccfd3e9e, topology_type: Unknown, servers: [<ServerDescription ('vsgate-s1.dei.isep.ipp.pt', 10246) server_type: Unknown, rtt: None>]>
2025-05-26 16:51:29 | ERROR | Failed to insert data: No servers found yet, Timeout: 5.0s, Topology Description: <TopologyDescription id: 68349c0ccb5364b9ccfd3ea1, topology_type: Unknown, servers: [<ServerDescription ('vsgate-s1.dei.isep.ipp.pt', 10246) server_type: Unknown, rtt: None>]>
2025-05-26 16:51:29 | ERROR | Failed to insert data: No servers found yet, Timeout: 5.0s, Topology Description: <TopologyDescription id: 68349c0ccb5364b9ccfd3ea3, topology_type: Unknown, servers: [<ServerDescription ('vsgate-s1.dei.isep.ipp.pt', 10246) server_type: Unknown, rtt: None>]>
2025-05-26 16:51:29 | ERROR | Failed to insert data: No servers found yet, Timeout: 5.0s, Topology Description: <TopologyDescription id: 68349c0ccb5364b9ccfd3ea5, topology_type: Unknown, servers: [<ServerDescription ('vsgate-s1.dei.isep.ipp.pt', 10246) server_type: Unknown, rtt: None>]>
2025-05-26 16:51:29 | ERROR | Failed to insert data: No servers found yet, Timeout: 5.0s, Topology Description: <TopologyDescription id: 68349c0ccb5364b9ccfd3ea7, topology_type: Unknown, servers: [<ServerDescription ('vsgate-s1.dei.isep.ipp.pt', 10246) server_type: Unknown, rtt: None>]>
2025-05-26 16:51:29 | ERROR | Failed to insert data: No servers found yet, Timeout: 5.0s, Topology Description: <TopologyDescription id: 68349c0ccb5364b9ccfd3ea9, topology_type: Unknown, servers: [<ServerDescription ('vsgate-s1.dei.isep.ipp.pt', 10246) server_type: Unknown, rtt: None>]>
2025-05-26 16:51:29 | ERROR | Failed to insert data: No servers found yet, Timeout: 5.0s, Topology Description: <TopologyDescription id: 68349c0ccb5364b9ccfd3eab, topology_type: Unknown, servers: [<ServerDescription ('vsgate-s1.dei.isep.ipp.pt', 10246) server_type: Unknown, rtt: None>]>
2025-05-26 16:51:29 | ERROR | Failed to insert data: No servers found yet, Timeout: 5.0s, Topology Description: <TopologyDescription id: 68349c0ccb5364b9ccfd3eac, topology_type: Unknown, servers: [<ServerDescription ('vsgate-s1.dei.isep.ipp.pt', 10246) server_type: Unknown, rtt: None>]>
2025-05-26 16:51:29 | ERROR | Failed to insert data: No servers found yet, Timeout: 5.0s, Topology Description: <TopologyDescription id: 68349c0ccb5364b9ccfd3eaf, topology_type: Unknown, servers: [<ServerDescription ('vsgate-s1.dei.isep.ipp.pt', 10246) server_type: Unknown, rtt: None>]>
2025-05-26 16:51:29 | ERROR | Failed to insert data: No servers found yet, Timeout: 5.0s, Topology Description: <TopologyDescription id: 68349c0ccb5364b9ccfd3eb1, topology_type: Unknown, servers: [<ServerDescription ('vsgate-s1.dei.isep.ipp.pt', 10246) server_type: Unknown, rtt: None>]>
2025-05-26 16:51:29 | ERROR | Failed to insert data: No servers found yet, Timeout: 5.0s, Topology Description: <TopologyDescription id: 68349c0ccb5364b9ccfd3eb3, topology_type: Unknown, servers: [<ServerDescription ('vsgate-s1.dei.isep.ipp.pt', 10246) server_type: Unknown, rtt: None>]>
2025-05-26 16:51:29 | ERROR | Failed to insert data: No servers found yet, Timeout: 5.0s, Topology Description: <TopologyDescription id: 68349c0ccb5364b9ccfd3eb5, topology_type: Unknown, servers: [<ServerDescription ('vsgate-s1.dei.isep.ipp.pt', 10246) server_type: Unknown, rtt: None>]>
2025-05-26 16:51:29 | ERROR | Failed to insert data: No servers found yet, Timeout: 5.0s, Topology Description: <TopologyDescription id: 68349c0ccb5364b9ccfd3eb6, topology_type: Unknown, servers: [<ServerDescription ('vsgate-s1.dei.isep.ipp.pt', 10246) server_type: Unknown, rtt: None>]>
2025-05-26 16:51:29 | ERROR | Failed to insert data: No servers found yet, Timeout: 5.0s, Topology Description: <TopologyDescription id: 68349c0ccb5364b9ccfd3eb9, topology_type: Unknown, servers: [<ServerDescription ('vsgate-s1.dei.isep.ipp.pt', 10246) server_type: Unknown, rtt: None>]>
2025-05-26 16:51:44 | WARNING | Device 29720 was not found.
2025-05-26 16:51:44 | WARNING | Device not found in substitute_dict: 29720
2025-05-26 16:51:44 | WARNING | Device 29725 was not found.
2025-05-26 16:51:44 | WARNING | Device not found in substitute_dict: 29725
2025-05-26 16:51:44 | WARNING | Device 28387 was not found.
2025-05-26 16:51:44 | WARNING | Device not found in substitute_dict: 28387
2025-05-26 16:51:44 | WARNING | Device 30634 was not found.
2025-05-26 16:51:44 | WARNING | Device not found in substitute_dict: 30634
2025-05-26 16:51:44 | WARNING | Device 30642 was not found.
2025-05-26 16:51:44 | WARNING | Device not found in substitute_dict: 30642
2025-05-26 16:51:44 | WARNING | Device 28375 was not found.
2025-05-26 16:51:44 | WARNING | Device not found in substitute_dict: 28375
2025-05-26 16:51:44 | WARNING | Device 29658 was not found.
2025-05-26 16:51:44 | WARNING | Device not found in substitute_dict: 29658
2025-05-26 16:51:44 | WARNING | Device 33423 was not found.
2025-05-26 16:51:44 | WARNING | Device not found in substitute_dict: 33423
2025-05-26 16:51:44 | WARNING | Device 31049 was not found.
2025-05-26 16:51:44 | WARNING | Device not found in substitute_dict: 31049
2025-05-26 16:51:44 | WARNING | Device 31093 was not found.
2025-05-26 16:51:44 | WARNING | Device not found in substitute_dict: 31093
2025-05-26 16:51:45 | WARNING | Device 28386 was not found.
2025-05-26 16:51:45 | WARNING | Device not found in substitute_dict: 28386
2025-05-26 16:51:45 | WARNING | Device 29373 was not found.
2025-05-26 16:51:45 | WARNING | Device not found in substitute_dict: 29373
2025-05-26 16:51:45 | WARNING | Device 29851 was not found.
2025-05-26 16:51:45 | WARNING | Device not found in substitute_dict: 29851
2025-05-26 16:51:45 | WARNING | Device 29498 was not found.
2025-05-26 16:51:45 | WARNING | Device not found in substitute_dict: 29498
2025-05-26 16:51:45 | WARNING | Device 30080 was not found.
2025-05-26 16:51:45 | WARNING | Device not found in substitute_dict: 30080
2025-05-26 16:51:45 | WARNING | Device 29660 was not found.
2025-05-26 16:51:45 | WARNING | Device not found in substitute_dict: 29660
2025-05-26 16:51:45 | WARNING | Device 36766 was not found.
2025-05-26 16:51:45 | WARNING | Device not found in substitute_dict: 36766
2025-05-26 16:51:45 | WARNING | Device 36769 was not found.
2025-05-26 16:51:45 | WARNING | Device not found in substitute_dict: 36769
2025-05-26 16:51:45 | WARNING | Device 30688 was not found.
2025-05-26 16:51:45 | WARNING | Device not found in substitute_dict: 30688
2025-05-26 16:51:45 | WARNING | Device 33682 was not found.
2025-05-26 16:51:45 | WARNING | Device not found in substitute_dict: 33682
2025-05-26 16:51:45 | WARNING | Device 35927 was not found.
2025-05-26 16:51:45 | WARNING | Device not found in substitute_dict: 35927
2025-05-26 16:51:45 | WARNING | Device 33711 was not found.
2025-05-26 16:51:45 | WARNING | Device not found in substitute_dict: 33711
2025-05-26 16:51:45 | WARNING | Device 37208 was not found.
2025-05-26 16:51:45 | WARNING | Device not found in substitute_dict: 37208
2025-05-26 16:51:45 | WARNING | Device 37214 was not found.
2025-05-26 16:51:45 | WARNING | Device not found in substitute_dict: 37214
2025-05-26 16:51:45 | WARNING | Device AC000001_1 was not found.
2025-05-26 16:51:45 | WARNING | Device AC000004_1 was not found.
2025-05-26 16:51:45 | WARNING | Device AC000007_1 was not found.
2025-05-26 16:51:45 | WARNING | Device AC000010_1 was not found.
2025-05-26 16:51:45 | WARNING | Device AC000013_1 was not found.
2025-05-26 16:51:45 | WARNING | Device AC000002_1 was not found.
2025-05-26 16:51:45 | WARNING | Device AC000003_1 was not found.
2025-05-26 16:51:45 | WARNING | Device AC000005_1 was not found.
2025-05-26 16:51:45 | WARNING | Device AC000006_1 was not found.
2025-05-26 16:51:45 | WARNING | Device AC000008_1 was not found.
2025-05-26 16:51:45 | WARNING | Device AC000009_1 was not found.
2025-05-26 16:51:45 | WARNING | Device AC000011_1 was not found.
2025-05-26 16:51:45 | WARNING | Device AC000012_1 was not found.
2025-05-26 16:51:45 | WARNING | Device VR1UJZKXZKW134851 was not found.
2025-05-26 16:51:45 | WARNING | Device AC000014_1 was not found.
2025-05-26 16:51:45 | WARNING | Device not found in substitute_dict: VR1UJZKXZKW134851
2025-05-26 16:51:45 | WARNING | Device ACEXT001_1 was not found.
2025-05-26 16:51:45 | WARNING | Device ACEXT002_1 was not found.
2025-05-26 16:51:45 | WARNING | Device ACEXT003_1 was not found.
2025-05-26 16:51:45 | WARNING | Device ACEXT004_1 was not found.
2025-05-26 16:51:45 | WARNING | Device pctesolate was not found.
2025-05-26 16:51:45 | WARNING | Device not found in substitute_dict: pctesolate
2025-05-26 16:52:25 | ERROR | EnergyPrice: HTTPSConnectionPool(host='ks.innov.cleanwatts.energy', port=443): Max retries exceeded with url: /api/2.0/consumptions/instant?from=2025-01-05T08:48:00.0&tags=13389 (Caused by NameResolutionError("<urllib3.connection.HTTPSConnection object at 0x7fa69c242dc0>: Failed to resolve 'ks.innov.cleanwatts.energy' ([Errno -3] Temporary failure in name resolution)"))
2025-05-26 16:52:25 | ERROR | EnergyPrice: HTTPSConnectionPool(host='ks.innov.cleanwatts.energy', port=443): Max retries exceeded with url: /api/2.0/consumptions/instant?from=2025-01-05T08:48:00.0&tags=13389 (Caused by NameResolutionError("<urllib3.connection.HTTPSConnection object at 0x7fa69c285670>: Failed to resolve 'ks.innov.cleanwatts.energy' ([Errno -3] Temporary failure in name resolution)"))
2025-05-26 16:52:25 | ERROR | EnergyPrice: HTTPSConnectionPool(host='ks.innov.cleanwatts.energy', port=443): Max retries exceeded with url: /api/2.0/consumptions/instant?from=2025-01-05T08:48:00.0&tags=13389 (Caused by NameResolutionError("<urllib3.connection.HTTPSConnection object at 0x7fa69c24dc40>: Failed to resolve 'ks.innov.cleanwatts.energy' ([Errno -3] Temporary failure in name resolution)"))
2025-05-26 16:52:25 | ERROR | EnergyPrice: HTTPSConnectionPool(host='ks.innov.cleanwatts.energy', port=443): Max retries exceeded with url: /api/2.0/consumptions/instant?from=2025-01-05T08:48:00.0&tags=13389 (Caused by NameResolutionError("<urllib3.connection.HTTPSConnection object at 0x7fa69c2b5d30>: Failed to resolve 'ks.innov.cleanwatts.energy' ([Errno -3] Temporary failure in name resolution)"))
2025-05-26 16:52:25 | ERROR | EnergyPrice: HTTPSConnectionPool(host='ks.innov.cleanwatts.energy', port=443): Max retries exceeded with url: /api/2.0/consumptions/instant?from=2025-01-05T08:48:00.0&tags=13389 (Caused by NameResolutionError("<urllib3.connection.HTTPSConnection object at 0x7fa69c1d8a60>: Failed to resolve 'ks.innov.cleanwatts.energy' ([Errno -3] Temporary failure in name resolution)"))
2025-05-26 16:52:25 | ERROR | EnergyPrice: HTTPSConnectionPool(host='ks.innov.cleanwatts.energy', port=443): Max retries exceeded with url: /api/2.0/consumptions/instant?from=2025-01-05T08:48:00.0&tags=13389 (Caused by NameResolutionError("<urllib3.connection.HTTPSConnection object at 0x7fa69c252b20>: Failed to resolve 'ks.innov.cleanwatts.energy' ([Errno -3] Temporary failure in name resolution)"))
2025-05-26 16:52:25 | ERROR | EnergyPrice: HTTPSConnectionPool(host='ks.innov.cleanwatts.energy', port=443): Max retries exceeded with url: /api/2.0/consumptions/instant?from=2025-01-05T08:48:00.0&tags=13389 (Caused by NameResolutionError("<urllib3.connection.HTTPSConnection object at 0x7fa69c269d60>: Failed to resolve 'ks.innov.cleanwatts.energy' ([Errno -3] Temporary failure in name resolution)"))
2025-05-26 16:52:25 | ERROR | EnergyPrice: HTTPSConnectionPool(host='ks.innov.cleanwatts.energy', port=443): Max retries exceeded with url: /api/2.0/consumptions/instant?from=2025-01-05T08:48:00.0&tags=13389 (Caused by NameResolutionError("<urllib3.connection.HTTPSConnection object at 0x7fa69cae39d0>: Failed to resolve 'ks.innov.cleanwatts.energy' ([Errno -3] Temporary failure in name resolution)"))
2025-05-26 16:52:25 | ERROR | EnergyPrice: HTTPSConnectionPool(host='ks.innov.cleanwatts.energy', port=443): Max retries exceeded with url: /api/2.0/consumptions/instant?from=2025-01-05T08:48:00.0&tags=13389 (Caused by NameResolutionError("<urllib3.connection.HTTPSConnection object at 0x7fa69c265700>: Failed to resolve 'ks.innov.cleanwatts.energy' ([Errno -3] Temporary failure in name resolution)"))
2025-05-26 16:52:25 | ERROR | EnergyPrice: HTTPSConnectionPool(host='ks.innov.cleanwatts.energy', port=443): Max retries exceeded with url: /api/2.0/consumptions/instant?from=2025-01-05T08:48:00.0&tags=13389 (Caused by NameResolutionError("<urllib3.connection.HTTPSConnection object at 0x7fa69c1d89a0>: Failed to resolve 'ks.innov.cleanwatts.energy' ([Errno -3] Temporary failure in name resolution)"))
2025-05-26 16:52:25 | ERROR | EnergyPrice: HTTPSConnectionPool(host='ks.innov.cleanwatts.energy', port=443): Max retries exceeded with url: /api/2.0/consumptions/instant?from=2025-01-05T08:48:00.0&tags=13389 (Caused by NameResolutionError("<urllib3.connection.HTTPSConnection object at 0x7fa69eb3b130>: Failed to resolve 'ks.innov.cleanwatts.energy' ([Errno -3] Temporary failure in name resolution)"))
2025-05-26 16:52:25 | ERROR | EnergyPrice: HTTPSConnectionPool(host='ks.innov.cleanwatts.energy', port=443): Max retries exceeded with url: /api/2.0/consumptions/instant?from=2025-01-05T08:48:00.0&tags=13389 (Caused by NameResolutionError("<urllib3.connection.HTTPSConnection object at 0x7fa69c2a1460>: Failed to resolve 'ks.innov.cleanwatts.energy' ([Errno -3] Temporary failure in name resolution)"))
2025-05-26 16:52:25 | ERROR | EnergyPrice: HTTPSConnectionPool(host='ks.innov.cleanwatts.energy', port=443): Max retries exceeded with url: /api/2.0/consumptions/instant?from=2025-01-05T08:48:00.0&tags=13389 (Caused by NameResolutionError("<urllib3.connection.HTTPSConnection object at 0x7fa69eb3b880>: Failed to resolve 'ks.innov.cleanwatts.energy' ([Errno -3] Temporary failure in name resolution)"))
2025-05-26 16:52:25 | ERROR | EnergyPrice: HTTPSConnectionPool(host='ks.innov.cleanwatts.energy', port=443): Max retries exceeded with url: /api/2.0/consumptions/instant?from=2025-01-05T08:48:00.0&tags=13389 (Caused by NameResolutionError("<urllib3.connection.HTTPSConnection object at 0x7fa69c2651c0>: Failed to resolve 'ks.innov.cleanwatts.energy' ([Errno -3] Temporary failure in name resolution)"))
2025-05-26 16:52:25 | ERROR | EnergyPrice: HTTPSConnectionPool(host='ks.innov.cleanwatts.energy', port=443): Max retries exceeded with url: /api/2.0/consumptions/instant?from=2025-01-05T08:48:00.0&tags=13389 (Caused by NameResolutionError("<urllib3.connection.HTTPSConnection object at 0x7fa69f4a2be0>: Failed to resolve 'ks.innov.cleanwatts.energy' ([Errno -3] Temporary failure in name resolution)"))
2025-05-26 16:52:25 | ERROR | EnergyPrice: HTTPSConnectionPool(host='ks.innov.cleanwatts.energy', port=443): Max retries exceeded with url: /api/2.0/consumptions/instant?from=2025-01-05T08:48:00.0&tags=13389 (Caused by NameResolutionError("<urllib3.connection.HTTPSConnection object at 0x7fa69c235670>: Failed to resolve 'ks.innov.cleanwatts.energy' ([Errno -3] Temporary failure in name resolution)"))
2025-05-26 16:52:25 | ERROR | EnergyPrice: HTTPSConnectionPool(host='ks.innov.cleanwatts.energy', port=443): Max retries exceeded with url: /api/2.0/consumptions/instant?from=2025-01-05T08:48:00.0&tags=13389 (Caused by NameResolutionError("<urllib3.connection.HTTPSConnection object at 0x7fa69c261ac0>: Failed to resolve 'ks.innov.cleanwatts.energy' ([Errno -3] Temporary failure in name resolution)"))
2025-05-26 16:52:30 | ERROR | Failed to insert data: No servers found yet, Timeout: 5.0s, Topology Description: <TopologyDescription id: 68349c49cb5364b9ccfd3ebb, topology_type: Unknown, servers: [<ServerDescription ('vsgate-s1.dei.isep.ipp.pt', 10246) server_type: Unknown, rtt: None>]>
2025-05-26 16:52:30 | ERROR | Failed to insert data: No servers found yet, Timeout: 5.0s, Topology Description: <TopologyDescription id: 68349c49cb5364b9ccfd3ebd, topology_type: Unknown, servers: [<ServerDescription ('vsgate-s1.dei.isep.ipp.pt', 10246) server_type: Unknown, rtt: None>]>
2025-05-26 16:52:30 | ERROR | Failed to insert data: No servers found yet, Timeout: 5.0s, Topology Description: <TopologyDescription id: 68349c49cb5364b9ccfd3ebf, topology_type: Unknown, servers: [<ServerDescription ('vsgate-s1.dei.isep.ipp.pt', 10246) server_type: Unknown, rtt: None>]>
2025-05-26 16:52:30 | ERROR | Failed to insert data: No servers found yet, Timeout: 5.0s, Topology Description: <TopologyDescription id: 68349c49cb5364b9ccfd3ec1, topology_type: Unknown, servers: [<ServerDescription ('vsgate-s1.dei.isep.ipp.pt', 10246) server_type: Unknown, rtt: None>]>
2025-05-26 16:52:30 | ERROR | Failed to insert data: No servers found yet, Timeout: 5.0s, Topology Description: <TopologyDescription id: 68349c49cb5364b9ccfd3ec3, topology_type: Unknown, servers: [<ServerDescription ('vsgate-s1.dei.isep.ipp.pt', 10246) server_type: Unknown, rtt: None>]>
2025-05-26 16:52:30 | ERROR | Failed to insert data: No servers found yet, Timeout: 5.0s, Topology Description: <TopologyDescription id: 68349c49cb5364b9ccfd3ec5, topology_type: Unknown, servers: [<ServerDescription ('vsgate-s1.dei.isep.ipp.pt', 10246) server_type: Unknown, rtt: None>]>
2025-05-26 16:52:30 | ERROR | Failed to insert data: No servers found yet, Timeout: 5.0s, Topology Description: <TopologyDescription id: 68349c49cb5364b9ccfd3ec7, topology_type: Unknown, servers: [<ServerDescription ('vsgate-s1.dei.isep.ipp.pt', 10246) server_type: Unknown, rtt: None>]>
2025-05-26 16:52:30 | ERROR | Failed to insert data: No servers found yet, Timeout: 5.0s, Topology Description: <TopologyDescription id: 68349c49cb5364b9ccfd3ec9, topology_type: Unknown, servers: [<ServerDescription ('vsgate-s1.dei.isep.ipp.pt', 10246) server_type: Unknown, rtt: None>]>
2025-05-26 16:52:30 | ERROR | Failed to insert data: No servers found yet, Timeout: 5.0s, Topology Description: <TopologyDescription id: 68349c49cb5364b9ccfd3ecb, topology_type: Unknown, servers: [<ServerDescription ('vsgate-s1.dei.isep.ipp.pt', 10246) server_type: Unknown, rtt: None>]>
2025-05-26 16:52:30 | ERROR | Failed to insert data: No servers found yet, Timeout: 5.0s, Topology Description: <TopologyDescription id: 68349c49cb5364b9ccfd3ecd, topology_type: Unknown, servers: [<ServerDescription ('vsgate-s1.dei.isep.ipp.pt', 10246) server_type: Unknown, rtt: None>]>
2025-05-26 16:52:30 | ERROR | Failed to insert data: No servers found yet, Timeout: 5.0s, Topology Description: <TopologyDescription id: 68349c49cb5364b9ccfd3ecf, topology_type: Unknown, servers: [<ServerDescription ('vsgate-s1.dei.isep.ipp.pt', 10246) server_type: Unknown, rtt: None>]>
2025-05-26 16:52:30 | ERROR | Failed to insert data: No servers found yet, Timeout: 5.0s, Topology Description: <TopologyDescription id: 68349c49cb5364b9ccfd3ed1, topology_type: Unknown, servers: [<ServerDescription ('vsgate-s1.dei.isep.ipp.pt', 10246) server_type: Unknown, rtt: None>]>
2025-05-26 16:52:30 | ERROR | Failed to insert data: No servers found yet, Timeout: 5.0s, Topology Description: <TopologyDescription id: 68349c49cb5364b9ccfd3ed3, topology_type: Unknown, servers: [<ServerDescription ('vsgate-s1.dei.isep.ipp.pt', 10246) server_type: Unknown, rtt: None>]>
2025-05-26 16:52:30 | ERROR | Failed to insert data: No servers found yet, Timeout: 5.0s, Topology Description: <TopologyDescription id: 68349c49cb5364b9ccfd3ed5, topology_type: Unknown, servers: [<ServerDescription ('vsgate-s1.dei.isep.ipp.pt', 10246) server_type: Unknown, rtt: None>]>
2025-05-26 16:52:30 | ERROR | Failed to insert data: No servers found yet, Timeout: 5.0s, Topology Description: <TopologyDescription id: 68349c49cb5364b9ccfd3ed7, topology_type: Unknown, servers: [<ServerDescription ('vsgate-s1.dei.isep.ipp.pt', 10246) server_type: Unknown, rtt: None>]>
2025-05-26 16:52:30 | ERROR | Failed to insert data: No servers found yet, Timeout: 5.0s, Topology Description: <TopologyDescription id: 68349c49cb5364b9ccfd3ed8, topology_type: Unknown, servers: [<ServerDescription ('vsgate-s1.dei.isep.ipp.pt', 10246) server_type: Unknown, rtt: None>]>
2025-05-26 16:52:30 | ERROR | Failed to insert data: No servers found yet, Timeout: 5.0s, Topology Description: <TopologyDescription id: 68349c49cb5364b9ccfd3ed9, topology_type: Unknown, servers: [<ServerDescription ('vsgate-s1.dei.isep.ipp.pt', 10246) server_type: Unknown, rtt: None>]>
2025-05-26 16:52:45 | WARNING | Device 29720 was not found.
2025-05-26 16:52:45 | WARNING | Device not found in substitute_dict: 29720
2025-05-26 16:52:45 | WARNING | Device 29725 was not found.
2025-05-26 16:52:45 | WARNING | Device not found in substitute_dict: 29725
2025-05-26 16:52:45 | WARNING | Device 28387 was not found.
2025-05-26 16:52:45 | WARNING | Device not found in substitute_dict: 28387
2025-05-26 16:52:45 | WARNING | Device 30634 was not found.
2025-05-26 16:52:45 | WARNING | Device not found in substitute_dict: 30634
2025-05-26 16:52:45 | WARNING | Device 30642 was not found.
2025-05-26 16:52:45 | WARNING | Device not found in substitute_dict: 30642
2025-05-26 16:52:45 | WARNING | Device 28375 was not found.
2025-05-26 16:52:45 | WARNING | Device not found in substitute_dict: 28375
2025-05-26 16:52:45 | WARNING | Device 29658 was not found.
2025-05-26 16:52:45 | WARNING | Device not found in substitute_dict: 29658
2025-05-26 16:52:45 | WARNING | Device 33423 was not found.
2025-05-26 16:52:45 | WARNING | Device not found in substitute_dict: 33423
2025-05-26 16:52:45 | WARNING | Device 31049 was not found.
2025-05-26 16:52:45 | WARNING | Device not found in substitute_dict: 31049
2025-05-26 16:52:45 | WARNING | Device 31093 was not found.
2025-05-26 16:52:45 | WARNING | Device not found in substitute_dict: 31093
2025-05-26 16:52:45 | WARNING | Device 28386 was not found.
2025-05-26 16:52:45 | WARNING | Device not found in substitute_dict: 28386
2025-05-26 16:52:45 | WARNING | Device 29373 was not found.
2025-05-26 16:52:45 | WARNING | Device not found in substitute_dict: 29373
2025-05-26 16:52:45 | WARNING | Device 29851 was not found.
2025-05-26 16:52:45 | WARNING | Device not found in substitute_dict: 29851
2025-05-26 16:52:45 | WARNING | Device 29498 was not found.
2025-05-26 16:52:45 | WARNING | Device not found in substitute_dict: 29498
2025-05-26 16:52:45 | WARNING | Device 30080 was not found.
2025-05-26 16:52:45 | WARNING | Device not found in substitute_dict: 30080
2025-05-26 16:52:45 | WARNING | Device 29660 was not found.
2025-05-26 16:52:45 | WARNING | Device not found in substitute_dict: 29660
2025-05-26 16:52:45 | WARNING | Device 36766 was not found.
2025-05-26 16:52:45 | WARNING | Device not found in substitute_dict: 36766
2025-05-26 16:52:45 | WARNING | Device 36769 was not found.
2025-05-26 16:52:45 | WARNING | Device not found in substitute_dict: 36769
2025-05-26 16:52:45 | WARNING | Device 30688 was not found.
2025-05-26 16:52:45 | WARNING | Device not found in substitute_dict: 30688
2025-05-26 16:52:45 | WARNING | Device 33682 was not found.
2025-05-26 16:52:45 | WARNING | Device not found in substitute_dict: 33682
2025-05-26 16:52:45 | WARNING | Device 35927 was not found.
2025-05-26 16:52:45 | WARNING | Device not found in substitute_dict: 35927
2025-05-26 16:52:45 | WARNING | Device 33711 was not found.
2025-05-26 16:52:45 | WARNING | Device not found in substitute_dict: 33711
2025-05-26 16:52:45 | WARNING | Device 37208 was not found.
2025-05-26 16:52:45 | WARNING | Device not found in substitute_dict: 37208
2025-05-26 16:52:45 | WARNING | Device 37214 was not found.
2025-05-26 16:52:45 | WARNING | Device not found in substitute_dict: 37214
2025-05-26 16:52:45 | WARNING | Device AC000001_1 was not found.
2025-05-26 16:52:45 | WARNING | Device AC000004_1 was not found.
2025-05-26 16:52:45 | WARNING | Device AC000007_1 was not found.
2025-05-26 16:52:45 | WARNING | Device AC000010_1 was not found.
2025-05-26 16:52:45 | WARNING | Device AC000013_1 was not found.
2025-05-26 16:52:45 | WARNING | Device AC000002_1 was not found.
2025-05-26 16:52:45 | WARNING | Device AC000003_1 was not found.
2025-05-26 16:52:45 | WARNING | Device AC000005_1 was not found.
2025-05-26 16:52:45 | WARNING | Device AC000006_1 was not found.
2025-05-26 16:52:45 | WARNING | Device AC000008_1 was not found.
2025-05-26 16:52:45 | WARNING | Device AC000009_1 was not found.
2025-05-26 16:52:45 | WARNING | Device VR1UJZKXZKW134851 was not found.
2025-05-26 16:52:45 | WARNING | Device AC000011_1 was not found.
2025-05-26 16:52:45 | WARNING | Device not found in substitute_dict: VR1UJZKXZKW134851
2025-05-26 16:52:45 | WARNING | Device AC000012_1 was not found.
2025-05-26 16:52:45 | WARNING | Device AC000014_1 was not found.
2025-05-26 16:52:45 | WARNING | Device ACEXT001_1 was not found.
2025-05-26 16:52:45 | WARNING | Device ACEXT002_1 was not found.
2025-05-26 16:52:45 | WARNING | Device ACEXT003_1 was not found.
2025-05-26 16:52:45 | WARNING | Device pctesolate was not found.
2025-05-26 16:52:45 | WARNING | Device ACEXT004_1 was not found.
2025-05-26 16:52:45 | WARNING | Device not found in substitute_dict: pctesolate
2025-05-26 16:53:25 | ERROR | EnergyPrice: HTTPSConnectionPool(host='ks.innov.cleanwatts.energy', port=443): Max retries exceeded with url: /api/2.0/consumptions/instant?from=2025-01-05T08:48:00.0&tags=13389 (Caused by NameResolutionError("<urllib3.connection.HTTPSConnection object at 0x7fa69c278be0>: Failed to resolve 'ks.innov.cleanwatts.energy' ([Errno -3] Temporary failure in name resolution)"))
2025-05-26 16:53:25 | ERROR | EnergyPrice: HTTPSConnectionPool(host='ks.innov.cleanwatts.energy', port=443): Max retries exceeded with url: /api/2.0/consumptions/instant?from=2025-01-05T08:48:00.0&tags=13389 (Caused by NameResolutionError("<urllib3.connection.HTTPSConnection object at 0x7fa69c285d00>: Failed to resolve 'ks.innov.cleanwatts.energy' ([Errno -3] Temporary failure in name resolution)"))
2025-05-26 16:53:25 | ERROR | EnergyPrice: HTTPSConnectionPool(host='ks.innov.cleanwatts.energy', port=443): Max retries exceeded with url: /api/2.0/consumptions/instant?from=2025-01-05T08:48:00.0&tags=13389 (Caused by NameResolutionError("<urllib3.connection.HTTPSConnection object at 0x7fa69c2850d0>: Failed to resolve 'ks.innov.cleanwatts.energy' ([Errno -3] Temporary failure in name resolution)"))
2025-05-26 16:53:25 | ERROR | EnergyPrice: HTTPSConnectionPool(host='ks.innov.cleanwatts.energy', port=443): Max retries exceeded with url: /api/2.0/consumptions/instant?from=2025-01-05T08:48:00.0&tags=13389 (Caused by NameResolutionError("<urllib3.connection.HTTPSConnection object at 0x7fa69eb3beb0>: Failed to resolve 'ks.innov.cleanwatts.energy' ([Errno -3] Temporary failure in name resolution)"))
2025-05-26 16:53:25 | ERROR | EnergyPrice: HTTPSConnectionPool(host='ks.innov.cleanwatts.energy', port=443): Max retries exceeded with url: /api/2.0/consumptions/instant?from=2025-01-05T08:48:00.0&tags=13389 (Caused by NameResolutionError("<urllib3.connection.HTTPSConnection object at 0x7fa69c2352b0>: Failed to resolve 'ks.innov.cleanwatts.energy' ([Errno -3] Temporary failure in name resolution)"))
2025-05-26 16:53:25 | ERROR | EnergyPrice: HTTPSConnectionPool(host='ks.innov.cleanwatts.energy', port=443): Max retries exceeded with url: /api/2.0/consumptions/instant?from=2025-01-05T08:48:00.0&tags=13389 (Caused by NameResolutionError("<urllib3.connection.HTTPSConnection object at 0x7fa69c269130>: Failed to resolve 'ks.innov.cleanwatts.energy' ([Errno -3] Temporary failure in name resolution)"))
2025-05-26 16:53:25 | ERROR | EnergyPrice: HTTPSConnectionPool(host='ks.innov.cleanwatts.energy', port=443): Max retries exceeded with url: /api/2.0/consumptions/instant?from=2025-01-05T08:48:00.0&tags=13389 (Caused by NameResolutionError("<urllib3.connection.HTTPSConnection object at 0x7fa69c221610>: Failed to resolve 'ks.innov.cleanwatts.energy' ([Errno -3] Temporary failure in name resolution)"))
2025-05-26 16:53:25 | ERROR | EnergyPrice: HTTPSConnectionPool(host='ks.innov.cleanwatts.energy', port=443): Max retries exceeded with url: /api/2.0/consumptions/instant?from=2025-01-05T08:48:00.0&tags=13389 (Caused by NameResolutionError("<urllib3.connection.HTTPSConnection object at 0x7fa69c226610>: Failed to resolve 'ks.innov.cleanwatts.energy' ([Errno -3] Temporary failure in name resolution)"))
2025-05-26 16:53:25 | ERROR | EnergyPrice: HTTPSConnectionPool(host='ks.innov.cleanwatts.energy', port=443): Max retries exceeded with url: /api/2.0/consumptions/instant?from=2025-01-05T08:48:00.0&tags=13389 (Caused by NameResolutionError("<urllib3.connection.HTTPSConnection object at 0x7fa69caf27c0>: Failed to resolve 'ks.innov.cleanwatts.energy' ([Errno -3] Temporary failure in name resolution)"))
2025-05-26 16:53:25 | ERROR | EnergyPrice: HTTPSConnectionPool(host='ks.innov.cleanwatts.energy', port=443): Max retries exceeded with url: /api/2.0/consumptions/instant?from=2025-01-05T08:48:00.0&tags=13389 (Caused by NameResolutionError("<urllib3.connection.HTTPSConnection object at 0x7fa69c261310>: Failed to resolve 'ks.innov.cleanwatts.energy' ([Errno -3] Temporary failure in name resolution)"))
2025-05-26 16:53:25 | ERROR | EnergyPrice: HTTPSConnectionPool(host='ks.innov.cleanwatts.energy', port=443): Max retries exceeded with url: /api/2.0/consumptions/instant?from=2025-01-05T08:48:00.0&tags=13389 (Caused by NameResolutionError("<urllib3.connection.HTTPSConnection object at 0x7fa69c2905e0>: Failed to resolve 'ks.innov.cleanwatts.energy' ([Errno -3] Temporary failure in name resolution)"))
2025-05-26 16:53:25 | ERROR | EnergyPrice: HTTPSConnectionPool(host='ks.innov.cleanwatts.energy', port=443): Max retries exceeded with url: /api/2.0/consumptions/instant?from=2025-01-05T08:48:00.0&tags=13389 (Caused by NameResolutionError("<urllib3.connection.HTTPSConnection object at 0x7fa6a08286a0>: Failed to resolve 'ks.innov.cleanwatts.energy' ([Errno -3] Temporary failure in name resolution)"))
2025-05-26 16:53:25 | ERROR | EnergyPrice: HTTPSConnectionPool(host='ks.innov.cleanwatts.energy', port=443): Max retries exceeded with url: /api/2.0/consumptions/instant?from=2025-01-05T08:48:00.0&tags=13389 (Caused by NameResolutionError("<urllib3.connection.HTTPSConnection object at 0x7fa69cae3c70>: Failed to resolve 'ks.innov.cleanwatts.energy' ([Errno -3] Temporary failure in name resolution)"))
2025-05-26 16:53:25 | ERROR | EnergyPrice: HTTPSConnectionPool(host='ks.innov.cleanwatts.energy', port=443): Max retries exceeded with url: /api/2.0/consumptions/instant?from=2025-01-05T08:48:00.0&tags=13389 (Caused by NameResolutionError("<urllib3.connection.HTTPSConnection object at 0x7fa69c2698e0>: Failed to resolve 'ks.innov.cleanwatts.energy' ([Errno -3] Temporary failure in name resolution)"))
2025-05-26 16:53:26 | ERROR | EnergyPrice: HTTPSConnectionPool(host='ks.innov.cleanwatts.energy', port=443): Max retries exceeded with url: /api/2.0/consumptions/instant?from=2025-01-05T08:48:00.0&tags=13389 (Caused by NameResolutionError("<urllib3.connection.HTTPSConnection object at 0x7fa69c218c70>: Failed to resolve 'ks.innov.cleanwatts.energy' ([Errno -3] Temporary failure in name resolution)"))
2025-05-26 16:53:26 | ERROR | EnergyPrice: HTTPSConnectionPool(host='ks.innov.cleanwatts.energy', port=443): Max retries exceeded with url: /api/2.0/consumptions/instant?from=2025-01-05T08:48:00.0&tags=13389 (Caused by NameResolutionError("<urllib3.connection.HTTPSConnection object at 0x7fa69c13ce20>: Failed to resolve 'ks.innov.cleanwatts.energy' ([Errno -3] Temporary failure in name resolution)"))
2025-05-26 16:53:26 | ERROR | EnergyPrice: HTTPSConnectionPool(host='ks.innov.cleanwatts.energy', port=443): Max retries exceeded with url: /api/2.0/consumptions/instant?from=2025-01-05T08:48:00.0&tags=13389 (Caused by NameResolutionError("<urllib3.connection.HTTPSConnection object at 0x7fa69c265fd0>: Failed to resolve 'ks.innov.cleanwatts.energy' ([Errno -3] Temporary failure in name resolution)"))
2025-05-26 16:53:30 | ERROR | Failed to insert data: No servers found yet, Timeout: 5.0s, Topology Description: <TopologyDescription id: 68349c85cb5364b9ccfd3edd, topology_type: Unknown, servers: [<ServerDescription ('vsgate-s1.dei.isep.ipp.pt', 10246) server_type: Unknown, rtt: None>]>
2025-05-26 16:53:30 | ERROR | Failed to insert data: No servers found yet, Timeout: 5.0s, Topology Description: <TopologyDescription id: 68349c85cb5364b9ccfd3edf, topology_type: Unknown, servers: [<ServerDescription ('vsgate-s1.dei.isep.ipp.pt', 10246) server_type: Unknown, rtt: None>]>
2025-05-26 16:53:30 | ERROR | Failed to insert data: No servers found yet, Timeout: 5.0s, Topology Description: <TopologyDescription id: 68349c85cb5364b9ccfd3ee1, topology_type: Unknown, servers: [<ServerDescription ('vsgate-s1.dei.isep.ipp.pt', 10246) server_type: Unknown, rtt: None>]>
2025-05-26 16:53:30 | ERROR | Failed to insert data: No servers found yet, Timeout: 5.0s, Topology Description: <TopologyDescription id: 68349c85cb5364b9ccfd3ee3, topology_type: Unknown, servers: [<ServerDescription ('vsgate-s1.dei.isep.ipp.pt', 10246) server_type: Unknown, rtt: None>]>
2025-05-26 16:53:30 | ERROR | Failed to insert data: No servers found yet, Timeout: 5.0s, Topology Description: <TopologyDescription id: 68349c85cb5364b9ccfd3ee5, topology_type: Unknown, servers: [<ServerDescription ('vsgate-s1.dei.isep.ipp.pt', 10246) server_type: Unknown, rtt: None>]>
2025-05-26 16:53:30 | ERROR | Failed to insert data: No servers found yet, Timeout: 5.0s, Topology Description: <TopologyDescription id: 68349c85cb5364b9ccfd3ee7, topology_type: Unknown, servers: [<ServerDescription ('vsgate-s1.dei.isep.ipp.pt', 10246) server_type: Unknown, rtt: None>]>
2025-05-26 16:53:30 | ERROR | Failed to insert data: No servers found yet, Timeout: 5.0s, Topology Description: <TopologyDescription id: 68349c85cb5364b9ccfd3ee9, topology_type: Unknown, servers: [<ServerDescription ('vsgate-s1.dei.isep.ipp.pt', 10246) server_type: Unknown, rtt: None>]>
2025-05-26 16:53:30 | ERROR | Failed to insert data: No servers found yet, Timeout: 5.0s, Topology Description: <TopologyDescription id: 68349c85cb5364b9ccfd3eeb, topology_type: Unknown, servers: [<ServerDescription ('vsgate-s1.dei.isep.ipp.pt', 10246) server_type: Unknown, rtt: None>]>
2025-05-26 16:53:30 | ERROR | Failed to insert data: No servers found yet, Timeout: 5.0s, Topology Description: <TopologyDescription id: 68349c85cb5364b9ccfd3eed, topology_type: Unknown, servers: [<ServerDescription ('vsgate-s1.dei.isep.ipp.pt', 10246) server_type: Unknown, rtt: None>]>
2025-05-26 16:53:30 | ERROR | Failed to insert data: No servers found yet, Timeout: 5.0s, Topology Description: <TopologyDescription id: 68349c85cb5364b9ccfd3eef, topology_type: Unknown, servers: [<ServerDescription ('vsgate-s1.dei.isep.ipp.pt', 10246) server_type: Unknown, rtt: None>]>
2025-05-26 16:53:30 | ERROR | Failed to insert data: No servers found yet, Timeout: 5.0s, Topology Description: <TopologyDescription id: 68349c85cb5364b9ccfd3ef1, topology_type: Unknown, servers: [<ServerDescription ('vsgate-s1.dei.isep.ipp.pt', 10246) server_type: Unknown, rtt: None>]>
2025-05-26 16:53:30 | ERROR | Failed to insert data: No servers found yet, Timeout: 5.0s, Topology Description: <TopologyDescription id: 68349c85cb5364b9ccfd3ef3, topology_type: Unknown, servers: [<ServerDescription ('vsgate-s1.dei.isep.ipp.pt', 10246) server_type: Unknown, rtt: None>]>
2025-05-26 16:53:30 | ERROR | Failed to insert data: No servers found yet, Timeout: 5.0s, Topology Description: <TopologyDescription id: 68349c85cb5364b9ccfd3ef5, topology_type: Unknown, servers: [<ServerDescription ('vsgate-s1.dei.isep.ipp.pt', 10246) server_type: Unknown, rtt: None>]>
2025-05-26 16:53:30 | ERROR | Failed to insert data: No servers found yet, Timeout: 5.0s, Topology Description: <TopologyDescription id: 68349c85cb5364b9ccfd3ef7, topology_type: Unknown, servers: [<ServerDescription ('vsgate-s1.dei.isep.ipp.pt', 10246) server_type: Unknown, rtt: None>]>
2025-05-26 16:53:31 | ERROR | Failed to insert data: No servers found yet, Timeout: 5.0s, Topology Description: <TopologyDescription id: 68349c86cb5364b9ccfd3ef9, topology_type: Unknown, servers: [<ServerDescription ('vsgate-s1.dei.isep.ipp.pt', 10246) server_type: Unknown, rtt: None>]>
2025-05-26 16:53:31 | ERROR | Failed to insert data: No servers found yet, Timeout: 5.0s, Topology Description: <TopologyDescription id: 68349c86cb5364b9ccfd3efb, topology_type: Unknown, servers: [<ServerDescription ('vsgate-s1.dei.isep.ipp.pt', 10246) server_type: Unknown, rtt: None>]>
2025-05-26 16:53:31 | ERROR | Failed to insert data: No servers found yet, Timeout: 5.0s, Topology Description: <TopologyDescription id: 68349c86cb5364b9ccfd3efc, topology_type: Unknown, servers: [<ServerDescription ('vsgate-s1.dei.isep.ipp.pt', 10246) server_type: Unknown, rtt: None>]>
2025-05-26 16:53:44 | WARNING | Device 29720 was not found.
2025-05-26 16:53:44 | WARNING | Device not found in substitute_dict: 29720
2025-05-26 16:53:44 | WARNING | Device 29725 was not found.
2025-05-26 16:53:44 | WARNING | Device not found in substitute_dict: 29725
2025-05-26 16:53:44 | WARNING | Device 28387 was not found.
2025-05-26 16:53:44 | WARNING | Device not found in substitute_dict: 28387
2025-05-26 16:53:44 | WARNING | Device 30634 was not found.
2025-05-26 16:53:44 | WARNING | Device not found in substitute_dict: 30634
2025-05-26 16:53:44 | WARNING | Device 30642 was not found.
2025-05-26 16:53:44 | WARNING | Device not found in substitute_dict: 30642
2025-05-26 16:53:44 | WARNING | Device 28375 was not found.
2025-05-26 16:53:44 | WARNING | Device not found in substitute_dict: 28375
2025-05-26 16:53:44 | WARNING | Device 29658 was not found.
2025-05-26 16:53:44 | WARNING | Device not found in substitute_dict: 29658
2025-05-26 16:53:45 | WARNING | Device 33423 was not found.
2025-05-26 16:53:45 | WARNING | Device not found in substitute_dict: 33423
2025-05-26 16:53:45 | WARNING | Device 31049 was not found.
2025-05-26 16:53:45 | WARNING | Device not found in substitute_dict: 31049
2025-05-26 16:53:45 | WARNING | Device 31093 was not found.
2025-05-26 16:53:45 | WARNING | Device not found in substitute_dict: 31093
2025-05-26 16:53:45 | WARNING | Device 28386 was not found.
2025-05-26 16:53:45 | WARNING | Device not found in substitute_dict: 28386
2025-05-26 16:53:45 | WARNING | Device 29373 was not found.
2025-05-26 16:53:45 | WARNING | Device not found in substitute_dict: 29373
2025-05-26 16:53:45 | WARNING | Device 29851 was not found.
2025-05-26 16:53:45 | WARNING | Device not found in substitute_dict: 29851
2025-05-26 16:53:45 | WARNING | Device 29498 was not found.
2025-05-26 16:53:45 | WARNING | Device not found in substitute_dict: 29498
2025-05-26 16:53:45 | WARNING | Device 30080 was not found.
2025-05-26 16:53:45 | WARNING | Device not found in substitute_dict: 30080
2025-05-26 16:53:45 | WARNING | Device 29660 was not found.
2025-05-26 16:53:45 | WARNING | Device not found in substitute_dict: 29660
2025-05-26 16:53:45 | WARNING | Device 36766 was not found.
2025-05-26 16:53:45 | WARNING | Device not found in substitute_dict: 36766
2025-05-26 16:53:45 | WARNING | Device 36769 was not found.
2025-05-26 16:53:45 | WARNING | Device not found in substitute_dict: 36769
2025-05-26 16:53:45 | WARNING | Device 30688 was not found.
2025-05-26 16:53:45 | WARNING | Device not found in substitute_dict: 30688
2025-05-26 16:53:45 | WARNING | Device 33682 was not found.
2025-05-26 16:53:45 | WARNING | Device not found in substitute_dict: 33682
2025-05-26 16:53:45 | WARNING | Device 35927 was not found.
2025-05-26 16:53:45 | WARNING | Device not found in substitute_dict: 35927
2025-05-26 16:53:45 | WARNING | Device 33711 was not found.
2025-05-26 16:53:45 | WARNING | Device not found in substitute_dict: 33711
2025-05-26 16:53:45 | WARNING | Device 37208 was not found.
2025-05-26 16:53:45 | WARNING | Device not found in substitute_dict: 37208
2025-05-26 16:53:45 | WARNING | Device 37214 was not found.
2025-05-26 16:53:45 | WARNING | Device not found in substitute_dict: 37214
2025-05-26 16:53:45 | WARNING | Device AC000001_1 was not found.
2025-05-26 16:53:45 | WARNING | Device AC000004_1 was not found.
2025-05-26 16:53:45 | WARNING | Device AC000007_1 was not found.
2025-05-26 16:53:45 | WARNING | Device AC000010_1 was not found.
2025-05-26 16:53:45 | WARNING | Device AC000013_1 was not found.
2025-05-26 16:53:45 | WARNING | Device AC000002_1 was not found.
2025-05-26 16:53:45 | WARNING | Device AC000003_1 was not found.
2025-05-26 16:53:45 | WARNING | Device AC000005_1 was not found.
2025-05-26 16:53:45 | WARNING | Device AC000006_1 was not found.
2025-05-26 16:53:45 | WARNING | Device AC000008_1 was not found.
2025-05-26 16:53:45 | WARNING | Device AC000009_1 was not found.
2025-05-26 16:53:45 | WARNING | Device VR1UJZKXZKW134851 was not found.
2025-05-26 16:53:45 | WARNING | Device AC000011_1 was not found.
2025-05-26 16:53:45 | WARNING | Device not found in substitute_dict: VR1UJZKXZKW134851
2025-05-26 16:53:45 | WARNING | Device AC000012_1 was not found.
2025-05-26 16:53:45 | WARNING | Device AC000014_1 was not found.
2025-05-26 16:53:45 | WARNING | Device ACEXT001_1 was not found.
2025-05-26 16:53:45 | WARNING | Device ACEXT002_1 was not found.
2025-05-26 16:53:45 | WARNING | Device ACEXT003_1 was not found.
2025-05-26 16:53:45 | WARNING | Device pctesolate was not found.
2025-05-26 16:53:45 | WARNING | Device ACEXT004_1 was not found.
2025-05-26 16:53:45 | WARNING | Device not found in substitute_dict: pctesolate
2025-05-26 16:54:25 | ERROR | EnergyPrice: HTTPSConnectionPool(host='ks.innov.cleanwatts.energy', port=443): Max retries exceeded with url: /api/2.0/consumptions/instant?from=2025-01-05T08:48:00.0&tags=13389 (Caused by NameResolutionError("<urllib3.connection.HTTPSConnection object at 0x7fa69c0c5910>: Failed to resolve 'ks.innov.cleanwatts.energy' ([Errno -3] Temporary failure in name resolution)"))
2025-05-26 16:54:25 | ERROR | EnergyPrice: HTTPSConnectionPool(host='ks.innov.cleanwatts.energy', port=443): Max retries exceeded with url: /api/2.0/consumptions/instant?from=2025-01-05T08:48:00.0&tags=13389 (Caused by NameResolutionError("<urllib3.connection.HTTPSConnection object at 0x7fa69c278760>: Failed to resolve 'ks.innov.cleanwatts.energy' ([Errno -3] Temporary failure in name resolution)"))
2025-05-26 16:54:25 | ERROR | EnergyPrice: HTTPSConnectionPool(host='ks.innov.cleanwatts.energy', port=443): Max retries exceeded with url: /api/2.0/consumptions/instant?from=2025-01-05T08:48:00.0&tags=13389 (Caused by NameResolutionError("<urllib3.connection.HTTPSConnection object at 0x7fa69c252fd0>: Failed to resolve 'ks.innov.cleanwatts.energy' ([Errno -3] Temporary failure in name resolution)"))
2025-05-26 16:54:25 | ERROR | EnergyPrice: HTTPSConnectionPool(host='ks.innov.cleanwatts.energy', port=443): Max retries exceeded with url: /api/2.0/consumptions/instant?from=2025-01-05T08:48:00.0&tags=13389 (Caused by NameResolutionError("<urllib3.connection.HTTPSConnection object at 0x7fa69c25af40>: Failed to resolve 'ks.innov.cleanwatts.energy' ([Errno -3] Temporary failure in name resolution)"))
2025-05-26 16:54:25 | ERROR | EnergyPrice: HTTPSConnectionPool(host='ks.innov.cleanwatts.energy', port=443): Max retries exceeded with url: /api/2.0/consumptions/instant?from=2025-01-05T08:48:00.0&tags=13389 (Caused by NameResolutionError("<urllib3.connection.HTTPSConnection object at 0x7fa6a07af0d0>: Failed to resolve 'ks.innov.cleanwatts.energy' ([Errno -3] Temporary failure in name resolution)"))
2025-05-26 16:54:25 | ERROR | EnergyPrice: HTTPSConnectionPool(host='ks.innov.cleanwatts.energy', port=443): Max retries exceeded with url: /api/2.0/consumptions/instant?from=2025-01-05T08:48:00.0&tags=13389 (Caused by NameResolutionError("<urllib3.connection.HTTPSConnection object at 0x7fa69c218fd0>: Failed to resolve 'ks.innov.cleanwatts.energy' ([Errno -3] Temporary failure in name resolution)"))
2025-05-26 16:54:25 | ERROR | EnergyPrice: HTTPSConnectionPool(host='ks.innov.cleanwatts.energy', port=443): Max retries exceeded with url: /api/2.0/consumptions/instant?from=2025-01-05T08:48:00.0&tags=13389 (Caused by NameResolutionError("<urllib3.connection.HTTPSConnection object at 0x7fa69c1d8160>: Failed to resolve 'ks.innov.cleanwatts.energy' ([Errno -3] Temporary failure in name resolution)"))
2025-05-26 16:54:25 | ERROR | EnergyPrice: HTTPSConnectionPool(host='ks.innov.cleanwatts.energy', port=443): Max retries exceeded with url: /api/2.0/consumptions/instant?from=2025-01-05T08:48:00.0&tags=13389 (Caused by NameResolutionError("<urllib3.connection.HTTPSConnection object at 0x7fa69c0dbd60>: Failed to resolve 'ks.innov.cleanwatts.energy' ([Errno -3] Temporary failure in name resolution)"))
2025-05-26 16:54:25 | ERROR | EnergyPrice: HTTPSConnectionPool(host='ks.innov.cleanwatts.energy', port=443): Max retries exceeded with url: /api/2.0/consumptions/instant?from=2025-01-05T08:48:00.0&tags=13389 (Caused by NameResolutionError("<urllib3.connection.HTTPSConnection object at 0x7fa69c269d30>: Failed to resolve 'ks.innov.cleanwatts.energy' ([Errno -3] Temporary failure in name resolution)"))
2025-05-26 16:54:25 | ERROR | EnergyPrice: HTTPSConnectionPool(host='ks.innov.cleanwatts.energy', port=443): Max retries exceeded with url: /api/2.0/consumptions/instant?from=2025-01-05T08:48:00.0&tags=13389 (Caused by NameResolutionError("<urllib3.connection.HTTPSConnection object at 0x7fa69c1303d0>: Failed to resolve 'ks.innov.cleanwatts.energy' ([Errno -3] Temporary failure in name resolution)"))
2025-05-26 16:54:25 | ERROR | EnergyPrice: HTTPSConnectionPool(host='ks.innov.cleanwatts.energy', port=443): Max retries exceeded with url: /api/2.0/consumptions/instant?from=2025-01-05T08:48:00.0&tags=13389 (Caused by NameResolutionError("<urllib3.connection.HTTPSConnection object at 0x7fa69c24df40>: Failed to resolve 'ks.innov.cleanwatts.energy' ([Errno -3] Temporary failure in name resolution)"))
2025-05-26 16:54:25 | ERROR | EnergyPrice: HTTPSConnectionPool(host='ks.innov.cleanwatts.energy', port=443): Max retries exceeded with url: /api/2.0/consumptions/instant?from=2025-01-05T08:48:00.0&tags=13389 (Caused by NameResolutionError("<urllib3.connection.HTTPSConnection object at 0x7fa69c1a3160>: Failed to resolve 'ks.innov.cleanwatts.energy' ([Errno -3] Temporary failure in name resolution)"))
2025-05-26 16:54:25 | ERROR | EnergyPrice: HTTPSConnectionPool(host='ks.innov.cleanwatts.energy', port=443): Max retries exceeded with url: /api/2.0/consumptions/instant?from=2025-01-05T08:48:00.0&tags=13389 (Caused by NameResolutionError("<urllib3.connection.HTTPSConnection object at 0x7fa69c2131c0>: Failed to resolve 'ks.innov.cleanwatts.energy' ([Errno -3] Temporary failure in name resolution)"))
2025-05-26 16:54:25 | ERROR | EnergyPrice: HTTPSConnectionPool(host='ks.innov.cleanwatts.energy', port=443): Max retries exceeded with url: /api/2.0/consumptions/instant?from=2025-01-05T08:48:00.0&tags=13389 (Caused by NameResolutionError("<urllib3.connection.HTTPSConnection object at 0x7fa69c2b50a0>: Failed to resolve 'ks.innov.cleanwatts.energy' ([Errno -3] Temporary failure in name resolution)"))
2025-05-26 16:54:25 | ERROR | EnergyPrice: HTTPSConnectionPool(host='ks.innov.cleanwatts.energy', port=443): Max retries exceeded with url: /api/2.0/consumptions/instant?from=2025-01-05T08:48:00.0&tags=13389 (Caused by NameResolutionError("<urllib3.connection.HTTPSConnection object at 0x7fa69c0cf7c0>: Failed to resolve 'ks.innov.cleanwatts.energy' ([Errno -3] Temporary failure in name resolution)"))
2025-05-26 16:54:26 | ERROR | EnergyPrice: HTTPSConnectionPool(host='ks.innov.cleanwatts.energy', port=443): Max retries exceeded with url: /api/2.0/consumptions/instant?from=2025-01-05T08:48:00.0&tags=13389 (Caused by NameResolutionError("<urllib3.connection.HTTPSConnection object at 0x7fa69c226760>: Failed to resolve 'ks.innov.cleanwatts.energy' ([Errno -3] Temporary failure in name resolution)"))
2025-05-26 16:54:26 | ERROR | EnergyPrice: HTTPSConnectionPool(host='ks.innov.cleanwatts.energy', port=443): Max retries exceeded with url: /api/2.0/consumptions/instant?from=2025-01-05T08:48:00.0&tags=13389 (Caused by NameResolutionError("<urllib3.connection.HTTPSConnection object at 0x7fa69c2a19d0>: Failed to resolve 'ks.innov.cleanwatts.energy' ([Errno -3] Temporary failure in name resolution)"))
2025-05-26 16:54:30 | ERROR | Failed to insert data: No servers found yet, Timeout: 5.0s, Topology Description: <TopologyDescription id: 68349cc1cb5364b9ccfd3eff, topology_type: Unknown, servers: [<ServerDescription ('vsgate-s1.dei.isep.ipp.pt', 10246) server_type: Unknown, rtt: None>]>
2025-05-26 16:54:30 | ERROR | Failed to insert data: No servers found yet, Timeout: 5.0s, Topology Description: <TopologyDescription id: 68349cc1cb5364b9ccfd3f01, topology_type: Unknown, servers: [<ServerDescription ('vsgate-s1.dei.isep.ipp.pt', 10246) server_type: Unknown, rtt: None>]>
2025-05-26 16:54:30 | ERROR | Failed to insert data: No servers found yet, Timeout: 5.0s, Topology Description: <TopologyDescription id: 68349cc1cb5364b9ccfd3f03, topology_type: Unknown, servers: [<ServerDescription ('vsgate-s1.dei.isep.ipp.pt', 10246) server_type: Unknown, rtt: None>]>
2025-05-26 16:54:30 | ERROR | Failed to insert data: No servers found yet, Timeout: 5.0s, Topology Description: <TopologyDescription id: 68349cc1cb5364b9ccfd3f04, topology_type: Unknown, servers: [<ServerDescription ('vsgate-s1.dei.isep.ipp.pt', 10246) server_type: Unknown, rtt: None>]>
2025-05-26 16:54:30 | ERROR | Failed to insert data: No servers found yet, Timeout: 5.0s, Topology Description: <TopologyDescription id: 68349cc1cb5364b9ccfd3f07, topology_type: Unknown, servers: [<ServerDescription ('vsgate-s1.dei.isep.ipp.pt', 10246) server_type: Unknown, rtt: None>]>
2025-05-26 16:54:30 | ERROR | Failed to insert data: No servers found yet, Timeout: 5.0s, Topology Description: <TopologyDescription id: 68349cc1cb5364b9ccfd3f09, topology_type: Unknown, servers: [<ServerDescription ('vsgate-s1.dei.isep.ipp.pt', 10246) server_type: Unknown, rtt: None>]>
2025-05-26 16:54:30 | ERROR | Failed to insert data: No servers found yet, Timeout: 5.0s, Topology Description: <TopologyDescription id: 68349cc1cb5364b9ccfd3f0b, topology_type: Unknown, servers: [<ServerDescription ('vsgate-s1.dei.isep.ipp.pt', 10246) server_type: Unknown, rtt: None>]>
2025-05-26 16:54:30 | ERROR | Failed to insert data: No servers found yet, Timeout: 5.0s, Topology Description: <TopologyDescription id: 68349cc1cb5364b9ccfd3f0d, topology_type: Unknown, servers: [<ServerDescription ('vsgate-s1.dei.isep.ipp.pt', 10246) server_type: Unknown, rtt: None>]>
2025-05-26 16:54:30 | ERROR | Failed to insert data: No servers found yet, Timeout: 5.0s, Topology Description: <TopologyDescription id: 68349cc1cb5364b9ccfd3f0f, topology_type: Unknown, servers: [<ServerDescription ('vsgate-s1.dei.isep.ipp.pt', 10246) server_type: Unknown, rtt: None>]>
2025-05-26 16:54:30 | ERROR | Failed to insert data: No servers found yet, Timeout: 5.0s, Topology Description: <TopologyDescription id: 68349cc1cb5364b9ccfd3f11, topology_type: Unknown, servers: [<ServerDescription ('vsgate-s1.dei.isep.ipp.pt', 10246) server_type: Unknown, rtt: None>]>
2025-05-26 16:54:30 | ERROR | Failed to insert data: No servers found yet, Timeout: 5.0s, Topology Description: <TopologyDescription id: 68349cc1cb5364b9ccfd3f13, topology_type: Unknown, servers: [<ServerDescription ('vsgate-s1.dei.isep.ipp.pt', 10246) server_type: Unknown, rtt: None>]>
2025-05-26 16:54:30 | ERROR | Failed to insert data: No servers found yet, Timeout: 5.0s, Topology Description: <TopologyDescription id: 68349cc1cb5364b9ccfd3f15, topology_type: Unknown, servers: [<ServerDescription ('vsgate-s1.dei.isep.ipp.pt', 10246) server_type: Unknown, rtt: None>]>
2025-05-26 16:54:30 | ERROR | Failed to insert data: No servers found yet, Timeout: 5.0s, Topology Description: <TopologyDescription id: 68349cc1cb5364b9ccfd3f17, topology_type: Unknown, servers: [<ServerDescription ('vsgate-s1.dei.isep.ipp.pt', 10246) server_type: Unknown, rtt: None>]>
2025-05-26 16:54:30 | ERROR | Failed to insert data: No servers found yet, Timeout: 5.0s, Topology Description: <TopologyDescription id: 68349cc1cb5364b9ccfd3f19, topology_type: Unknown, servers: [<ServerDescription ('vsgate-s1.dei.isep.ipp.pt', 10246) server_type: Unknown, rtt: None>]>
2025-05-26 16:54:31 | ERROR | Failed to insert data: No servers found yet, Timeout: 5.0s, Topology Description: <TopologyDescription id: 68349cc1cb5364b9ccfd3f1b, topology_type: Unknown, servers: [<ServerDescription ('vsgate-s1.dei.isep.ipp.pt', 10246) server_type: Unknown, rtt: None>]>
2025-05-26 16:54:31 | ERROR | Failed to insert data: No servers found yet, Timeout: 5.0s, Topology Description: <TopologyDescription id: 68349cc2cb5364b9ccfd3f1d, topology_type: Unknown, servers: [<ServerDescription ('vsgate-s1.dei.isep.ipp.pt', 10246) server_type: Unknown, rtt: None>]>
2025-05-26 16:54:31 | ERROR | Failed to insert data: No servers found yet, Timeout: 5.0s, Topology Description: <TopologyDescription id: 68349cc2cb5364b9ccfd3f1e, topology_type: Unknown, servers: [<ServerDescription ('vsgate-s1.dei.isep.ipp.pt', 10246) server_type: Unknown, rtt: None>]>
2025-05-26 16:54:44 | WARNING | Device 33423 was not found.
2025-05-26 16:54:44 | WARNING | Device not found in substitute_dict: 33423
2025-05-26 16:54:44 | WARNING | Device 31049 was not found.
2025-05-26 16:54:44 | WARNING | Device not found in substitute_dict: 31049
2025-05-26 16:54:44 | WARNING | Device 31093 was not found.
2025-05-26 16:54:44 | WARNING | Device not found in substitute_dict: 31093
2025-05-26 16:54:44 | WARNING | Device 28386 was not found.
2025-05-26 16:54:44 | WARNING | Device not found in substitute_dict: 28386
2025-05-26 16:54:44 | WARNING | Device 29373 was not found.
2025-05-26 16:54:44 | WARNING | Device not found in substitute_dict: 29373
2025-05-26 16:54:44 | WARNING | Device 29851 was not found.
2025-05-26 16:54:44 | WARNING | Device not found in substitute_dict: 29851
2025-05-26 16:54:44 | WARNING | Device 29498 was not found.
2025-05-26 16:54:44 | WARNING | Device not found in substitute_dict: 29498
2025-05-26 16:54:44 | WARNING | Device 30080 was not found.
2025-05-26 16:54:44 | WARNING | Device not found in substitute_dict: 30080
2025-05-26 16:54:44 | WARNING | Device 29660 was not found.
2025-05-26 16:54:44 | WARNING | Device not found in substitute_dict: 29660
2025-05-26 16:54:44 | WARNING | Device 36766 was not found.
2025-05-26 16:54:44 | WARNING | Device not found in substitute_dict: 36766
2025-05-26 16:54:44 | WARNING | Device 36769 was not found.
2025-05-26 16:54:44 | WARNING | Device not found in substitute_dict: 36769
2025-05-26 16:54:44 | WARNING | Device 30688 was not found.
2025-05-26 16:54:44 | WARNING | Device not found in substitute_dict: 30688
2025-05-26 16:54:44 | WARNING | Device 33682 was not found.
2025-05-26 16:54:44 | WARNING | Device not found in substitute_dict: 33682
2025-05-26 16:54:44 | WARNING | Device 35927 was not found.
2025-05-26 16:54:44 | WARNING | Device not found in substitute_dict: 35927
2025-05-26 16:54:44 | WARNING | Device 33711 was not found.
2025-05-26 16:54:44 | WARNING | Device not found in substitute_dict: 33711
2025-05-26 16:54:44 | WARNING | Device 37208 was not found.
2025-05-26 16:54:44 | WARNING | Device not found in substitute_dict: 37208
2025-05-26 16:54:44 | WARNING | Device 37214 was not found.
2025-05-26 16:54:44 | WARNING | Device not found in substitute_dict: 37214
2025-05-26 16:54:44 | WARNING | Device AC000001_1 was not found.
2025-05-26 16:54:44 | WARNING | Device AC000004_1 was not found.
2025-05-26 16:54:44 | WARNING | Device AC000007_1 was not found.
2025-05-26 16:54:44 | WARNING | Device AC000010_1 was not found.
2025-05-26 16:54:44 | WARNING | Device AC000013_1 was not found.
2025-05-26 16:54:44 | WARNING | Device AC000002_1 was not found.
2025-05-26 16:54:44 | WARNING | Device AC000003_1 was not found.
2025-05-26 16:54:44 | WARNING | Device AC000005_1 was not found.
2025-05-26 16:54:44 | WARNING | Device AC000006_1 was not found.
2025-05-26 16:54:44 | WARNING | Device AC000008_1 was not found.
2025-05-26 16:54:44 | WARNING | Device AC000009_1 was not found.
2025-05-26 16:54:44 | WARNING | Device AC000011_1 was not found.
2025-05-26 16:54:44 | WARNING | Device VR1UJZKXZKW134851 was not found.
2025-05-26 16:54:44 | WARNING | Device AC000012_1 was not found.
2025-05-26 16:54:44 | WARNING | Device not found in substitute_dict: VR1UJZKXZKW134851
2025-05-26 16:54:44 | WARNING | Device AC000014_1 was not found.
2025-05-26 16:54:44 | WARNING | Device ACEXT001_1 was not found.
2025-05-26 16:54:44 | WARNING | Device ACEXT002_1 was not found.
2025-05-26 16:54:44 | WARNING | Device ACEXT003_1 was not found.
2025-05-26 16:54:44 | WARNING | Device ACEXT004_1 was not found.
2025-05-26 16:54:44 | WARNING | Device pctesolate was not found.
2025-05-26 16:54:44 | WARNING | Device not found in substitute_dict: pctesolate
2025-05-26 16:54:44 | WARNING | Device 28387 was not found.
2025-05-26 16:54:44 | WARNING | Device not found in substitute_dict: 28387
2025-05-26 16:54:44 | WARNING | Device 30634 was not found.
2025-05-26 16:54:44 | WARNING | Device not found in substitute_dict: 30634
2025-05-26 16:54:44 | WARNING | Device 30642 was not found.
2025-05-26 16:54:44 | WARNING | Device not found in substitute_dict: 30642
2025-05-26 16:54:44 | WARNING | Device 28375 was not found.
2025-05-26 16:54:44 | WARNING | Device not found in substitute_dict: 28375
2025-05-26 16:54:44 | WARNING | Device 29658 was not found.
2025-05-26 16:54:44 | WARNING | Device not found in substitute_dict: 29658
2025-05-26 16:54:45 | WARNING | Device 29720 was not found.
2025-05-26 16:54:45 | WARNING | Device not found in substitute_dict: 29720
2025-05-26 16:54:45 | WARNING | Device 29725 was not found.
2025-05-26 16:54:45 | WARNING | Device not found in substitute_dict: 29725
2025-05-26 16:55:25 | ERROR | EnergyPrice: HTTPSConnectionPool(host='ks.innov.cleanwatts.energy', port=443): Max retries exceeded with url: /api/2.0/consumptions/instant?from=2025-01-05T08:48:00.0&tags=13389 (Caused by NameResolutionError("<urllib3.connection.HTTPSConnection object at 0x7fa69c235100>: Failed to resolve 'ks.innov.cleanwatts.energy' ([Errno -3] Temporary failure in name resolution)"))
2025-05-26 16:55:25 | ERROR | EnergyPrice: HTTPSConnectionPool(host='ks.innov.cleanwatts.energy', port=443): Max retries exceeded with url: /api/2.0/consumptions/instant?from=2025-01-05T08:48:00.0&tags=13389 (Caused by NameResolutionError("<urllib3.connection.HTTPSConnection object at 0x7fa69c130f70>: Failed to resolve 'ks.innov.cleanwatts.energy' ([Errno -3] Temporary failure in name resolution)"))
2025-05-26 16:55:25 | ERROR | EnergyPrice: HTTPSConnectionPool(host='ks.innov.cleanwatts.energy', port=443): Max retries exceeded with url: /api/2.0/consumptions/instant?from=2025-01-05T08:48:00.0&tags=13389 (Caused by NameResolutionError("<urllib3.connection.HTTPSConnection object at 0x7fa69c189a90>: Failed to resolve 'ks.innov.cleanwatts.energy' ([Errno -3] Temporary failure in name resolution)"))
2025-05-26 16:55:25 | ERROR | EnergyPrice: HTTPSConnectionPool(host='ks.innov.cleanwatts.energy', port=443): Max retries exceeded with url: /api/2.0/consumptions/instant?from=2025-01-05T08:48:00.0&tags=13389 (Caused by NameResolutionError("<urllib3.connection.HTTPSConnection object at 0x7fa69c1ae880>: Failed to resolve 'ks.innov.cleanwatts.energy' ([Errno -3] Temporary failure in name resolution)"))
2025-05-26 16:55:25 | ERROR | EnergyPrice: HTTPSConnectionPool(host='ks.innov.cleanwatts.energy', port=443): Max retries exceeded with url: /api/2.0/consumptions/instant?from=2025-01-05T08:48:00.0&tags=13389 (Caused by NameResolutionError("<urllib3.connection.HTTPSConnection object at 0x7fa69c0bb760>: Failed to resolve 'ks.innov.cleanwatts.energy' ([Errno -3] Temporary failure in name resolution)"))
2025-05-26 16:55:25 | ERROR | EnergyPrice: HTTPSConnectionPool(host='ks.innov.cleanwatts.energy', port=443): Max retries exceeded with url: /api/2.0/consumptions/instant?from=2025-01-05T08:48:00.0&tags=13389 (Caused by NameResolutionError("<urllib3.connection.HTTPSConnection object at 0x7fa69c0bb550>: Failed to resolve 'ks.innov.cleanwatts.energy' ([Errno -3] Temporary failure in name resolution)"))
2025-05-26 16:55:25 | ERROR | EnergyPrice: HTTPSConnectionPool(host='ks.innov.cleanwatts.energy', port=443): Max retries exceeded with url: /api/2.0/consumptions/instant?from=2025-01-05T08:48:00.0&tags=13389 (Caused by NameResolutionError("<urllib3.connection.HTTPSConnection object at 0x7fa69c2a12b0>: Failed to resolve 'ks.innov.cleanwatts.energy' ([Errno -3] Temporary failure in name resolution)"))
2025-05-26 16:55:25 | ERROR | EnergyPrice: HTTPSConnectionPool(host='ks.innov.cleanwatts.energy', port=443): Max retries exceeded with url: /api/2.0/consumptions/instant?from=2025-01-05T08:48:00.0&tags=13389 (Caused by NameResolutionError("<urllib3.connection.HTTPSConnection object at 0x7fa69c11d100>: Failed to resolve 'ks.innov.cleanwatts.energy' ([Errno -3] Temporary failure in name resolution)"))
2025-05-26 16:55:26 | ERROR | EnergyPrice: HTTPSConnectionPool(host='ks.innov.cleanwatts.energy', port=443): Max retries exceeded with url: /api/2.0/consumptions/instant?from=2025-01-05T08:48:00.0&tags=13389 (Caused by NameResolutionError("<urllib3.connection.HTTPSConnection object at 0x7fa69c265340>: Failed to resolve 'ks.innov.cleanwatts.energy' ([Errno -3] Temporary failure in name resolution)"))
2025-05-26 16:55:26 | ERROR | EnergyPrice: HTTPSConnectionPool(host='ks.innov.cleanwatts.energy', port=443): Max retries exceeded with url: /api/2.0/consumptions/instant?from=2025-01-05T08:48:00.0&tags=13389 (Caused by NameResolutionError("<urllib3.connection.HTTPSConnection object at 0x7fa69c226b50>: Failed to resolve 'ks.innov.cleanwatts.energy' ([Errno -3] Temporary failure in name resolution)"))
2025-05-26 16:55:26 | ERROR | EnergyPrice: HTTPSConnectionPool(host='ks.innov.cleanwatts.energy', port=443): Max retries exceeded with url: /api/2.0/consumptions/instant?from=2025-01-05T08:48:00.0&tags=13389 (Caused by NameResolutionError("<urllib3.connection.HTTPSConnection object at 0x7fa69c2b5af0>: Failed to resolve 'ks.innov.cleanwatts.energy' ([Errno -3] Temporary failure in name resolution)"))
2025-05-26 16:55:26 | ERROR | EnergyPrice: HTTPSConnectionPool(host='ks.innov.cleanwatts.energy', port=443): Max retries exceeded with url: /api/2.0/consumptions/instant?from=2025-01-05T08:48:00.0&tags=13389 (Caused by NameResolutionError("<urllib3.connection.HTTPSConnection object at 0x7fa69eb3bd30>: Failed to resolve 'ks.innov.cleanwatts.energy' ([Errno -3] Temporary failure in name resolution)"))
2025-05-26 16:55:26 | ERROR | EnergyPrice: HTTPSConnectionPool(host='ks.innov.cleanwatts.energy', port=443): Max retries exceeded with url: /api/2.0/consumptions/instant?from=2025-01-05T08:48:00.0&tags=13389 (Caused by NameResolutionError("<urllib3.connection.HTTPSConnection object at 0x7fa69c1813a0>: Failed to resolve 'ks.innov.cleanwatts.energy' ([Errno -3] Temporary failure in name resolution)"))
2025-05-26 16:55:26 | ERROR | EnergyPrice: HTTPSConnectionPool(host='ks.innov.cleanwatts.energy', port=443): Max retries exceeded with url: /api/2.0/consumptions/instant?from=2025-01-05T08:48:00.0&tags=13389 (Caused by NameResolutionError("<urllib3.connection.HTTPSConnection object at 0x7fa69c2522e0>: Failed to resolve 'ks.innov.cleanwatts.energy' ([Errno -3] Temporary failure in name resolution)"))
2025-05-26 16:55:26 | ERROR | EnergyPrice: HTTPSConnectionPool(host='ks.innov.cleanwatts.energy', port=443): Max retries exceeded with url: /api/2.0/consumptions/instant?from=2025-01-05T08:48:00.0&tags=13389 (Caused by NameResolutionError("<urllib3.connection.HTTPSConnection object at 0x7fa69c2a1430>: Failed to resolve 'ks.innov.cleanwatts.energy' ([Errno -3] Temporary failure in name resolution)"))
2025-05-26 16:55:26 | ERROR | EnergyPrice: HTTPSConnectionPool(host='ks.innov.cleanwatts.energy', port=443): Max retries exceeded with url: /api/2.0/consumptions/instant?from=2025-01-05T08:48:00.0&tags=13389 (Caused by NameResolutionError("<urllib3.connection.HTTPSConnection object at 0x7fa69c2909d0>: Failed to resolve 'ks.innov.cleanwatts.energy' ([Errno -3] Temporary failure in name resolution)"))
2025-05-26 16:55:26 | ERROR | EnergyPrice: HTTPSConnectionPool(host='ks.innov.cleanwatts.energy', port=443): Max retries exceeded with url: /api/2.0/consumptions/instant?from=2025-01-05T08:48:00.0&tags=13389 (Caused by NameResolutionError("<urllib3.connection.HTTPSConnection object at 0x7fa69c2adb80>: Failed to resolve 'ks.innov.cleanwatts.energy' ([Errno -3] Temporary failure in name resolution)"))
2025-05-26 16:55:30 | ERROR | Failed to insert data: No servers found yet, Timeout: 5.0s, Topology Description: <TopologyDescription id: 68349cfdcb5364b9ccfd3f21, topology_type: Unknown, servers: [<ServerDescription ('vsgate-s1.dei.isep.ipp.pt', 10246) server_type: Unknown, rtt: None>]>
2025-05-26 16:55:30 | ERROR | Failed to insert data: No servers found yet, Timeout: 5.0s, Topology Description: <TopologyDescription id: 68349cfdcb5364b9ccfd3f23, topology_type: Unknown, servers: [<ServerDescription ('vsgate-s1.dei.isep.ipp.pt', 10246) server_type: Unknown, rtt: None>]>
2025-05-26 16:55:30 | ERROR | Failed to insert data: No servers found yet, Timeout: 5.0s, Topology Description: <TopologyDescription id: 68349cfdcb5364b9ccfd3f25, topology_type: Unknown, servers: [<ServerDescription ('vsgate-s1.dei.isep.ipp.pt', 10246) server_type: Unknown, rtt: None>]>
2025-05-26 16:55:30 | ERROR | Failed to insert data: No servers found yet, Timeout: 5.0s, Topology Description: <TopologyDescription id: 68349cfdcb5364b9ccfd3f26, topology_type: Unknown, servers: [<ServerDescription ('vsgate-s1.dei.isep.ipp.pt', 10246) server_type: Unknown, rtt: None>]>
2025-05-26 16:55:30 | ERROR | Failed to insert data: No servers found yet, Timeout: 5.0s, Topology Description: <TopologyDescription id: 68349cfdcb5364b9ccfd3f28, topology_type: Unknown, servers: [<ServerDescription ('vsgate-s1.dei.isep.ipp.pt', 10246) server_type: Unknown, rtt: None>]>
2025-05-26 16:55:30 | ERROR | Failed to insert data: No servers found yet, Timeout: 5.0s, Topology Description: <TopologyDescription id: 68349cfdcb5364b9ccfd3f2b, topology_type: Unknown, servers: [<ServerDescription ('vsgate-s1.dei.isep.ipp.pt', 10246) server_type: Unknown, rtt: None>]>
2025-05-26 16:55:30 | ERROR | Failed to insert data: No servers found yet, Timeout: 5.0s, Topology Description: <TopologyDescription id: 68349cfdcb5364b9ccfd3f2d, topology_type: Unknown, servers: [<ServerDescription ('vsgate-s1.dei.isep.ipp.pt', 10246) server_type: Unknown, rtt: None>]>
2025-05-26 16:55:31 | ERROR | Failed to insert data: No servers found yet, Timeout: 5.0s, Topology Description: <TopologyDescription id: 68349cfecb5364b9ccfd3f2f, topology_type: Unknown, servers: [<ServerDescription ('vsgate-s1.dei.isep.ipp.pt', 10246) server_type: Unknown, rtt: None>]>
2025-05-26 16:55:31 | ERROR | Failed to insert data: No servers found yet, Timeout: 5.0s, Topology Description: <TopologyDescription id: 68349cfecb5364b9ccfd3f31, topology_type: Unknown, servers: [<ServerDescription ('vsgate-s1.dei.isep.ipp.pt', 10246) server_type: Unknown, rtt: None>]>
2025-05-26 16:55:31 | ERROR | Failed to insert data: No servers found yet, Timeout: 5.0s, Topology Description: <TopologyDescription id: 68349cfecb5364b9ccfd3f33, topology_type: Unknown, servers: [<ServerDescription ('vsgate-s1.dei.isep.ipp.pt', 10246) server_type: Unknown, rtt: None>]>
2025-05-26 16:55:31 | ERROR | Failed to insert data: No servers found yet, Timeout: 5.0s, Topology Description: <TopologyDescription id: 68349cfecb5364b9ccfd3f35, topology_type: Unknown, servers: [<ServerDescription ('vsgate-s1.dei.isep.ipp.pt', 10246) server_type: Unknown, rtt: None>]>
2025-05-26 16:55:31 | ERROR | Failed to insert data: No servers found yet, Timeout: 5.0s, Topology Description: <TopologyDescription id: 68349cfecb5364b9ccfd3f37, topology_type: Unknown, servers: [<ServerDescription ('vsgate-s1.dei.isep.ipp.pt', 10246) server_type: Unknown, rtt: None>]>
2025-05-26 16:55:31 | ERROR | Failed to insert data: No servers found yet, Timeout: 5.0s, Topology Description: <TopologyDescription id: 68349cfecb5364b9ccfd3f38, topology_type: Unknown, servers: [<ServerDescription ('vsgate-s1.dei.isep.ipp.pt', 10246) server_type: Unknown, rtt: None>]>
2025-05-26 16:55:31 | ERROR | Failed to insert data: No servers found yet, Timeout: 5.0s, Topology Description: <TopologyDescription id: 68349cfecb5364b9ccfd3f3b, topology_type: Unknown, servers: [<ServerDescription ('vsgate-s1.dei.isep.ipp.pt', 10246) server_type: Unknown, rtt: None>]>
2025-05-26 16:55:31 | ERROR | Failed to insert data: No servers found yet, Timeout: 5.0s, Topology Description: <TopologyDescription id: 68349cfecb5364b9ccfd3f3d, topology_type: Unknown, servers: [<ServerDescription ('vsgate-s1.dei.isep.ipp.pt', 10246) server_type: Unknown, rtt: None>]>
2025-05-26 16:55:31 | ERROR | Failed to insert data: No servers found yet, Timeout: 5.0s, Topology Description: <TopologyDescription id: 68349cfecb5364b9ccfd3f3f, topology_type: Unknown, servers: [<ServerDescription ('vsgate-s1.dei.isep.ipp.pt', 10246) server_type: Unknown, rtt: None>]>
2025-05-26 16:55:31 | ERROR | Failed to insert data: No servers found yet, Timeout: 5.0s, Topology Description: <TopologyDescription id: 68349cfecb5364b9ccfd3f40, topology_type: Unknown, servers: [<ServerDescription ('vsgate-s1.dei.isep.ipp.pt', 10246) server_type: Unknown, rtt: None>]>
2025-05-26 16:55:45 | WARNING | Device 29720 was not found.
2025-05-26 16:55:45 | WARNING | Device not found in substitute_dict: 29720
2025-05-26 16:55:45 | WARNING | Device 29725 was not found.
2025-05-26 16:55:45 | WARNING | Device not found in substitute_dict: 29725
2025-05-26 16:55:45 | WARNING | Device 28387 was not found.
2025-05-26 16:55:45 | WARNING | Device not found in substitute_dict: 28387
2025-05-26 16:55:45 | WARNING | Device 30634 was not found.
2025-05-26 16:55:45 | WARNING | Device not found in substitute_dict: 30634
2025-05-26 16:55:45 | WARNING | Device 30642 was not found.
2025-05-26 16:55:45 | WARNING | Device not found in substitute_dict: 30642
2025-05-26 16:55:45 | WARNING | Device 28375 was not found.
2025-05-26 16:55:45 | WARNING | Device not found in substitute_dict: 28375
2025-05-26 16:55:45 | WARNING | Device 29658 was not found.
2025-05-26 16:55:45 | WARNING | Device not found in substitute_dict: 29658
2025-05-26 16:55:45 | WARNING | Device 33423 was not found.
2025-05-26 16:55:45 | WARNING | Device not found in substitute_dict: 33423
2025-05-26 16:55:45 | WARNING | Device 31049 was not found.
2025-05-26 16:55:45 | WARNING | Device not found in substitute_dict: 31049
2025-05-26 16:55:45 | WARNING | Device 31093 was not found.
2025-05-26 16:55:45 | WARNING | Device not found in substitute_dict: 31093
2025-05-26 16:55:45 | WARNING | Device 28386 was not found.
2025-05-26 16:55:45 | WARNING | Device not found in substitute_dict: 28386
2025-05-26 16:55:45 | WARNING | Device 29373 was not found.
2025-05-26 16:55:45 | WARNING | Device not found in substitute_dict: 29373
2025-05-26 16:55:45 | WARNING | Device 29851 was not found.
2025-05-26 16:55:45 | WARNING | Device not found in substitute_dict: 29851
2025-05-26 16:55:45 | WARNING | Device 29498 was not found.
2025-05-26 16:55:45 | WARNING | Device not found in substitute_dict: 29498
2025-05-26 16:55:45 | WARNING | Device 30080 was not found.
2025-05-26 16:55:45 | WARNING | Device not found in substitute_dict: 30080
2025-05-26 16:55:45 | WARNING | Device 29660 was not found.
2025-05-26 16:55:45 | WARNING | Device not found in substitute_dict: 29660
2025-05-26 16:55:45 | WARNING | Device 36766 was not found.
2025-05-26 16:55:45 | WARNING | Device not found in substitute_dict: 36766
2025-05-26 16:55:45 | WARNING | Device 36769 was not found.
2025-05-26 16:55:45 | WARNING | Device not found in substitute_dict: 36769
2025-05-26 16:55:45 | WARNING | Device 30688 was not found.
2025-05-26 16:55:45 | WARNING | Device not found in substitute_dict: 30688
2025-05-26 16:55:45 | WARNING | Device 33682 was not found.
2025-05-26 16:55:45 | WARNING | Device not found in substitute_dict: 33682
2025-05-26 16:55:45 | WARNING | Device 35927 was not found.
2025-05-26 16:55:45 | WARNING | Device not found in substitute_dict: 35927
2025-05-26 16:55:45 | WARNING | Device 33711 was not found.
2025-05-26 16:55:45 | WARNING | Device not found in substitute_dict: 33711
2025-05-26 16:55:45 | WARNING | Device 37208 was not found.
2025-05-26 16:55:45 | WARNING | Device not found in substitute_dict: 37208
2025-05-26 16:55:45 | WARNING | Device 37214 was not found.
2025-05-26 16:55:45 | WARNING | Device not found in substitute_dict: 37214
2025-05-26 16:55:45 | WARNING | Device AC000001_1 was not found.
2025-05-26 16:55:45 | WARNING | Device AC000004_1 was not found.
2025-05-26 16:55:45 | WARNING | Device AC000007_1 was not found.
2025-05-26 16:55:45 | WARNING | Device AC000010_1 was not found.
2025-05-26 16:55:45 | WARNING | Device AC000013_1 was not found.
2025-05-26 16:55:45 | WARNING | Device AC000002_1 was not found.
2025-05-26 16:55:45 | WARNING | Device AC000003_1 was not found.
2025-05-26 16:55:45 | WARNING | Device AC000005_1 was not found.
2025-05-26 16:55:45 | WARNING | Device VR1UJZKXZKW134851 was not found.
2025-05-26 16:55:45 | WARNING | Device AC000006_1 was not found.
2025-05-26 16:55:45 | WARNING | Device not found in substitute_dict: VR1UJZKXZKW134851
2025-05-26 16:55:45 | WARNING | Device AC000008_1 was not found.
2025-05-26 16:55:45 | WARNING | Device AC000009_1 was not found.
2025-05-26 16:55:45 | WARNING | Device AC000011_1 was not found.
2025-05-26 16:55:45 | WARNING | Device AC000012_1 was not found.
2025-05-26 16:55:45 | WARNING | Device pctesolate was not found.
2025-05-26 16:55:45 | WARNING | Device AC000014_1 was not found.
2025-05-26 16:55:45 | WARNING | Device not found in substitute_dict: pctesolate
2025-05-26 16:55:45 | WARNING | Device ACEXT001_1 was not found.
2025-05-26 16:55:45 | WARNING | Device ACEXT002_1 was not found.
2025-05-26 16:55:45 | WARNING | Device ACEXT003_1 was not found.
2025-05-26 16:55:45 | WARNING | Device ACEXT004_1 was not found.
2025-05-26 16:56:28 | ERROR | EnergyPrice: HTTPSConnectionPool(host='ks.innov.cleanwatts.energy', port=443): Max retries exceeded with url: /api/2.0/consumptions/instant?from=2025-01-05T08:48:00.0&tags=13389 (Caused by NameResolutionError("<urllib3.connection.HTTPSConnection object at 0x7fa69c0cf880>: Failed to resolve 'ks.innov.cleanwatts.energy' ([Errno -3] Temporary failure in name resolution)"))
2025-05-26 16:56:28 | ERROR | EnergyPrice: HTTPSConnectionPool(host='ks.innov.cleanwatts.energy', port=443): Max retries exceeded with url: /api/2.0/consumptions/instant?from=2025-01-05T08:48:00.0&tags=13389 (Caused by NameResolutionError("<urllib3.connection.HTTPSConnection object at 0x7fa69c235280>: Failed to resolve 'ks.innov.cleanwatts.energy' ([Errno -3] Temporary failure in name resolution)"))
2025-05-26 16:56:28 | ERROR | EnergyPrice: HTTPSConnectionPool(host='ks.innov.cleanwatts.energy', port=443): Max retries exceeded with url: /api/2.0/consumptions/instant?from=2025-01-05T08:48:00.0&tags=13389 (Caused by NameResolutionError("<urllib3.connection.HTTPSConnection object at 0x7fa69c25aa90>: Failed to resolve 'ks.innov.cleanwatts.energy' ([Errno -3] Temporary failure in name resolution)"))
2025-05-26 16:56:28 | ERROR | EnergyPrice: HTTPSConnectionPool(host='ks.innov.cleanwatts.energy', port=443): Max retries exceeded with url: /api/2.0/consumptions/instant?from=2025-01-05T08:48:00.0&tags=13389 (Caused by NameResolutionError("<urllib3.connection.HTTPSConnection object at 0x7fa69eb3b5b0>: Failed to resolve 'ks.innov.cleanwatts.energy' ([Errno -3] Temporary failure in name resolution)"))
2025-05-26 16:56:28 | ERROR | EnergyPrice: HTTPSConnectionPool(host='ks.innov.cleanwatts.energy', port=443): Max retries exceeded with url: /api/2.0/consumptions/instant?from=2025-01-05T08:48:00.0&tags=13389 (Caused by NameResolutionError("<urllib3.connection.HTTPSConnection object at 0x7fa69c11db80>: Failed to resolve 'ks.innov.cleanwatts.energy' ([Errno -3] Temporary failure in name resolution)"))
2025-05-26 16:56:28 | ERROR | EnergyPrice: HTTPSConnectionPool(host='ks.innov.cleanwatts.energy', port=443): Max retries exceeded with url: /api/2.0/consumptions/instant?from=2025-01-05T08:48:00.0&tags=13389 (Caused by NameResolutionError("<urllib3.connection.HTTPSConnection object at 0x7fa69c0bb160>: Failed to resolve 'ks.innov.cleanwatts.energy' ([Errno -3] Temporary failure in name resolution)"))
2025-05-26 16:56:28 | ERROR | EnergyPrice: HTTPSConnectionPool(host='ks.innov.cleanwatts.energy', port=443): Max retries exceeded with url: /api/2.0/consumptions/instant?from=2025-01-05T08:48:00.0&tags=13389 (Caused by NameResolutionError("<urllib3.connection.HTTPSConnection object at 0x7fa69c0dbd90>: Failed to resolve 'ks.innov.cleanwatts.energy' ([Errno -3] Temporary failure in name resolution)"))
2025-05-26 16:56:28 | ERROR | EnergyPrice: HTTPSConnectionPool(host='ks.innov.cleanwatts.energy', port=443): Max retries exceeded with url: /api/2.0/consumptions/instant?from=2025-01-05T08:48:00.0&tags=13389 (Caused by NameResolutionError("<urllib3.connection.HTTPSConnection object at 0x7fa69c1d88b0>: Failed to resolve 'ks.innov.cleanwatts.energy' ([Errno -3] Temporary failure in name resolution)"))
2025-05-26 16:56:28 | ERROR | EnergyPrice: HTTPSConnectionPool(host='ks.innov.cleanwatts.energy', port=443): Max retries exceeded with url: /api/2.0/consumptions/instant?from=2025-01-05T08:48:00.0&tags=13389 (Caused by NameResolutionError("<urllib3.connection.HTTPSConnection object at 0x7fa69c226cd0>: Failed to resolve 'ks.innov.cleanwatts.energy' ([Errno -3] Temporary failure in name resolution)"))
2025-05-26 16:56:28 | ERROR | EnergyPrice: HTTPSConnectionPool(host='ks.innov.cleanwatts.energy', port=443): Max retries exceeded with url: /api/2.0/consumptions/instant?from=2025-01-05T08:48:00.0&tags=13389 (Caused by NameResolutionError("<urllib3.connection.HTTPSConnection object at 0x7fa69c242e50>: Failed to resolve 'ks.innov.cleanwatts.energy' ([Errno -3] Temporary failure in name resolution)"))
2025-05-26 16:56:28 | ERROR | EnergyPrice: HTTPSConnectionPool(host='ks.innov.cleanwatts.energy', port=443): Max retries exceeded with url: /api/2.0/consumptions/instant?from=2025-01-05T08:48:00.0&tags=13389 (Caused by NameResolutionError("<urllib3.connection.HTTPSConnection object at 0x7fa69c130e20>: Failed to resolve 'ks.innov.cleanwatts.energy' ([Errno -3] Temporary failure in name resolution)"))
2025-05-26 16:56:28 | ERROR | EnergyPrice: HTTPSConnectionPool(host='ks.innov.cleanwatts.energy', port=443): Max retries exceeded with url: /api/2.0/consumptions/instant?from=2025-01-05T08:48:00.0&tags=13389 (Caused by NameResolutionError("<urllib3.connection.HTTPSConnection object at 0x7fa69c22fd30>: Failed to resolve 'ks.innov.cleanwatts.energy' ([Errno -3] Temporary failure in name resolution)"))
2025-05-26 16:56:28 | ERROR | EnergyPrice: HTTPSConnectionPool(host='ks.innov.cleanwatts.energy', port=443): Max retries exceeded with url: /api/2.0/consumptions/instant?from=2025-01-05T08:48:00.0&tags=13389 (Caused by NameResolutionError("<urllib3.connection.HTTPSConnection object at 0x7fa69c242550>: Failed to resolve 'ks.innov.cleanwatts.energy' ([Errno -3] Temporary failure in name resolution)"))
2025-05-26 16:56:28 | ERROR | EnergyPrice: HTTPSConnectionPool(host='ks.innov.cleanwatts.energy', port=443): Max retries exceeded with url: /api/2.0/consumptions/instant?from=2025-01-05T08:48:00.0&tags=13389 (Caused by NameResolutionError("<urllib3.connection.HTTPSConnection object at 0x7fa69caf2be0>: Failed to resolve 'ks.innov.cleanwatts.energy' ([Errno -3] Temporary failure in name resolution)"))
2025-05-26 16:56:28 | ERROR | EnergyPrice: HTTPSConnectionPool(host='ks.innov.cleanwatts.energy', port=443): Max retries exceeded with url: /api/2.0/consumptions/instant?from=2025-01-05T08:48:00.0&tags=13389 (Caused by NameResolutionError("<urllib3.connection.HTTPSConnection object at 0x7fa69c261a60>: Failed to resolve 'ks.innov.cleanwatts.energy' ([Errno -3] Temporary failure in name resolution)"))
2025-05-26 16:56:28 | ERROR | EnergyPrice: HTTPSConnectionPool(host='ks.innov.cleanwatts.energy', port=443): Max retries exceeded with url: /api/2.0/consumptions/instant?from=2025-01-05T08:48:00.0&tags=13389 (Caused by NameResolutionError("<urllib3.connection.HTTPSConnection object at 0x7fa6a07af250>: Failed to resolve 'ks.innov.cleanwatts.energy' ([Errno -3] Temporary failure in name resolution)"))
2025-05-26 16:56:28 | ERROR | EnergyPrice: HTTPSConnectionPool(host='ks.innov.cleanwatts.energy', port=443): Max retries exceeded with url: /api/2.0/consumptions/instant?from=2025-01-05T08:48:00.0&tags=13389 (Caused by NameResolutionError("<urllib3.connection.HTTPSConnection object at 0x7fa69cac0e50>: Failed to resolve 'ks.innov.cleanwatts.energy' ([Errno -3] Temporary failure in name resolution)"))
2025-05-26 16:56:33 | ERROR | Failed to insert data: No servers found yet, Timeout: 5.0s, Topology Description: <TopologyDescription id: 68349d3ccb5364b9ccfd3f43, topology_type: Unknown, servers: [<ServerDescription ('vsgate-s1.dei.isep.ipp.pt', 10246) server_type: Unknown, rtt: None>]>
2025-05-26 16:56:33 | ERROR | Failed to insert data: No servers found yet, Timeout: 5.0s, Topology Description: <TopologyDescription id: 68349d3ccb5364b9ccfd3f45, topology_type: Unknown, servers: [<ServerDescription ('vsgate-s1.dei.isep.ipp.pt', 10246) server_type: Unknown, rtt: None>]>
2025-05-26 16:56:33 | ERROR | Failed to insert data: No servers found yet, Timeout: 5.0s, Topology Description: <TopologyDescription id: 68349d3ccb5364b9ccfd3f47, topology_type: Unknown, servers: [<ServerDescription ('vsgate-s1.dei.isep.ipp.pt', 10246) server_type: Unknown, rtt: None>]>
2025-05-26 16:56:33 | ERROR | Failed to insert data: No servers found yet, Timeout: 5.0s, Topology Description: <TopologyDescription id: 68349d3ccb5364b9ccfd3f48, topology_type: Unknown, servers: [<ServerDescription ('vsgate-s1.dei.isep.ipp.pt', 10246) server_type: Unknown, rtt: None>]>
2025-05-26 16:56:33 | ERROR | Failed to insert data: No servers found yet, Timeout: 5.0s, Topology Description: <TopologyDescription id: 68349d3ccb5364b9ccfd3f4b, topology_type: Unknown, servers: [<ServerDescription ('vsgate-s1.dei.isep.ipp.pt', 10246) server_type: Unknown, rtt: None>]>
2025-05-26 16:56:33 | ERROR | Failed to insert data: No servers found yet, Timeout: 5.0s, Topology Description: <TopologyDescription id: 68349d3ccb5364b9ccfd3f4d, topology_type: Unknown, servers: [<ServerDescription ('vsgate-s1.dei.isep.ipp.pt', 10246) server_type: Unknown, rtt: None>]>
2025-05-26 16:56:33 | ERROR | Failed to insert data: No servers found yet, Timeout: 5.0s, Topology Description: <TopologyDescription id: 68349d3ccb5364b9ccfd3f4f, topology_type: Unknown, servers: [<ServerDescription ('vsgate-s1.dei.isep.ipp.pt', 10246) server_type: Unknown, rtt: None>]>
2025-05-26 16:56:33 | ERROR | Failed to insert data: No servers found yet, Timeout: 5.0s, Topology Description: <TopologyDescription id: 68349d3ccb5364b9ccfd3f50, topology_type: Unknown, servers: [<ServerDescription ('vsgate-s1.dei.isep.ipp.pt', 10246) server_type: Unknown, rtt: None>]>
2025-05-26 16:56:33 | ERROR | Failed to insert data: No servers found yet, Timeout: 5.0s, Topology Description: <TopologyDescription id: 68349d3ccb5364b9ccfd3f53, topology_type: Unknown, servers: [<ServerDescription ('vsgate-s1.dei.isep.ipp.pt', 10246) server_type: Unknown, rtt: None>]>
2025-05-26 16:56:33 | ERROR | Failed to insert data: No servers found yet, Timeout: 5.0s, Topology Description: <TopologyDescription id: 68349d3ccb5364b9ccfd3f55, topology_type: Unknown, servers: [<ServerDescription ('vsgate-s1.dei.isep.ipp.pt', 10246) server_type: Unknown, rtt: None>]>
2025-05-26 16:56:33 | ERROR | Failed to insert data: No servers found yet, Timeout: 5.0s, Topology Description: <TopologyDescription id: 68349d3ccb5364b9ccfd3f57, topology_type: Unknown, servers: [<ServerDescription ('vsgate-s1.dei.isep.ipp.pt', 10246) server_type: Unknown, rtt: None>]>
2025-05-26 16:56:33 | ERROR | Failed to insert data: No servers found yet, Timeout: 5.0s, Topology Description: <TopologyDescription id: 68349d3ccb5364b9ccfd3f59, topology_type: Unknown, servers: [<ServerDescription ('vsgate-s1.dei.isep.ipp.pt', 10246) server_type: Unknown, rtt: None>]>
2025-05-26 16:56:33 | ERROR | Failed to insert data: No servers found yet, Timeout: 5.0s, Topology Description: <TopologyDescription id: 68349d3ccb5364b9ccfd3f5b, topology_type: Unknown, servers: [<ServerDescription ('vsgate-s1.dei.isep.ipp.pt', 10246) server_type: Unknown, rtt: None>]>
2025-05-26 16:56:33 | ERROR | Failed to insert data: No servers found yet, Timeout: 5.0s, Topology Description: <TopologyDescription id: 68349d3ccb5364b9ccfd3f5d, topology_type: Unknown, servers: [<ServerDescription ('vsgate-s1.dei.isep.ipp.pt', 10246) server_type: Unknown, rtt: None>]>
2025-05-26 16:56:33 | ERROR | Failed to insert data: No servers found yet, Timeout: 5.0s, Topology Description: <TopologyDescription id: 68349d3ccb5364b9ccfd3f5f, topology_type: Unknown, servers: [<ServerDescription ('vsgate-s1.dei.isep.ipp.pt', 10246) server_type: Unknown, rtt: None>]>
2025-05-26 16:56:33 | ERROR | Failed to insert data: No servers found yet, Timeout: 5.0s, Topology Description: <TopologyDescription id: 68349d3ccb5364b9ccfd3f61, topology_type: Unknown, servers: [<ServerDescription ('vsgate-s1.dei.isep.ipp.pt', 10246) server_type: Unknown, rtt: None>]>
2025-05-26 16:56:33 | ERROR | Failed to insert data: No servers found yet, Timeout: 5.0s, Topology Description: <TopologyDescription id: 68349d3ccb5364b9ccfd3f62, topology_type: Unknown, servers: [<ServerDescription ('vsgate-s1.dei.isep.ipp.pt', 10246) server_type: Unknown, rtt: None>]>
2025-05-26 16:56:46 | WARNING | Device 29720 was not found.
2025-05-26 16:56:46 | WARNING | Device not found in substitute_dict: 29720
2025-05-26 16:56:46 | WARNING | Device 29725 was not found.
2025-05-26 16:56:46 | WARNING | Device not found in substitute_dict: 29725
2025-05-26 16:56:46 | WARNING | Device 28387 was not found.
2025-05-26 16:56:46 | WARNING | Device not found in substitute_dict: 28387
2025-05-26 16:56:46 | WARNING | Device 30634 was not found.
2025-05-26 16:56:46 | WARNING | Device not found in substitute_dict: 30634
2025-05-26 16:56:46 | WARNING | Device 30642 was not found.
2025-05-26 16:56:46 | WARNING | Device not found in substitute_dict: 30642
2025-05-26 16:56:46 | WARNING | Device 28375 was not found.
2025-05-26 16:56:46 | WARNING | Device not found in substitute_dict: 28375
2025-05-26 16:56:46 | WARNING | Device 29658 was not found.
2025-05-26 16:56:46 | WARNING | Device not found in substitute_dict: 29658
2025-05-26 16:56:46 | WARNING | Device 33423 was not found.
2025-05-26 16:56:46 | WARNING | Device not found in substitute_dict: 33423
2025-05-26 16:56:46 | WARNING | Device 31049 was not found.
2025-05-26 16:56:46 | WARNING | Device not found in substitute_dict: 31049
2025-05-26 16:56:46 | WARNING | Device 31093 was not found.
2025-05-26 16:56:46 | WARNING | Device not found in substitute_dict: 31093
2025-05-26 16:56:46 | WARNING | Device 28386 was not found.
2025-05-26 16:56:46 | WARNING | Device not found in substitute_dict: 28386
2025-05-26 16:56:46 | WARNING | Device 29373 was not found.
2025-05-26 16:56:46 | WARNING | Device not found in substitute_dict: 29373
2025-05-26 16:56:46 | WARNING | Device 29851 was not found.
2025-05-26 16:56:46 | WARNING | Device not found in substitute_dict: 29851
2025-05-26 16:56:46 | WARNING | Device 29498 was not found.
2025-05-26 16:56:46 | WARNING | Device not found in substitute_dict: 29498
2025-05-26 16:56:46 | WARNING | Device 30080 was not found.
2025-05-26 16:56:46 | WARNING | Device not found in substitute_dict: 30080
2025-05-26 16:56:46 | WARNING | Device 29660 was not found.
2025-05-26 16:56:46 | WARNING | Device not found in substitute_dict: 29660
2025-05-26 16:56:46 | WARNING | Device 36766 was not found.
2025-05-26 16:56:46 | WARNING | Device not found in substitute_dict: 36766
2025-05-26 16:56:46 | WARNING | Device 36769 was not found.
2025-05-26 16:56:46 | WARNING | Device not found in substitute_dict: 36769
2025-05-26 16:56:46 | WARNING | Device 30688 was not found.
2025-05-26 16:56:46 | WARNING | Device not found in substitute_dict: 30688
2025-05-26 16:56:46 | WARNING | Device 33682 was not found.
2025-05-26 16:56:46 | WARNING | Device not found in substitute_dict: 33682
2025-05-26 16:56:46 | WARNING | Device 35927 was not found.
2025-05-26 16:56:46 | WARNING | Device not found in substitute_dict: 35927
2025-05-26 16:56:46 | WARNING | Device 33711 was not found.
2025-05-26 16:56:46 | WARNING | Device not found in substitute_dict: 33711
2025-05-26 16:56:46 | WARNING | Device 37208 was not found.
2025-05-26 16:56:46 | WARNING | Device not found in substitute_dict: 37208
2025-05-26 16:56:46 | WARNING | Device 37214 was not found.
2025-05-26 16:56:46 | WARNING | Device not found in substitute_dict: 37214
2025-05-26 16:56:46 | WARNING | Device AC000001_1 was not found.
2025-05-26 16:56:46 | WARNING | Device AC000004_1 was not found.
2025-05-26 16:56:46 | WARNING | Device AC000007_1 was not found.
2025-05-26 16:56:46 | WARNING | Device AC000010_1 was not found.
2025-05-26 16:56:46 | WARNING | Device AC000013_1 was not found.
2025-05-26 16:56:46 | WARNING | Device AC000002_1 was not found.
2025-05-26 16:56:46 | WARNING | Device AC000003_1 was not found.
2025-05-26 16:56:46 | WARNING | Device AC000005_1 was not found.
2025-05-26 16:56:46 | WARNING | Device VR1UJZKXZKW134851 was not found.
2025-05-26 16:56:46 | WARNING | Device AC000006_1 was not found.
2025-05-26 16:56:46 | WARNING | Device not found in substitute_dict: VR1UJZKXZKW134851
2025-05-26 16:56:46 | WARNING | Device AC000008_1 was not found.
2025-05-26 16:56:46 | WARNING | Device pctesolate was not found.
2025-05-26 16:56:46 | WARNING | Device AC000009_1 was not found.
2025-05-26 16:56:46 | WARNING | Device not found in substitute_dict: pctesolate
2025-05-26 16:56:46 | WARNING | Device AC000011_1 was not found.
2025-05-26 16:56:46 | WARNING | Device AC000012_1 was not found.
2025-05-26 16:56:46 | WARNING | Device AC000014_1 was not found.
2025-05-26 16:56:46 | WARNING | Device ACEXT001_1 was not found.
2025-05-26 16:56:46 | WARNING | Device ACEXT002_1 was not found.
2025-05-26 16:56:46 | WARNING | Device ACEXT003_1 was not found.
2025-05-26 16:56:46 | WARNING | Device ACEXT004_1 was not found.
2025-05-26 16:57:26 | ERROR | EnergyPrice: HTTPSConnectionPool(host='ks.innov.cleanwatts.energy', port=443): Max retries exceeded with url: /api/2.0/consumptions/instant?from=2025-01-05T08:48:00.0&tags=13389 (Caused by NameResolutionError("<urllib3.connection.HTTPSConnection object at 0x7fa69c242850>: Failed to resolve 'ks.innov.cleanwatts.energy' ([Errno -3] Temporary failure in name resolution)"))
2025-05-26 16:57:26 | ERROR | EnergyPrice: HTTPSConnectionPool(host='ks.innov.cleanwatts.energy', port=443): Max retries exceeded with url: /api/2.0/consumptions/instant?from=2025-01-05T08:48:00.0&tags=13389 (Caused by NameResolutionError("<urllib3.connection.HTTPSConnection object at 0x7fa69c1f4610>: Failed to resolve 'ks.innov.cleanwatts.energy' ([Errno -3] Temporary failure in name resolution)"))
2025-05-26 16:57:26 | ERROR | EnergyPrice: HTTPSConnectionPool(host='ks.innov.cleanwatts.energy', port=443): Max retries exceeded with url: /api/2.0/consumptions/instant?from=2025-01-05T08:48:00.0&tags=13389 (Caused by NameResolutionError("<urllib3.connection.HTTPSConnection object at 0x7fa69c269880>: Failed to resolve 'ks.innov.cleanwatts.energy' ([Errno -3] Temporary failure in name resolution)"))
2025-05-26 16:57:26 | ERROR | EnergyPrice: HTTPSConnectionPool(host='ks.innov.cleanwatts.energy', port=443): Max retries exceeded with url: /api/2.0/consumptions/instant?from=2025-01-05T08:48:00.0&tags=13389 (Caused by NameResolutionError("<urllib3.connection.HTTPSConnection object at 0x7fa69c235eb0>: Failed to resolve 'ks.innov.cleanwatts.energy' ([Errno -3] Temporary failure in name resolution)"))
2025-05-26 16:57:26 | ERROR | EnergyPrice: HTTPSConnectionPool(host='ks.innov.cleanwatts.energy', port=443): Max retries exceeded with url: /api/2.0/consumptions/instant?from=2025-01-05T08:48:00.0&tags=13389 (Caused by NameResolutionError("<urllib3.connection.HTTPSConnection object at 0x7fa69c11dee0>: Failed to resolve 'ks.innov.cleanwatts.energy' ([Errno -3] Temporary failure in name resolution)"))
2025-05-26 16:57:26 | ERROR | EnergyPrice: HTTPSConnectionPool(host='ks.innov.cleanwatts.energy', port=443): Max retries exceeded with url: /api/2.0/consumptions/instant?from=2025-01-05T08:48:00.0&tags=13389 (Caused by NameResolutionError("<urllib3.connection.HTTPSConnection object at 0x7fa69c126790>: Failed to resolve 'ks.innov.cleanwatts.energy' ([Errno -3] Temporary failure in name resolution)"))
2025-05-26 16:57:26 | ERROR | EnergyPrice: HTTPSConnectionPool(host='ks.innov.cleanwatts.energy', port=443): Max retries exceeded with url: /api/2.0/consumptions/instant?from=2025-01-05T08:48:00.0&tags=13389 (Caused by NameResolutionError("<urllib3.connection.HTTPSConnection object at 0x7fa69cac7fd0>: Failed to resolve 'ks.innov.cleanwatts.energy' ([Errno -3] Temporary failure in name resolution)"))
2025-05-26 16:57:26 | ERROR | EnergyPrice: HTTPSConnectionPool(host='ks.innov.cleanwatts.energy', port=443): Max retries exceeded with url: /api/2.0/consumptions/instant?from=2025-01-05T08:48:00.0&tags=13389 (Caused by NameResolutionError("<urllib3.connection.HTTPSConnection object at 0x7fa69c2b4a60>: Failed to resolve 'ks.innov.cleanwatts.energy' ([Errno -3] Temporary failure in name resolution)"))
2025-05-26 16:57:26 | ERROR | EnergyPrice: HTTPSConnectionPool(host='ks.innov.cleanwatts.energy', port=443): Max retries exceeded with url: /api/2.0/consumptions/instant?from=2025-01-05T08:48:00.0&tags=13389 (Caused by NameResolutionError("<urllib3.connection.HTTPSConnection object at 0x7fa69c269520>: Failed to resolve 'ks.innov.cleanwatts.energy' ([Errno -3] Temporary failure in name resolution)"))
2025-05-26 16:57:26 | ERROR | EnergyPrice: HTTPSConnectionPool(host='ks.innov.cleanwatts.energy', port=443): Max retries exceeded with url: /api/2.0/consumptions/instant?from=2025-01-05T08:48:00.0&tags=13389 (Caused by NameResolutionError("<urllib3.connection.HTTPSConnection object at 0x7fa69c261d60>: Failed to resolve 'ks.innov.cleanwatts.energy' ([Errno -3] Temporary failure in name resolution)"))
2025-05-26 16:57:26 | ERROR | EnergyPrice: HTTPSConnectionPool(host='ks.innov.cleanwatts.energy', port=443): Max retries exceeded with url: /api/2.0/consumptions/instant?from=2025-01-05T08:48:00.0&tags=13389 (Caused by NameResolutionError("<urllib3.connection.HTTPSConnection object at 0x7fa69c0db130>: Failed to resolve 'ks.innov.cleanwatts.energy' ([Errno -3] Temporary failure in name resolution)"))
2025-05-26 16:57:26 | ERROR | EnergyPrice: HTTPSConnectionPool(host='ks.innov.cleanwatts.energy', port=443): Max retries exceeded with url: /api/2.0/consumptions/instant?from=2025-01-05T08:48:00.0&tags=13389 (Caused by NameResolutionError("<urllib3.connection.HTTPSConnection object at 0x7fa69cae35b0>: Failed to resolve 'ks.innov.cleanwatts.energy' ([Errno -3] Temporary failure in name resolution)"))
2025-05-26 16:57:26 | ERROR | EnergyPrice: HTTPSConnectionPool(host='ks.innov.cleanwatts.energy', port=443): Max retries exceeded with url: /api/2.0/consumptions/instant?from=2025-01-05T08:48:00.0&tags=13389 (Caused by NameResolutionError("<urllib3.connection.HTTPSConnection object at 0x7fa69c213550>: Failed to resolve 'ks.innov.cleanwatts.energy' ([Errno -3] Temporary failure in name resolution)"))
2025-05-26 16:57:26 | ERROR | EnergyPrice: HTTPSConnectionPool(host='ks.innov.cleanwatts.energy', port=443): Max retries exceeded with url: /api/2.0/consumptions/instant?from=2025-01-05T08:48:00.0&tags=13389 (Caused by NameResolutionError("<urllib3.connection.HTTPSConnection object at 0x7fa6a07af850>: Failed to resolve 'ks.innov.cleanwatts.energy' ([Errno -3] Temporary failure in name resolution)"))
2025-05-26 16:57:26 | ERROR | EnergyPrice: HTTPSConnectionPool(host='ks.innov.cleanwatts.energy', port=443): Max retries exceeded with url: /api/2.0/consumptions/instant?from=2025-01-05T08:48:00.0&tags=13389 (Caused by NameResolutionError("<urllib3.connection.HTTPSConnection object at 0x7fa69c130eb0>: Failed to resolve 'ks.innov.cleanwatts.energy' ([Errno -3] Temporary failure in name resolution)"))
2025-05-26 16:57:26 | ERROR | EnergyPrice: HTTPSConnectionPool(host='ks.innov.cleanwatts.energy', port=443): Max retries exceeded with url: /api/2.0/consumptions/instant?from=2025-01-05T08:48:00.0&tags=13389 (Caused by NameResolutionError("<urllib3.connection.HTTPSConnection object at 0x7fa69c185940>: Failed to resolve 'ks.innov.cleanwatts.energy' ([Errno -3] Temporary failure in name resolution)"))
2025-05-26 16:57:26 | ERROR | EnergyPrice: HTTPSConnectionPool(host='ks.innov.cleanwatts.energy', port=443): Max retries exceeded with url: /api/2.0/consumptions/instant?from=2025-01-05T08:48:00.0&tags=13389 (Caused by NameResolutionError("<urllib3.connection.HTTPSConnection object at 0x7fa69c1269d0>: Failed to resolve 'ks.innov.cleanwatts.energy' ([Errno -3] Temporary failure in name resolution)"))
2025-05-26 16:57:31 | ERROR | Failed to insert data: No servers found yet, Timeout: 5.0s, Topology Description: <TopologyDescription id: 68349d76cb5364b9ccfd3f65, topology_type: Unknown, servers: [<ServerDescription ('vsgate-s1.dei.isep.ipp.pt', 10246) server_type: Unknown, rtt: None>]>
2025-05-26 16:57:31 | ERROR | Failed to insert data: No servers found yet, Timeout: 5.0s, Topology Description: <TopologyDescription id: 68349d76cb5364b9ccfd3f68, topology_type: Unknown, servers: [<ServerDescription ('vsgate-s1.dei.isep.ipp.pt', 10246) server_type: Unknown, rtt: None>]>
2025-05-26 16:57:31 | ERROR | Failed to insert data: No servers found yet, Timeout: 5.0s, Topology Description: <TopologyDescription id: 68349d76cb5364b9ccfd3f67, topology_type: Unknown, servers: [<ServerDescription ('vsgate-s1.dei.isep.ipp.pt', 10246) server_type: Unknown, rtt: None>]>
2025-05-26 16:57:31 | ERROR | Failed to insert data: No servers found yet, Timeout: 5.0s, Topology Description: <TopologyDescription id: 68349d76cb5364b9ccfd3f69, topology_type: Unknown, servers: [<ServerDescription ('vsgate-s1.dei.isep.ipp.pt', 10246) server_type: Unknown, rtt: None>]>
2025-05-26 16:57:31 | ERROR | Failed to insert data: No servers found yet, Timeout: 5.0s, Topology Description: <TopologyDescription id: 68349d76cb5364b9ccfd3f6a, topology_type: Unknown, servers: [<ServerDescription ('vsgate-s1.dei.isep.ipp.pt', 10246) server_type: Unknown, rtt: None>]>
2025-05-26 16:57:31 | ERROR | Failed to insert data: No servers found yet, Timeout: 5.0s, Topology Description: <TopologyDescription id: 68349d76cb5364b9ccfd3f6e, topology_type: Unknown, servers: [<ServerDescription ('vsgate-s1.dei.isep.ipp.pt', 10246) server_type: Unknown, rtt: None>]>
2025-05-26 16:57:31 | ERROR | Failed to insert data: No servers found yet, Timeout: 5.0s, Topology Description: <TopologyDescription id: 68349d76cb5364b9ccfd3f71, topology_type: Unknown, servers: [<ServerDescription ('vsgate-s1.dei.isep.ipp.pt', 10246) server_type: Unknown, rtt: None>]>
2025-05-26 16:57:31 | ERROR | Failed to insert data: No servers found yet, Timeout: 5.0s, Topology Description: <TopologyDescription id: 68349d76cb5364b9ccfd3f72, topology_type: Unknown, servers: [<ServerDescription ('vsgate-s1.dei.isep.ipp.pt', 10246) server_type: Unknown, rtt: None>]>
2025-05-26 16:57:31 | ERROR | Failed to insert data: No servers found yet, Timeout: 5.0s, Topology Description: <TopologyDescription id: 68349d76cb5364b9ccfd3f73, topology_type: Unknown, servers: [<ServerDescription ('vsgate-s1.dei.isep.ipp.pt', 10246) server_type: Unknown, rtt: None>]>
2025-05-26 16:57:31 | ERROR | Failed to insert data: No servers found yet, Timeout: 5.0s, Topology Description: <TopologyDescription id: 68349d76cb5364b9ccfd3f77, topology_type: Unknown, servers: [<ServerDescription ('vsgate-s1.dei.isep.ipp.pt', 10246) server_type: Unknown, rtt: None>]>
2025-05-26 16:57:31 | ERROR | Failed to insert data: No servers found yet, Timeout: 5.0s, Topology Description: <TopologyDescription id: 68349d76cb5364b9ccfd3f79, topology_type: Unknown, servers: [<ServerDescription ('vsgate-s1.dei.isep.ipp.pt', 10246) server_type: Unknown, rtt: None>]>
2025-05-26 16:57:31 | ERROR | Failed to insert data: No servers found yet, Timeout: 5.0s, Topology Description: <TopologyDescription id: 68349d76cb5364b9ccfd3f7b, topology_type: Unknown, servers: [<ServerDescription ('vsgate-s1.dei.isep.ipp.pt', 10246) server_type: Unknown, rtt: None>]>
2025-05-26 16:57:31 | ERROR | Failed to insert data: No servers found yet, Timeout: 5.0s, Topology Description: <TopologyDescription id: 68349d76cb5364b9ccfd3f7d, topology_type: Unknown, servers: [<ServerDescription ('vsgate-s1.dei.isep.ipp.pt', 10246) server_type: Unknown, rtt: None>]>
2025-05-26 16:57:31 | ERROR | Failed to insert data: No servers found yet, Timeout: 5.0s, Topology Description: <TopologyDescription id: 68349d76cb5364b9ccfd3f7f, topology_type: Unknown, servers: [<ServerDescription ('vsgate-s1.dei.isep.ipp.pt', 10246) server_type: Unknown, rtt: None>]>
2025-05-26 16:57:31 | ERROR | Failed to insert data: No servers found yet, Timeout: 5.0s, Topology Description: <TopologyDescription id: 68349d76cb5364b9ccfd3f81, topology_type: Unknown, servers: [<ServerDescription ('vsgate-s1.dei.isep.ipp.pt', 10246) server_type: Unknown, rtt: None>]>
2025-05-26 16:57:31 | ERROR | Failed to insert data: No servers found yet, Timeout: 5.0s, Topology Description: <TopologyDescription id: 68349d76cb5364b9ccfd3f83, topology_type: Unknown, servers: [<ServerDescription ('vsgate-s1.dei.isep.ipp.pt', 10246) server_type: Unknown, rtt: None>]>
2025-05-26 16:57:31 | ERROR | Failed to insert data: No servers found yet, Timeout: 5.0s, Topology Description: <TopologyDescription id: 68349d76cb5364b9ccfd3f84, topology_type: Unknown, servers: [<ServerDescription ('vsgate-s1.dei.isep.ipp.pt', 10246) server_type: Unknown, rtt: None>]>
2025-05-26 16:57:43 | WARNING | Device 29720 was not found.
2025-05-26 16:57:43 | WARNING | Device not found in substitute_dict: 29720
2025-05-26 16:57:43 | WARNING | Device 29725 was not found.
2025-05-26 16:57:43 | WARNING | Device not found in substitute_dict: 29725
2025-05-26 16:57:43 | WARNING | Device 28387 was not found.
2025-05-26 16:57:43 | WARNING | Device not found in substitute_dict: 28387
2025-05-26 16:57:43 | WARNING | Device 30634 was not found.
2025-05-26 16:57:43 | WARNING | Device not found in substitute_dict: 30634
2025-05-26 16:57:43 | WARNING | Device 30642 was not found.
2025-05-26 16:57:43 | WARNING | Device not found in substitute_dict: 30642
2025-05-26 16:57:43 | WARNING | Device 28375 was not found.
2025-05-26 16:57:43 | WARNING | Device not found in substitute_dict: 28375
2025-05-26 16:57:43 | WARNING | Device 29658 was not found.
2025-05-26 16:57:43 | WARNING | Device not found in substitute_dict: 29658
2025-05-26 16:57:43 | WARNING | Device 33423 was not found.
2025-05-26 16:57:43 | WARNING | Device not found in substitute_dict: 33423
2025-05-26 16:57:43 | WARNING | Device 31049 was not found.
2025-05-26 16:57:43 | WARNING | Device not found in substitute_dict: 31049
2025-05-26 16:57:43 | WARNING | Device 31093 was not found.
2025-05-26 16:57:43 | WARNING | Device not found in substitute_dict: 31093
2025-05-26 16:57:43 | WARNING | Device 28386 was not found.
2025-05-26 16:57:43 | WARNING | Device not found in substitute_dict: 28386
2025-05-26 16:57:43 | WARNING | Device 29373 was not found.
2025-05-26 16:57:43 | WARNING | Device not found in substitute_dict: 29373
2025-05-26 16:57:43 | WARNING | Device 29851 was not found.
2025-05-26 16:57:43 | WARNING | Device not found in substitute_dict: 29851
2025-05-26 16:57:43 | WARNING | Device 29498 was not found.
2025-05-26 16:57:43 | WARNING | Device not found in substitute_dict: 29498
2025-05-26 16:57:43 | WARNING | Device 30080 was not found.
2025-05-26 16:57:43 | WARNING | Device not found in substitute_dict: 30080
2025-05-26 16:57:43 | WARNING | Device 29660 was not found.
2025-05-26 16:57:43 | WARNING | Device not found in substitute_dict: 29660
2025-05-26 16:57:43 | WARNING | Device 36766 was not found.
2025-05-26 16:57:43 | WARNING | Device not found in substitute_dict: 36766
2025-05-26 16:57:43 | WARNING | Device 36769 was not found.
2025-05-26 16:57:43 | WARNING | Device not found in substitute_dict: 36769
2025-05-26 16:57:43 | WARNING | Device 30688 was not found.
2025-05-26 16:57:43 | WARNING | Device not found in substitute_dict: 30688
2025-05-26 16:57:43 | WARNING | Device 33682 was not found.
2025-05-26 16:57:43 | WARNING | Device not found in substitute_dict: 33682
2025-05-26 16:57:43 | WARNING | Device 35927 was not found.
2025-05-26 16:57:43 | WARNING | Device not found in substitute_dict: 35927
2025-05-26 16:57:43 | WARNING | Device 33711 was not found.
2025-05-26 16:57:43 | WARNING | Device not found in substitute_dict: 33711
2025-05-26 16:57:43 | WARNING | Device 37208 was not found.
2025-05-26 16:57:43 | WARNING | Device not found in substitute_dict: 37208
2025-05-26 16:57:43 | WARNING | Device 37214 was not found.
2025-05-26 16:57:43 | WARNING | Device not found in substitute_dict: 37214
2025-05-26 16:57:43 | WARNING | Device AC000001_1 was not found.
2025-05-26 16:57:43 | WARNING | Device AC000004_1 was not found.
2025-05-26 16:57:43 | WARNING | Device AC000007_1 was not found.
2025-05-26 16:57:43 | WARNING | Device AC000010_1 was not found.
2025-05-26 16:57:43 | WARNING | Device AC000013_1 was not found.
2025-05-26 16:57:43 | WARNING | Device AC000002_1 was not found.
2025-05-26 16:57:43 | WARNING | Device AC000003_1 was not found.
2025-05-26 16:57:43 | WARNING | Device AC000005_1 was not found.
2025-05-26 16:57:43 | WARNING | Device AC000006_1 was not found.
2025-05-26 16:57:43 | WARNING | Device VR1UJZKXZKW134851 was not found.
2025-05-26 16:57:43 | WARNING | Device AC000008_1 was not found.
2025-05-26 16:57:43 | WARNING | Device not found in substitute_dict: VR1UJZKXZKW134851
2025-05-26 16:57:43 | WARNING | Device AC000009_1 was not found.
2025-05-26 16:57:44 | WARNING | Device AC000011_1 was not found.
2025-05-26 16:57:44 | WARNING | Device pctesolate was not found.
2025-05-26 16:57:44 | WARNING | Device AC000012_1 was not found.
2025-05-26 16:57:44 | WARNING | Device not found in substitute_dict: pctesolate
2025-05-26 16:57:44 | WARNING | Device AC000014_1 was not found.
2025-05-26 16:57:44 | WARNING | Device ACEXT001_1 was not found.
2025-05-26 16:57:44 | WARNING | Device ACEXT002_1 was not found.
2025-05-26 16:57:44 | WARNING | Device ACEXT003_1 was not found.
2025-05-26 16:57:44 | WARNING | Device ACEXT004_1 was not found.
2025-05-26 16:58:25 | ERROR | EnergyPrice: HTTPSConnectionPool(host='ks.innov.cleanwatts.energy', port=443): Max retries exceeded with url: /api/2.0/consumptions/instant?from=2025-01-05T08:48:00.0&tags=13389 (Caused by NameResolutionError("<urllib3.connection.HTTPSConnection object at 0x7fa69c221880>: Failed to resolve 'ks.innov.cleanwatts.energy' ([Errno -3] Temporary failure in name resolution)"))
2025-05-26 16:58:25 | ERROR | EnergyPrice: HTTPSConnectionPool(host='ks.innov.cleanwatts.energy', port=443): Max retries exceeded with url: /api/2.0/consumptions/instant?from=2025-01-05T08:48:00.0&tags=13389 (Caused by NameResolutionError("<urllib3.connection.HTTPSConnection object at 0x7fa69c1ae7f0>: Failed to resolve 'ks.innov.cleanwatts.energy' ([Errno -3] Temporary failure in name resolution)"))
2025-05-26 16:58:25 | ERROR | EnergyPrice: HTTPSConnectionPool(host='ks.innov.cleanwatts.energy', port=443): Max retries exceeded with url: /api/2.0/consumptions/instant?from=2025-01-05T08:48:00.0&tags=13389 (Caused by NameResolutionError("<urllib3.connection.HTTPSConnection object at 0x7fa69c198e50>: Failed to resolve 'ks.innov.cleanwatts.energy' ([Errno -3] Temporary failure in name resolution)"))
2025-05-26 16:58:25 | ERROR | EnergyPrice: HTTPSConnectionPool(host='ks.innov.cleanwatts.energy', port=443): Max retries exceeded with url: /api/2.0/consumptions/instant?from=2025-01-05T08:48:00.0&tags=13389 (Caused by NameResolutionError("<urllib3.connection.HTTPSConnection object at 0x7fa69c198ac0>: Failed to resolve 'ks.innov.cleanwatts.energy' ([Errno -3] Temporary failure in name resolution)"))
2025-05-26 16:58:25 | ERROR | EnergyPrice: HTTPSConnectionPool(host='ks.innov.cleanwatts.energy', port=443): Max retries exceeded with url: /api/2.0/consumptions/instant?from=2025-01-05T08:48:00.0&tags=13389 (Caused by NameResolutionError("<urllib3.connection.HTTPSConnection object at 0x7fa69c25ac10>: Failed to resolve 'ks.innov.cleanwatts.energy' ([Errno -3] Temporary failure in name resolution)"))
2025-05-26 16:58:25 | ERROR | EnergyPrice: HTTPSConnectionPool(host='ks.innov.cleanwatts.energy', port=443): Max retries exceeded with url: /api/2.0/consumptions/instant?from=2025-01-05T08:48:00.0&tags=13389 (Caused by NameResolutionError("<urllib3.connection.HTTPSConnection object at 0x7fa69c0bbbe0>: Failed to resolve 'ks.innov.cleanwatts.energy' ([Errno -3] Temporary failure in name resolution)"))
2025-05-26 16:58:25 | ERROR | EnergyPrice: HTTPSConnectionPool(host='ks.innov.cleanwatts.energy', port=443): Max retries exceeded with url: /api/2.0/consumptions/instant?from=2025-01-05T08:48:00.0&tags=13389 (Caused by NameResolutionError("<urllib3.connection.HTTPSConnection object at 0x7fa69c22f130>: Failed to resolve 'ks.innov.cleanwatts.energy' ([Errno -3] Temporary failure in name resolution)"))
2025-05-26 16:58:25 | ERROR | EnergyPrice: HTTPSConnectionPool(host='ks.innov.cleanwatts.energy', port=443): Max retries exceeded with url: /api/2.0/consumptions/instant?from=2025-01-05T08:48:00.0&tags=13389 (Caused by NameResolutionError("<urllib3.connection.HTTPSConnection object at 0x7fa69c20a400>: Failed to resolve 'ks.innov.cleanwatts.energy' ([Errno -3] Temporary failure in name resolution)"))
2025-05-26 16:58:25 | ERROR | EnergyPrice: HTTPSConnectionPool(host='ks.innov.cleanwatts.energy', port=443): Max retries exceeded with url: /api/2.0/consumptions/instant?from=2025-01-05T08:48:00.0&tags=13389 (Caused by NameResolutionError("<urllib3.connection.HTTPSConnection object at 0x7fa69caeca30>: Failed to resolve 'ks.innov.cleanwatts.energy' ([Errno -3] Temporary failure in name resolution)"))
2025-05-26 16:58:25 | ERROR | EnergyPrice: HTTPSConnectionPool(host='ks.innov.cleanwatts.energy', port=443): Max retries exceeded with url: /api/2.0/consumptions/instant?from=2025-01-05T08:48:00.0&tags=13389 (Caused by NameResolutionError("<urllib3.connection.HTTPSConnection object at 0x7fa69c24dd60>: Failed to resolve 'ks.innov.cleanwatts.energy' ([Errno -3] Temporary failure in name resolution)"))
2025-05-26 16:58:25 | ERROR | EnergyPrice: HTTPSConnectionPool(host='ks.innov.cleanwatts.energy', port=443): Max retries exceeded with url: /api/2.0/consumptions/instant?from=2025-01-05T08:48:00.0&tags=13389 (Caused by NameResolutionError("<urllib3.connection.HTTPSConnection object at 0x7fa69c218a90>: Failed to resolve 'ks.innov.cleanwatts.energy' ([Errno -3] Temporary failure in name resolution)"))
2025-05-26 16:58:25 | ERROR | EnergyPrice: HTTPSConnectionPool(host='ks.innov.cleanwatts.energy', port=443): Max retries exceeded with url: /api/2.0/consumptions/instant?from=2025-01-05T08:48:00.0&tags=13389 (Caused by NameResolutionError("<urllib3.connection.HTTPSConnection object at 0x7fa6a08215b0>: Failed to resolve 'ks.innov.cleanwatts.energy' ([Errno -3] Temporary failure in name resolution)"))
2025-05-26 16:58:25 | ERROR | EnergyPrice: HTTPSConnectionPool(host='ks.innov.cleanwatts.energy', port=443): Max retries exceeded with url: /api/2.0/consumptions/instant?from=2025-01-05T08:48:00.0&tags=13389 (Caused by NameResolutionError("<urllib3.connection.HTTPSConnection object at 0x7fa69c1f54c0>: Failed to resolve 'ks.innov.cleanwatts.energy' ([Errno -3] Temporary failure in name resolution)"))
2025-05-26 16:58:25 | ERROR | EnergyPrice: HTTPSConnectionPool(host='ks.innov.cleanwatts.energy', port=443): Max retries exceeded with url: /api/2.0/consumptions/instant?from=2025-01-05T08:48:00.0&tags=13389 (Caused by NameResolutionError("<urllib3.connection.HTTPSConnection object at 0x7fa69cac03a0>: Failed to resolve 'ks.innov.cleanwatts.energy' ([Errno -3] Temporary failure in name resolution)"))
2025-05-26 16:58:25 | ERROR | EnergyPrice: HTTPSConnectionPool(host='ks.innov.cleanwatts.energy', port=443): Max retries exceeded with url: /api/2.0/consumptions/instant?from=2025-01-05T08:48:00.0&tags=13389 (Caused by NameResolutionError("<urllib3.connection.HTTPSConnection object at 0x7fa69c226c40>: Failed to resolve 'ks.innov.cleanwatts.energy' ([Errno -3] Temporary failure in name resolution)"))
2025-05-26 16:58:25 | ERROR | EnergyPrice: HTTPSConnectionPool(host='ks.innov.cleanwatts.energy', port=443): Max retries exceeded with url: /api/2.0/consumptions/instant?from=2025-01-05T08:48:00.0&tags=13389 (Caused by NameResolutionError("<urllib3.connection.HTTPSConnection object at 0x7fa69c27fd00>: Failed to resolve 'ks.innov.cleanwatts.energy' ([Errno -3] Temporary failure in name resolution)"))
2025-05-26 16:58:25 | ERROR | EnergyPrice: HTTPSConnectionPool(host='ks.innov.cleanwatts.energy', port=443): Max retries exceeded with url: /api/2.0/consumptions/instant?from=2025-01-05T08:48:00.0&tags=13389 (Caused by NameResolutionError("<urllib3.connection.HTTPSConnection object at 0x7fa69c1aac70>: Failed to resolve 'ks.innov.cleanwatts.energy' ([Errno -3] Temporary failure in name resolution)"))
2025-05-26 16:58:30 | ERROR | Failed to insert data: No servers found yet, Timeout: 5.0s, Topology Description: <TopologyDescription id: 68349db1cb5364b9ccfd3f87, topology_type: Unknown, servers: [<ServerDescription ('vsgate-s1.dei.isep.ipp.pt', 10246) server_type: Unknown, rtt: None>]>
2025-05-26 16:58:30 | ERROR | Failed to insert data: No servers found yet, Timeout: 5.0s, Topology Description: <TopologyDescription id: 68349db1cb5364b9ccfd3f89, topology_type: Unknown, servers: [<ServerDescription ('vsgate-s1.dei.isep.ipp.pt', 10246) server_type: Unknown, rtt: None>]>
2025-05-26 16:58:30 | ERROR | Failed to insert data: No servers found yet, Timeout: 5.0s, Topology Description: <TopologyDescription id: 68349db1cb5364b9ccfd3f8b, topology_type: Unknown, servers: [<ServerDescription ('vsgate-s1.dei.isep.ipp.pt', 10246) server_type: Unknown, rtt: None>]>
2025-05-26 16:58:30 | ERROR | Failed to insert data: No servers found yet, Timeout: 5.0s, Topology Description: <TopologyDescription id: 68349db1cb5364b9ccfd3f8d, topology_type: Unknown, servers: [<ServerDescription ('vsgate-s1.dei.isep.ipp.pt', 10246) server_type: Unknown, rtt: None>]>
2025-05-26 16:58:30 | ERROR | Failed to insert data: No servers found yet, Timeout: 5.0s, Topology Description: <TopologyDescription id: 68349db1cb5364b9ccfd3f8f, topology_type: Unknown, servers: [<ServerDescription ('vsgate-s1.dei.isep.ipp.pt', 10246) server_type: Unknown, rtt: None>]>
2025-05-26 16:58:30 | ERROR | Failed to insert data: No servers found yet, Timeout: 5.0s, Topology Description: <TopologyDescription id: 68349db1cb5364b9ccfd3f91, topology_type: Unknown, servers: [<ServerDescription ('vsgate-s1.dei.isep.ipp.pt', 10246) server_type: Unknown, rtt: None>]>
2025-05-26 16:58:30 | ERROR | Failed to insert data: No servers found yet, Timeout: 5.0s, Topology Description: <TopologyDescription id: 68349db1cb5364b9ccfd3f93, topology_type: Unknown, servers: [<ServerDescription ('vsgate-s1.dei.isep.ipp.pt', 10246) server_type: Unknown, rtt: None>]>
2025-05-26 16:58:30 | ERROR | Failed to insert data: No servers found yet, Timeout: 5.0s, Topology Description: <TopologyDescription id: 68349db1cb5364b9ccfd3f95, topology_type: Unknown, servers: [<ServerDescription ('vsgate-s1.dei.isep.ipp.pt', 10246) server_type: Unknown, rtt: None>]>
2025-05-26 16:58:30 | ERROR | Failed to insert data: No servers found yet, Timeout: 5.0s, Topology Description: <TopologyDescription id: 68349db1cb5364b9ccfd3f97, topology_type: Unknown, servers: [<ServerDescription ('vsgate-s1.dei.isep.ipp.pt', 10246) server_type: Unknown, rtt: None>]>
2025-05-26 16:58:30 | ERROR | Failed to insert data: No servers found yet, Timeout: 5.0s, Topology Description: <TopologyDescription id: 68349db1cb5364b9ccfd3f99, topology_type: Unknown, servers: [<ServerDescription ('vsgate-s1.dei.isep.ipp.pt', 10246) server_type: Unknown, rtt: None>]>
2025-05-26 16:58:30 | ERROR | Failed to insert data: No servers found yet, Timeout: 5.0s, Topology Description: <TopologyDescription id: 68349db1cb5364b9ccfd3f9b, topology_type: Unknown, servers: [<ServerDescription ('vsgate-s1.dei.isep.ipp.pt', 10246) server_type: Unknown, rtt: None>]>
2025-05-26 16:58:30 | ERROR | Failed to insert data: No servers found yet, Timeout: 5.0s, Topology Description: <TopologyDescription id: 68349db1cb5364b9ccfd3f9d, topology_type: Unknown, servers: [<ServerDescription ('vsgate-s1.dei.isep.ipp.pt', 10246) server_type: Unknown, rtt: None>]>
2025-05-26 16:58:30 | ERROR | Failed to insert data: No servers found yet, Timeout: 5.0s, Topology Description: <TopologyDescription id: 68349db1cb5364b9ccfd3f9f, topology_type: Unknown, servers: [<ServerDescription ('vsgate-s1.dei.isep.ipp.pt', 10246) server_type: Unknown, rtt: None>]>
2025-05-26 16:58:30 | ERROR | Failed to insert data: No servers found yet, Timeout: 5.0s, Topology Description: <TopologyDescription id: 68349db1cb5364b9ccfd3fa1, topology_type: Unknown, servers: [<ServerDescription ('vsgate-s1.dei.isep.ipp.pt', 10246) server_type: Unknown, rtt: None>]>
2025-05-26 16:58:30 | ERROR | Failed to insert data: No servers found yet, Timeout: 5.0s, Topology Description: <TopologyDescription id: 68349db1cb5364b9ccfd3fa3, topology_type: Unknown, servers: [<ServerDescription ('vsgate-s1.dei.isep.ipp.pt', 10246) server_type: Unknown, rtt: None>]>
2025-05-26 16:58:30 | ERROR | Failed to insert data: No servers found yet, Timeout: 5.0s, Topology Description: <TopologyDescription id: 68349db1cb5364b9ccfd3fa5, topology_type: Unknown, servers: [<ServerDescription ('vsgate-s1.dei.isep.ipp.pt', 10246) server_type: Unknown, rtt: None>]>
2025-05-26 16:58:30 | ERROR | Failed to insert data: No servers found yet, Timeout: 5.0s, Topology Description: <TopologyDescription id: 68349db1cb5364b9ccfd3fa7, topology_type: Unknown, servers: [<ServerDescription ('vsgate-s1.dei.isep.ipp.pt', 10246) server_type: Unknown, rtt: None>]>
2025-05-26 16:58:45 | WARNING | Device 29720 was not found.
2025-05-26 16:58:45 | WARNING | Device not found in substitute_dict: 29720
2025-05-26 16:58:45 | WARNING | Device 29725 was not found.
2025-05-26 16:58:45 | WARNING | Device not found in substitute_dict: 29725
2025-05-26 16:58:45 | WARNING | Device 28387 was not found.
2025-05-26 16:58:45 | WARNING | Device not found in substitute_dict: 28387
2025-05-26 16:58:45 | WARNING | Device 30634 was not found.
2025-05-26 16:58:45 | WARNING | Device not found in substitute_dict: 30634
2025-05-26 16:58:45 | WARNING | Device 30642 was not found.
2025-05-26 16:58:45 | WARNING | Device not found in substitute_dict: 30642
2025-05-26 16:58:45 | WARNING | Device 28375 was not found.
2025-05-26 16:58:45 | WARNING | Device not found in substitute_dict: 28375
2025-05-26 16:58:45 | WARNING | Device 29658 was not found.
2025-05-26 16:58:45 | WARNING | Device not found in substitute_dict: 29658
2025-05-26 16:58:45 | WARNING | Device 33423 was not found.
2025-05-26 16:58:45 | WARNING | Device not found in substitute_dict: 33423
2025-05-26 16:58:45 | WARNING | Device 31049 was not found.
2025-05-26 16:58:45 | WARNING | Device not found in substitute_dict: 31049
2025-05-26 16:58:45 | WARNING | Device 31093 was not found.
2025-05-26 16:58:45 | WARNING | Device not found in substitute_dict: 31093
2025-05-26 16:58:45 | WARNING | Device 28386 was not found.
2025-05-26 16:58:45 | WARNING | Device not found in substitute_dict: 28386
2025-05-26 16:58:45 | WARNING | Device 29373 was not found.
2025-05-26 16:58:45 | WARNING | Device not found in substitute_dict: 29373
2025-05-26 16:58:45 | WARNING | Device 29851 was not found.
2025-05-26 16:58:45 | WARNING | Device not found in substitute_dict: 29851
2025-05-26 16:58:45 | WARNING | Device 29498 was not found.
2025-05-26 16:58:45 | WARNING | Device not found in substitute_dict: 29498
2025-05-26 16:58:45 | WARNING | Device 30080 was not found.
2025-05-26 16:58:45 | WARNING | Device not found in substitute_dict: 30080
2025-05-26 16:58:45 | WARNING | Device 29660 was not found.
2025-05-26 16:58:45 | WARNING | Device not found in substitute_dict: 29660
2025-05-26 16:58:45 | WARNING | Device 36766 was not found.
2025-05-26 16:58:45 | WARNING | Device not found in substitute_dict: 36766
2025-05-26 16:58:45 | WARNING | Device 36769 was not found.
2025-05-26 16:58:45 | WARNING | Device not found in substitute_dict: 36769
2025-05-26 16:58:45 | WARNING | Device 30688 was not found.
2025-05-26 16:58:45 | WARNING | Device not found in substitute_dict: 30688
2025-05-26 16:58:45 | WARNING | Device 33682 was not found.
2025-05-26 16:58:45 | WARNING | Device not found in substitute_dict: 33682
2025-05-26 16:58:45 | WARNING | Device 35927 was not found.
2025-05-26 16:58:45 | WARNING | Device not found in substitute_dict: 35927
2025-05-26 16:58:45 | WARNING | Device 33711 was not found.
2025-05-26 16:58:45 | WARNING | Device not found in substitute_dict: 33711
2025-05-26 16:58:45 | WARNING | Device 37208 was not found.
2025-05-26 16:58:45 | WARNING | Device not found in substitute_dict: 37208
2025-05-26 16:58:45 | WARNING | Device 37214 was not found.
2025-05-26 16:58:45 | WARNING | Device not found in substitute_dict: 37214
2025-05-26 16:58:45 | WARNING | Device AC000001_1 was not found.
2025-05-26 16:58:45 | WARNING | Device AC000004_1 was not found.
2025-05-26 16:58:45 | WARNING | Device AC000007_1 was not found.
2025-05-26 16:58:45 | WARNING | Device AC000010_1 was not found.
2025-05-26 16:58:45 | WARNING | Device AC000013_1 was not found.
2025-05-26 16:58:45 | WARNING | Device AC000002_1 was not found.
2025-05-26 16:58:45 | WARNING | Device AC000003_1 was not found.
2025-05-26 16:58:45 | WARNING | Device AC000005_1 was not found.
2025-05-26 16:58:45 | WARNING | Device AC000006_1 was not found.
2025-05-26 16:58:45 | WARNING | Device VR1UJZKXZKW134851 was not found.
2025-05-26 16:58:45 | WARNING | Device AC000008_1 was not found.
2025-05-26 16:58:45 | WARNING | Device not found in substitute_dict: VR1UJZKXZKW134851
2025-05-26 16:58:45 | WARNING | Device AC000009_1 was not found.
2025-05-26 16:58:45 | WARNING | Device AC000011_1 was not found.
2025-05-26 16:58:45 | WARNING | Device AC000012_1 was not found.
2025-05-26 16:58:45 | WARNING | Device AC000014_1 was not found.
2025-05-26 16:58:45 | WARNING | Device ACEXT001_1 was not found.
2025-05-26 16:58:45 | WARNING | Device ACEXT002_1 was not found.
2025-05-26 16:58:45 | WARNING | Device pctesolate was not found.
2025-05-26 16:58:45 | WARNING | Device ACEXT003_1 was not found.
2025-05-26 16:58:45 | WARNING | Device not found in substitute_dict: pctesolate
2025-05-26 16:58:45 | WARNING | Device ACEXT004_1 was not found.
2025-05-26 16:59:26 | ERROR | EnergyPrice: HTTPSConnectionPool(host='ks.innov.cleanwatts.energy', port=443): Max retries exceeded with url: /api/2.0/consumptions/instant?from=2025-01-05T08:48:00.0&tags=13389 (Caused by NameResolutionError("<urllib3.connection.HTTPSConnection object at 0x7fa69c269340>: Failed to resolve 'ks.innov.cleanwatts.energy' ([Errno -3] Temporary failure in name resolution)"))
2025-05-26 16:59:26 | ERROR | EnergyPrice: HTTPSConnectionPool(host='ks.innov.cleanwatts.energy', port=443): Max retries exceeded with url: /api/2.0/consumptions/instant?from=2025-01-05T08:48:00.0&tags=13389 (Caused by NameResolutionError("<urllib3.connection.HTTPSConnection object at 0x7fa69c27ffd0>: Failed to resolve 'ks.innov.cleanwatts.energy' ([Errno -3] Temporary failure in name resolution)"))
2025-05-26 16:59:27 | ERROR | EnergyPrice: HTTPSConnectionPool(host='ks.innov.cleanwatts.energy', port=443): Max retries exceeded with url: /api/2.0/consumptions/instant?from=2025-01-05T08:48:00.0&tags=13389 (Caused by NameResolutionError("<urllib3.connection.HTTPSConnection object at 0x7fa69c189220>: Failed to resolve 'ks.innov.cleanwatts.energy' ([Errno -3] Temporary failure in name resolution)"))
2025-05-26 16:59:27 | ERROR | EnergyPrice: HTTPSConnectionPool(host='ks.innov.cleanwatts.energy', port=443): Max retries exceeded with url: /api/2.0/consumptions/instant?from=2025-01-05T08:48:00.0&tags=13389 (Caused by NameResolutionError("<urllib3.connection.HTTPSConnection object at 0x7fa69c24a190>: Failed to resolve 'ks.innov.cleanwatts.energy' ([Errno -3] Temporary failure in name resolution)"))
2025-05-26 16:59:27 | ERROR | EnergyPrice: HTTPSConnectionPool(host='ks.innov.cleanwatts.energy', port=443): Max retries exceeded with url: /api/2.0/consumptions/instant?from=2025-01-05T08:48:00.0&tags=13389 (Caused by NameResolutionError("<urllib3.connection.HTTPSConnection object at 0x7fa69c1304f0>: Failed to resolve 'ks.innov.cleanwatts.energy' ([Errno -3] Temporary failure in name resolution)"))
2025-05-26 16:59:27 | ERROR | EnergyPrice: HTTPSConnectionPool(host='ks.innov.cleanwatts.energy', port=443): Max retries exceeded with url: /api/2.0/consumptions/instant?from=2025-01-05T08:48:00.0&tags=13389 (Caused by NameResolutionError("<urllib3.connection.HTTPSConnection object at 0x7fa69c24d460>: Failed to resolve 'ks.innov.cleanwatts.energy' ([Errno -3] Temporary failure in name resolution)"))
2025-05-26 16:59:27 | ERROR | EnergyPrice: HTTPSConnectionPool(host='ks.innov.cleanwatts.energy', port=443): Max retries exceeded with url: /api/2.0/consumptions/instant?from=2025-01-05T08:48:00.0&tags=13389 (Caused by NameResolutionError("<urllib3.connection.HTTPSConnection object at 0x7fa69c1f49d0>: Failed to resolve 'ks.innov.cleanwatts.energy' ([Errno -3] Temporary failure in name resolution)"))
2025-05-26 16:59:27 | ERROR | EnergyPrice: HTTPSConnectionPool(host='ks.innov.cleanwatts.energy', port=443): Max retries exceeded with url: /api/2.0/consumptions/instant?from=2025-01-05T08:48:00.0&tags=13389 (Caused by NameResolutionError("<urllib3.connection.HTTPSConnection object at 0x7fa69c189520>: Failed to resolve 'ks.innov.cleanwatts.energy' ([Errno -3] Temporary failure in name resolution)"))
2025-05-26 16:59:27 | ERROR | EnergyPrice: HTTPSConnectionPool(host='ks.innov.cleanwatts.energy', port=443): Max retries exceeded with url: /api/2.0/consumptions/instant?from=2025-01-05T08:48:00.0&tags=13389 (Caused by NameResolutionError("<urllib3.connection.HTTPSConnection object at 0x7fa69c0c5940>: Failed to resolve 'ks.innov.cleanwatts.energy' ([Errno -3] Temporary failure in name resolution)"))
2025-05-26 16:59:27 | ERROR | EnergyPrice: HTTPSConnectionPool(host='ks.innov.cleanwatts.energy', port=443): Max retries exceeded with url: /api/2.0/consumptions/instant?from=2025-01-05T08:48:00.0&tags=13389 (Caused by NameResolutionError("<urllib3.connection.HTTPSConnection object at 0x7fa69c22f070>: Failed to resolve 'ks.innov.cleanwatts.energy' ([Errno -3] Temporary failure in name resolution)"))
2025-05-26 16:59:27 | ERROR | EnergyPrice: HTTPSConnectionPool(host='ks.innov.cleanwatts.energy', port=443): Max retries exceeded with url: /api/2.0/consumptions/instant?from=2025-01-05T08:48:00.0&tags=13389 (Caused by NameResolutionError("<urllib3.connection.HTTPSConnection object at 0x7fa6a07af640>: Failed to resolve 'ks.innov.cleanwatts.energy' ([Errno -3] Temporary failure in name resolution)"))
2025-05-26 16:59:27 | ERROR | EnergyPrice: HTTPSConnectionPool(host='ks.innov.cleanwatts.energy', port=443): Max retries exceeded with url: /api/2.0/consumptions/instant?from=2025-01-05T08:48:00.0&tags=13389 (Caused by NameResolutionError("<urllib3.connection.HTTPSConnection object at 0x7fa69c278eb0>: Failed to resolve 'ks.innov.cleanwatts.energy' ([Errno -3] Temporary failure in name resolution)"))
2025-05-26 16:59:27 | ERROR | EnergyPrice: HTTPSConnectionPool(host='ks.innov.cleanwatts.energy', port=443): Max retries exceeded with url: /api/2.0/consumptions/instant?from=2025-01-05T08:48:00.0&tags=13389 (Caused by NameResolutionError("<urllib3.connection.HTTPSConnection object at 0x7fa69c172430>: Failed to resolve 'ks.innov.cleanwatts.energy' ([Errno -3] Temporary failure in name resolution)"))
2025-05-26 16:59:27 | ERROR | EnergyPrice: HTTPSConnectionPool(host='ks.innov.cleanwatts.energy', port=443): Max retries exceeded with url: /api/2.0/consumptions/instant?from=2025-01-05T08:48:00.0&tags=13389 (Caused by NameResolutionError("<urllib3.connection.HTTPSConnection object at 0x7fa69c2854c0>: Failed to resolve 'ks.innov.cleanwatts.energy' ([Errno -3] Temporary failure in name resolution)"))
2025-05-26 16:59:27 | ERROR | EnergyPrice: HTTPSConnectionPool(host='ks.innov.cleanwatts.energy', port=443): Max retries exceeded with url: /api/2.0/consumptions/instant?from=2025-01-05T08:48:00.0&tags=13389 (Caused by NameResolutionError("<urllib3.connection.HTTPSConnection object at 0x7fa69c290eb0>: Failed to resolve 'ks.innov.cleanwatts.energy' ([Errno -3] Temporary failure in name resolution)"))
2025-05-26 16:59:27 | ERROR | EnergyPrice: HTTPSConnectionPool(host='ks.innov.cleanwatts.energy', port=443): Max retries exceeded with url: /api/2.0/consumptions/instant?from=2025-01-05T08:48:00.0&tags=13389 (Caused by NameResolutionError("<urllib3.connection.HTTPSConnection object at 0x7fa69c0db9a0>: Failed to resolve 'ks.innov.cleanwatts.energy' ([Errno -3] Temporary failure in name resolution)"))
2025-05-26 16:59:27 | ERROR | EnergyPrice: HTTPSConnectionPool(host='ks.innov.cleanwatts.energy', port=443): Max retries exceeded with url: /api/2.0/consumptions/instant?from=2025-01-05T08:48:00.0&tags=13389 (Caused by NameResolutionError("<urllib3.connection.HTTPSConnection object at 0x7fa69c235ca0>: Failed to resolve 'ks.innov.cleanwatts.energy' ([Errno -3] Temporary failure in name resolution)"))
2025-05-26 16:59:31 | ERROR | Failed to insert data: No servers found yet, Timeout: 5.0s, Topology Description: <TopologyDescription id: 68349deecb5364b9ccfd3fa9, topology_type: Unknown, servers: [<ServerDescription ('vsgate-s1.dei.isep.ipp.pt', 10246) server_type: Unknown, rtt: None>]>
2025-05-26 16:59:32 | ERROR | Failed to insert data: No servers found yet, Timeout: 5.0s, Topology Description: <TopologyDescription id: 68349deecb5364b9ccfd3fab, topology_type: Unknown, servers: [<ServerDescription ('vsgate-s1.dei.isep.ipp.pt', 10246) server_type: Unknown, rtt: None>]>
2025-05-26 16:59:32 | ERROR | Failed to insert data: No servers found yet, Timeout: 5.0s, Topology Description: <TopologyDescription id: 68349defcb5364b9ccfd3fad, topology_type: Unknown, servers: [<ServerDescription ('vsgate-s1.dei.isep.ipp.pt', 10246) server_type: Unknown, rtt: None>]>
2025-05-26 16:59:32 | ERROR | Failed to insert data: No servers found yet, Timeout: 5.0s, Topology Description: <TopologyDescription id: 68349defcb5364b9ccfd3faf, topology_type: Unknown, servers: [<ServerDescription ('vsgate-s1.dei.isep.ipp.pt', 10246) server_type: Unknown, rtt: None>]>
2025-05-26 16:59:32 | ERROR | Failed to insert data: No servers found yet, Timeout: 5.0s, Topology Description: <TopologyDescription id: 68349defcb5364b9ccfd3fb1, topology_type: Unknown, servers: [<ServerDescription ('vsgate-s1.dei.isep.ipp.pt', 10246) server_type: Unknown, rtt: None>]>
2025-05-26 16:59:32 | ERROR | Failed to insert data: No servers found yet, Timeout: 5.0s, Topology Description: <TopologyDescription id: 68349defcb5364b9ccfd3fb3, topology_type: Unknown, servers: [<ServerDescription ('vsgate-s1.dei.isep.ipp.pt', 10246) server_type: Unknown, rtt: None>]>
2025-05-26 16:59:32 | ERROR | Failed to insert data: No servers found yet, Timeout: 5.0s, Topology Description: <TopologyDescription id: 68349defcb5364b9ccfd3fb5, topology_type: Unknown, servers: [<ServerDescription ('vsgate-s1.dei.isep.ipp.pt', 10246) server_type: Unknown, rtt: None>]>
2025-05-26 16:59:32 | ERROR | Failed to insert data: No servers found yet, Timeout: 5.0s, Topology Description: <TopologyDescription id: 68349defcb5364b9ccfd3fb7, topology_type: Unknown, servers: [<ServerDescription ('vsgate-s1.dei.isep.ipp.pt', 10246) server_type: Unknown, rtt: None>]>
2025-05-26 16:59:32 | ERROR | Failed to insert data: No servers found yet, Timeout: 5.0s, Topology Description: <TopologyDescription id: 68349defcb5364b9ccfd3fb9, topology_type: Unknown, servers: [<ServerDescription ('vsgate-s1.dei.isep.ipp.pt', 10246) server_type: Unknown, rtt: None>]>
2025-05-26 16:59:32 | ERROR | Failed to insert data: No servers found yet, Timeout: 5.0s, Topology Description: <TopologyDescription id: 68349defcb5364b9ccfd3fbb, topology_type: Unknown, servers: [<ServerDescription ('vsgate-s1.dei.isep.ipp.pt', 10246) server_type: Unknown, rtt: None>]>
2025-05-26 16:59:32 | ERROR | Failed to insert data: No servers found yet, Timeout: 5.0s, Topology Description: <TopologyDescription id: 68349defcb5364b9ccfd3fbc, topology_type: Unknown, servers: [<ServerDescription ('vsgate-s1.dei.isep.ipp.pt', 10246) server_type: Unknown, rtt: None>]>
2025-05-26 16:59:32 | ERROR | Failed to insert data: No servers found yet, Timeout: 5.0s, Topology Description: <TopologyDescription id: 68349defcb5364b9ccfd3fbf, topology_type: Unknown, servers: [<ServerDescription ('vsgate-s1.dei.isep.ipp.pt', 10246) server_type: Unknown, rtt: None>]>
2025-05-26 16:59:32 | ERROR | Failed to insert data: No servers found yet, Timeout: 5.0s, Topology Description: <TopologyDescription id: 68349defcb5364b9ccfd3fc1, topology_type: Unknown, servers: [<ServerDescription ('vsgate-s1.dei.isep.ipp.pt', 10246) server_type: Unknown, rtt: None>]>
2025-05-26 16:59:32 | ERROR | Failed to insert data: No servers found yet, Timeout: 5.0s, Topology Description: <TopologyDescription id: 68349defcb5364b9ccfd3fc3, topology_type: Unknown, servers: [<ServerDescription ('vsgate-s1.dei.isep.ipp.pt', 10246) server_type: Unknown, rtt: None>]>
2025-05-26 16:59:32 | ERROR | Failed to insert data: No servers found yet, Timeout: 5.0s, Topology Description: <TopologyDescription id: 68349defcb5364b9ccfd3fc5, topology_type: Unknown, servers: [<ServerDescription ('vsgate-s1.dei.isep.ipp.pt', 10246) server_type: Unknown, rtt: None>]>
2025-05-26 16:59:32 | ERROR | Failed to insert data: No servers found yet, Timeout: 5.0s, Topology Description: <TopologyDescription id: 68349defcb5364b9ccfd3fc7, topology_type: Unknown, servers: [<ServerDescription ('vsgate-s1.dei.isep.ipp.pt', 10246) server_type: Unknown, rtt: None>]>
2025-05-26 16:59:32 | ERROR | Failed to insert data: No servers found yet, Timeout: 5.0s, Topology Description: <TopologyDescription id: 68349defcb5364b9ccfd3fc8, topology_type: Unknown, servers: [<ServerDescription ('vsgate-s1.dei.isep.ipp.pt', 10246) server_type: Unknown, rtt: None>]>
2025-05-26 16:59:45 | WARNING | Device 29720 was not found.
2025-05-26 16:59:45 | WARNING | Device not found in substitute_dict: 29720
2025-05-26 16:59:45 | WARNING | Device 29725 was not found.
2025-05-26 16:59:45 | WARNING | Device not found in substitute_dict: 29725
2025-05-26 16:59:45 | WARNING | Device 28387 was not found.
2025-05-26 16:59:45 | WARNING | Device not found in substitute_dict: 28387
2025-05-26 16:59:45 | WARNING | Device 30634 was not found.
2025-05-26 16:59:45 | WARNING | Device not found in substitute_dict: 30634
2025-05-26 16:59:45 | WARNING | Device 30642 was not found.
2025-05-26 16:59:45 | WARNING | Device not found in substitute_dict: 30642
2025-05-26 16:59:45 | WARNING | Device 28375 was not found.
2025-05-26 16:59:45 | WARNING | Device not found in substitute_dict: 28375
2025-05-26 16:59:45 | WARNING | Device 29658 was not found.
2025-05-26 16:59:45 | WARNING | Device not found in substitute_dict: 29658
2025-05-26 16:59:45 | WARNING | Device 33423 was not found.
2025-05-26 16:59:45 | WARNING | Device not found in substitute_dict: 33423
2025-05-26 16:59:45 | WARNING | Device 31049 was not found.
2025-05-26 16:59:45 | WARNING | Device not found in substitute_dict: 31049
2025-05-26 16:59:45 | WARNING | Device 31093 was not found.
2025-05-26 16:59:45 | WARNING | Device not found in substitute_dict: 31093
2025-05-26 16:59:45 | WARNING | Device 28386 was not found.
2025-05-26 16:59:45 | WARNING | Device not found in substitute_dict: 28386
2025-05-26 16:59:45 | WARNING | Device 29373 was not found.
2025-05-26 16:59:45 | WARNING | Device not found in substitute_dict: 29373
2025-05-26 16:59:45 | WARNING | Device 29851 was not found.
2025-05-26 16:59:45 | WARNING | Device not found in substitute_dict: 29851
2025-05-26 16:59:45 | WARNING | Device 29498 was not found.
2025-05-26 16:59:45 | WARNING | Device not found in substitute_dict: 29498
2025-05-26 16:59:45 | WARNING | Device 30080 was not found.
2025-05-26 16:59:45 | WARNING | Device not found in substitute_dict: 30080
2025-05-26 16:59:45 | WARNING | Device 29660 was not found.
2025-05-26 16:59:45 | WARNING | Device not found in substitute_dict: 29660
2025-05-26 16:59:45 | WARNING | Device 36766 was not found.
2025-05-26 16:59:45 | WARNING | Device not found in substitute_dict: 36766
2025-05-26 16:59:45 | WARNING | Device 36769 was not found.
2025-05-26 16:59:45 | WARNING | Device not found in substitute_dict: 36769
2025-05-26 16:59:45 | WARNING | Device 30688 was not found.
2025-05-26 16:59:45 | WARNING | Device not found in substitute_dict: 30688
2025-05-26 16:59:45 | WARNING | Device 33682 was not found.
2025-05-26 16:59:45 | WARNING | Device not found in substitute_dict: 33682
2025-05-26 16:59:45 | WARNING | Device 35927 was not found.
2025-05-26 16:59:45 | WARNING | Device not found in substitute_dict: 35927
2025-05-26 16:59:45 | WARNING | Device 33711 was not found.
2025-05-26 16:59:45 | WARNING | Device not found in substitute_dict: 33711
2025-05-26 16:59:45 | WARNING | Device 37208 was not found.
2025-05-26 16:59:45 | WARNING | Device not found in substitute_dict: 37208
2025-05-26 16:59:45 | WARNING | Device 37214 was not found.
2025-05-26 16:59:45 | WARNING | Device not found in substitute_dict: 37214
2025-05-26 16:59:45 | WARNING | Device AC000001_1 was not found.
2025-05-26 16:59:45 | WARNING | Device AC000004_1 was not found.
2025-05-26 16:59:45 | WARNING | Device AC000007_1 was not found.
2025-05-26 16:59:45 | WARNING | Device AC000010_1 was not found.
2025-05-26 16:59:45 | WARNING | Device AC000013_1 was not found.
2025-05-26 16:59:45 | WARNING | Device AC000002_1 was not found.
2025-05-26 16:59:45 | WARNING | Device AC000003_1 was not found.
2025-05-26 16:59:45 | WARNING | Device AC000005_1 was not found.
2025-05-26 16:59:45 | WARNING | Device AC000006_1 was not found.
2025-05-26 16:59:45 | WARNING | Device VR1UJZKXZKW134851 was not found.
2025-05-26 16:59:45 | WARNING | Device AC000008_1 was not found.
2025-05-26 16:59:45 | WARNING | Device not found in substitute_dict: VR1UJZKXZKW134851
2025-05-26 16:59:45 | WARNING | Device AC000009_1 was not found.
2025-05-26 16:59:45 | WARNING | Device pctesolate was not found.
2025-05-26 16:59:45 | WARNING | Device AC000011_1 was not found.
2025-05-26 16:59:45 | WARNING | Device not found in substitute_dict: pctesolate
2025-05-26 16:59:45 | WARNING | Device AC000012_1 was not found.
2025-05-26 16:59:45 | WARNING | Device AC000014_1 was not found.
2025-05-26 16:59:45 | WARNING | Device ACEXT001_1 was not found.
2025-05-26 16:59:45 | WARNING | Device ACEXT002_1 was not found.
2025-05-26 16:59:45 | WARNING | Device ACEXT003_1 was not found.
2025-05-26 16:59:45 | WARNING | Device ACEXT004_1 was not found.
2025-05-26 17:00:26 | ERROR | EnergyPrice: HTTPSConnectionPool(host='ks.innov.cleanwatts.energy', port=443): Max retries exceeded with url: /api/2.0/consumptions/instant?from=2025-01-05T08:48:00.0&tags=13389 (Caused by NameResolutionError("<urllib3.connection.HTTPSConnection object at 0x7fa69cae3eb0>: Failed to resolve 'ks.innov.cleanwatts.energy' ([Errno -3] Temporary failure in name resolution)"))
2025-05-26 17:00:26 | ERROR | EnergyPrice: HTTPSConnectionPool(host='ks.innov.cleanwatts.energy', port=443): Max retries exceeded with url: /api/2.0/consumptions/instant?from=2025-01-05T08:48:00.0&tags=13389 (Caused by NameResolutionError("<urllib3.connection.HTTPSConnection object at 0x7fa69c2a18b0>: Failed to resolve 'ks.innov.cleanwatts.energy' ([Errno -3] Temporary failure in name resolution)"))
2025-05-26 17:00:26 | ERROR | EnergyPrice: HTTPSConnectionPool(host='ks.innov.cleanwatts.energy', port=443): Max retries exceeded with url: /api/2.0/consumptions/instant?from=2025-01-05T08:48:00.0&tags=13389 (Caused by NameResolutionError("<urllib3.connection.HTTPSConnection object at 0x7fa69c13c5b0>: Failed to resolve 'ks.innov.cleanwatts.energy' ([Errno -3] Temporary failure in name resolution)"))
2025-05-26 17:00:26 | ERROR | EnergyPrice: HTTPSConnectionPool(host='ks.innov.cleanwatts.energy', port=443): Max retries exceeded with url: /api/2.0/consumptions/instant?from=2025-01-05T08:48:00.0&tags=13389 (Caused by NameResolutionError("<urllib3.connection.HTTPSConnection object at 0x7fa69c1932e0>: Failed to resolve 'ks.innov.cleanwatts.energy' ([Errno -3] Temporary failure in name resolution)"))
2025-05-26 17:00:26 | ERROR | EnergyPrice: HTTPSConnectionPool(host='ks.innov.cleanwatts.energy', port=443): Max retries exceeded with url: /api/2.0/consumptions/instant?from=2025-01-05T08:48:00.0&tags=13389 (Caused by NameResolutionError("<urllib3.connection.HTTPSConnection object at 0x7fa69c2a1610>: Failed to resolve 'ks.innov.cleanwatts.energy' ([Errno -3] Temporary failure in name resolution)"))
2025-05-26 17:00:26 | ERROR | EnergyPrice: HTTPSConnectionPool(host='ks.innov.cleanwatts.energy', port=443): Max retries exceeded with url: /api/2.0/consumptions/instant?from=2025-01-05T08:48:00.0&tags=13389 (Caused by NameResolutionError("<urllib3.connection.HTTPSConnection object at 0x7fa69cada2b0>: Failed to resolve 'ks.innov.cleanwatts.energy' ([Errno -3] Temporary failure in name resolution)"))
2025-05-26 17:00:26 | ERROR | EnergyPrice: HTTPSConnectionPool(host='ks.innov.cleanwatts.energy', port=443): Max retries exceeded with url: /api/2.0/consumptions/instant?from=2025-01-05T08:48:00.0&tags=13389 (Caused by NameResolutionError("<urllib3.connection.HTTPSConnection object at 0x7fa69c1f5ee0>: Failed to resolve 'ks.innov.cleanwatts.energy' ([Errno -3] Temporary failure in name resolution)"))
2025-05-26 17:00:26 | ERROR | EnergyPrice: HTTPSConnectionPool(host='ks.innov.cleanwatts.energy', port=443): Max retries exceeded with url: /api/2.0/consumptions/instant?from=2025-01-05T08:48:00.0&tags=13389 (Caused by NameResolutionError("<urllib3.connection.HTTPSConnection object at 0x7fa69c11d7f0>: Failed to resolve 'ks.innov.cleanwatts.energy' ([Errno -3] Temporary failure in name resolution)"))
2025-05-26 17:00:26 | ERROR | EnergyPrice: HTTPSConnectionPool(host='ks.innov.cleanwatts.energy', port=443): Max retries exceeded with url: /api/2.0/consumptions/instant?from=2025-01-05T08:48:00.0&tags=13389 (Caused by NameResolutionError("<urllib3.connection.HTTPSConnection object at 0x7fa69c200a90>: Failed to resolve 'ks.innov.cleanwatts.energy' ([Errno -3] Temporary failure in name resolution)"))
2025-05-26 17:00:26 | ERROR | EnergyPrice: HTTPSConnectionPool(host='ks.innov.cleanwatts.energy', port=443): Max retries exceeded with url: /api/2.0/consumptions/instant?from=2025-01-05T08:48:00.0&tags=13389 (Caused by NameResolutionError("<urllib3.connection.HTTPSConnection object at 0x7fa69c149f70>: Failed to resolve 'ks.innov.cleanwatts.energy' ([Errno -3] Temporary failure in name resolution)"))
2025-05-26 17:00:27 | ERROR | EnergyPrice: HTTPSConnectionPool(host='ks.innov.cleanwatts.energy', port=443): Max retries exceeded with url: /api/2.0/consumptions/instant?from=2025-01-05T08:48:00.0&tags=13389 (Caused by NameResolutionError("<urllib3.connection.HTTPSConnection object at 0x7fa69c22fe50>: Failed to resolve 'ks.innov.cleanwatts.energy' ([Errno -3] Temporary failure in name resolution)"))
2025-05-26 17:00:27 | ERROR | EnergyPrice: HTTPSConnectionPool(host='ks.innov.cleanwatts.energy', port=443): Max retries exceeded with url: /api/2.0/consumptions/instant?from=2025-01-05T08:48:00.0&tags=13389 (Caused by NameResolutionError("<urllib3.connection.HTTPSConnection object at 0x7fa69c2b5850>: Failed to resolve 'ks.innov.cleanwatts.energy' ([Errno -3] Temporary failure in name resolution)"))
2025-05-26 17:00:27 | ERROR | EnergyPrice: HTTPSConnectionPool(host='ks.innov.cleanwatts.energy', port=443): Max retries exceeded with url: /api/2.0/consumptions/instant?from=2025-01-05T08:48:00.0&tags=13389 (Caused by NameResolutionError("<urllib3.connection.HTTPSConnection object at 0x7fa69c181f40>: Failed to resolve 'ks.innov.cleanwatts.energy' ([Errno -3] Temporary failure in name resolution)"))
2025-05-26 17:00:27 | ERROR | EnergyPrice: HTTPSConnectionPool(host='ks.innov.cleanwatts.energy', port=443): Max retries exceeded with url: /api/2.0/consumptions/instant?from=2025-01-05T08:48:00.0&tags=13389 (Caused by NameResolutionError("<urllib3.connection.HTTPSConnection object at 0x7fa69c2695b0>: Failed to resolve 'ks.innov.cleanwatts.energy' ([Errno -3] Temporary failure in name resolution)"))
2025-05-26 17:00:27 | ERROR | EnergyPrice: HTTPSConnectionPool(host='ks.innov.cleanwatts.energy', port=443): Max retries exceeded with url: /api/2.0/consumptions/instant?from=2025-01-05T08:48:00.0&tags=13389 (Caused by NameResolutionError("<urllib3.connection.HTTPSConnection object at 0x7fa69c2009a0>: Failed to resolve 'ks.innov.cleanwatts.energy' ([Errno -3] Temporary failure in name resolution)"))
2025-05-26 17:00:27 | ERROR | EnergyPrice: HTTPSConnectionPool(host='ks.innov.cleanwatts.energy', port=443): Max retries exceeded with url: /api/2.0/consumptions/instant?from=2025-01-05T08:48:00.0&tags=13389 (Caused by NameResolutionError("<urllib3.connection.HTTPSConnection object at 0x7fa69c2181f0>: Failed to resolve 'ks.innov.cleanwatts.energy' ([Errno -3] Temporary failure in name resolution)"))
2025-05-26 17:00:27 | ERROR | EnergyPrice: HTTPSConnectionPool(host='ks.innov.cleanwatts.energy', port=443): Max retries exceeded with url: /api/2.0/consumptions/instant?from=2025-01-05T08:48:00.0&tags=13389 (Caused by NameResolutionError("<urllib3.connection.HTTPSConnection object at 0x7fa69c235490>: Failed to resolve 'ks.innov.cleanwatts.energy' ([Errno -3] Temporary failure in name resolution)"))
2025-05-26 17:00:31 | ERROR | Failed to insert data: No servers found yet, Timeout: 5.0s, Topology Description: <TopologyDescription id: 68349e2acb5364b9ccfd3fcb, topology_type: Unknown, servers: [<ServerDescription ('vsgate-s1.dei.isep.ipp.pt', 10246) server_type: Unknown, rtt: None>]>
2025-05-26 17:00:31 | ERROR | Failed to insert data: No servers found yet, Timeout: 5.0s, Topology Description: <TopologyDescription id: 68349e2acb5364b9ccfd3fcd, topology_type: Unknown, servers: [<ServerDescription ('vsgate-s1.dei.isep.ipp.pt', 10246) server_type: Unknown, rtt: None>]>
2025-05-26 17:00:31 | ERROR | Failed to insert data: No servers found yet, Timeout: 5.0s, Topology Description: <TopologyDescription id: 68349e2acb5364b9ccfd3fcf, topology_type: Unknown, servers: [<ServerDescription ('vsgate-s1.dei.isep.ipp.pt', 10246) server_type: Unknown, rtt: None>]>
2025-05-26 17:00:31 | ERROR | Failed to insert data: No servers found yet, Timeout: 5.0s, Topology Description: <TopologyDescription id: 68349e2acb5364b9ccfd3fd1, topology_type: Unknown, servers: [<ServerDescription ('vsgate-s1.dei.isep.ipp.pt', 10246) server_type: Unknown, rtt: None>]>
2025-05-26 17:00:31 | ERROR | Failed to insert data: No servers found yet, Timeout: 5.0s, Topology Description: <TopologyDescription id: 68349e2acb5364b9ccfd3fd3, topology_type: Unknown, servers: [<ServerDescription ('vsgate-s1.dei.isep.ipp.pt', 10246) server_type: Unknown, rtt: None>]>
2025-05-26 17:00:31 | ERROR | Failed to insert data: No servers found yet, Timeout: 5.0s, Topology Description: <TopologyDescription id: 68349e2acb5364b9ccfd3fd5, topology_type: Unknown, servers: [<ServerDescription ('vsgate-s1.dei.isep.ipp.pt', 10246) server_type: Unknown, rtt: None>]>
2025-05-26 17:00:31 | ERROR | Failed to insert data: No servers found yet, Timeout: 5.0s, Topology Description: <TopologyDescription id: 68349e2acb5364b9ccfd3fd7, topology_type: Unknown, servers: [<ServerDescription ('vsgate-s1.dei.isep.ipp.pt', 10246) server_type: Unknown, rtt: None>]>
2025-05-26 17:00:31 | ERROR | Failed to insert data: No servers found yet, Timeout: 5.0s, Topology Description: <TopologyDescription id: 68349e2acb5364b9ccfd3fd9, topology_type: Unknown, servers: [<ServerDescription ('vsgate-s1.dei.isep.ipp.pt', 10246) server_type: Unknown, rtt: None>]>
2025-05-26 17:00:31 | ERROR | Failed to insert data: No servers found yet, Timeout: 5.0s, Topology Description: <TopologyDescription id: 68349e2acb5364b9ccfd3fdb, topology_type: Unknown, servers: [<ServerDescription ('vsgate-s1.dei.isep.ipp.pt', 10246) server_type: Unknown, rtt: None>]>
2025-05-26 17:00:32 | ERROR | Failed to insert data: No servers found yet, Timeout: 5.0s, Topology Description: <TopologyDescription id: 68349e2acb5364b9ccfd3fdd, topology_type: Unknown, servers: [<ServerDescription ('vsgate-s1.dei.isep.ipp.pt', 10246) server_type: Unknown, rtt: None>]>
2025-05-26 17:00:32 | ERROR | Failed to insert data: No servers found yet, Timeout: 5.0s, Topology Description: <TopologyDescription id: 68349e2bcb5364b9ccfd3fdf, topology_type: Unknown, servers: [<ServerDescription ('vsgate-s1.dei.isep.ipp.pt', 10246) server_type: Unknown, rtt: None>]>
2025-05-26 17:00:32 | ERROR | Failed to insert data: No servers found yet, Timeout: 5.0s, Topology Description: <TopologyDescription id: 68349e2bcb5364b9ccfd3fe1, topology_type: Unknown, servers: [<ServerDescription ('vsgate-s1.dei.isep.ipp.pt', 10246) server_type: Unknown, rtt: None>]>
2025-05-26 17:00:32 | ERROR | Failed to insert data: No servers found yet, Timeout: 5.0s, Topology Description: <TopologyDescription id: 68349e2bcb5364b9ccfd3fe3, topology_type: Unknown, servers: [<ServerDescription ('vsgate-s1.dei.isep.ipp.pt', 10246) server_type: Unknown, rtt: None>]>
2025-05-26 17:00:32 | ERROR | Failed to insert data: No servers found yet, Timeout: 5.0s, Topology Description: <TopologyDescription id: 68349e2bcb5364b9ccfd3fe5, topology_type: Unknown, servers: [<ServerDescription ('vsgate-s1.dei.isep.ipp.pt', 10246) server_type: Unknown, rtt: None>]>
2025-05-26 17:00:32 | ERROR | Failed to insert data: No servers found yet, Timeout: 5.0s, Topology Description: <TopologyDescription id: 68349e2bcb5364b9ccfd3fe7, topology_type: Unknown, servers: [<ServerDescription ('vsgate-s1.dei.isep.ipp.pt', 10246) server_type: Unknown, rtt: None>]>
2025-05-26 17:00:32 | ERROR | Failed to insert data: No servers found yet, Timeout: 5.0s, Topology Description: <TopologyDescription id: 68349e2bcb5364b9ccfd3fe8, topology_type: Unknown, servers: [<ServerDescription ('vsgate-s1.dei.isep.ipp.pt', 10246) server_type: Unknown, rtt: None>]>
2025-05-26 17:00:32 | ERROR | Failed to insert data: No servers found yet, Timeout: 5.0s, Topology Description: <TopologyDescription id: 68349e2bcb5364b9ccfd3fea, topology_type: Unknown, servers: [<ServerDescription ('vsgate-s1.dei.isep.ipp.pt', 10246) server_type: Unknown, rtt: None>]>
2025-05-26 17:00:45 | WARNING | Device 29720 was not found.
2025-05-26 17:00:45 | WARNING | Device not found in substitute_dict: 29720
2025-05-26 17:00:45 | WARNING | Device 29725 was not found.
2025-05-26 17:00:45 | WARNING | Device not found in substitute_dict: 29725
2025-05-26 17:00:45 | WARNING | Device 28387 was not found.
2025-05-26 17:00:45 | WARNING | Device not found in substitute_dict: 28387
2025-05-26 17:00:45 | WARNING | Device 30634 was not found.
2025-05-26 17:00:45 | WARNING | Device not found in substitute_dict: 30634
2025-05-26 17:00:45 | WARNING | Device 30642 was not found.
2025-05-26 17:00:45 | WARNING | Device not found in substitute_dict: 30642
2025-05-26 17:00:45 | WARNING | Device 28375 was not found.
2025-05-26 17:00:45 | WARNING | Device not found in substitute_dict: 28375
2025-05-26 17:00:45 | WARNING | Device 29658 was not found.
2025-05-26 17:00:45 | WARNING | Device not found in substitute_dict: 29658
2025-05-26 17:00:45 | WARNING | Device 33423 was not found.
2025-05-26 17:00:45 | WARNING | Device not found in substitute_dict: 33423
2025-05-26 17:00:45 | WARNING | Device 31049 was not found.
2025-05-26 17:00:45 | WARNING | Device not found in substitute_dict: 31049
2025-05-26 17:00:45 | WARNING | Device 31093 was not found.
2025-05-26 17:00:45 | WARNING | Device not found in substitute_dict: 31093
2025-05-26 17:00:45 | WARNING | Device 28386 was not found.
2025-05-26 17:00:45 | WARNING | Device not found in substitute_dict: 28386
2025-05-26 17:00:45 | WARNING | Device 29373 was not found.
2025-05-26 17:00:45 | WARNING | Device not found in substitute_dict: 29373
2025-05-26 17:00:45 | WARNING | Device 29851 was not found.
2025-05-26 17:00:45 | WARNING | Device not found in substitute_dict: 29851
2025-05-26 17:00:45 | WARNING | Device 29498 was not found.
2025-05-26 17:00:45 | WARNING | Device not found in substitute_dict: 29498
2025-05-26 17:00:45 | WARNING | Device 30080 was not found.
2025-05-26 17:00:45 | WARNING | Device not found in substitute_dict: 30080
2025-05-26 17:00:45 | WARNING | Device 29660 was not found.
2025-05-26 17:00:45 | WARNING | Device not found in substitute_dict: 29660
2025-05-26 17:00:45 | WARNING | Device 36766 was not found.
2025-05-26 17:00:45 | WARNING | Device not found in substitute_dict: 36766
2025-05-26 17:00:45 | WARNING | Device 36769 was not found.
2025-05-26 17:00:45 | WARNING | Device not found in substitute_dict: 36769
2025-05-26 17:00:45 | WARNING | Device 30688 was not found.
2025-05-26 17:00:45 | WARNING | Device not found in substitute_dict: 30688
2025-05-26 17:00:45 | WARNING | Device 33682 was not found.
2025-05-26 17:00:45 | WARNING | Device not found in substitute_dict: 33682
2025-05-26 17:00:45 | WARNING | Device 35927 was not found.
2025-05-26 17:00:45 | WARNING | Device not found in substitute_dict: 35927
2025-05-26 17:00:45 | WARNING | Device 33711 was not found.
2025-05-26 17:00:45 | WARNING | Device not found in substitute_dict: 33711
2025-05-26 17:00:45 | WARNING | Device 37208 was not found.
2025-05-26 17:00:45 | WARNING | Device not found in substitute_dict: 37208
2025-05-26 17:00:45 | WARNING | Device 37214 was not found.
2025-05-26 17:00:45 | WARNING | Device not found in substitute_dict: 37214
2025-05-26 17:00:45 | WARNING | Device AC000001_1 was not found.
2025-05-26 17:00:45 | WARNING | Device AC000004_1 was not found.
2025-05-26 17:00:45 | WARNING | Device AC000007_1 was not found.
2025-05-26 17:00:45 | WARNING | Device AC000010_1 was not found.
2025-05-26 17:00:45 | WARNING | Device AC000013_1 was not found.
2025-05-26 17:00:45 | WARNING | Device AC000002_1 was not found.
2025-05-26 17:00:45 | WARNING | Device AC000003_1 was not found.
2025-05-26 17:00:45 | WARNING | Device AC000005_1 was not found.
2025-05-26 17:00:45 | WARNING | Device AC000006_1 was not found.
2025-05-26 17:00:45 | WARNING | Device AC000008_1 was not found.
2025-05-26 17:00:45 | WARNING | Device VR1UJZKXZKW134851 was not found.
2025-05-26 17:00:45 | WARNING | Device AC000009_1 was not found.
2025-05-26 17:00:45 | WARNING | Device not found in substitute_dict: VR1UJZKXZKW134851
2025-05-26 17:00:45 | WARNING | Device AC000011_1 was not found.
2025-05-26 17:00:45 | WARNING | Device AC000012_1 was not found.
2025-05-26 17:00:45 | WARNING | Device pctesolate was not found.
2025-05-26 17:00:45 | WARNING | Device AC000014_1 was not found.
2025-05-26 17:00:45 | WARNING | Device not found in substitute_dict: pctesolate
2025-05-26 17:00:45 | WARNING | Device ACEXT001_1 was not found.
2025-05-26 17:00:45 | WARNING | Device ACEXT002_1 was not found.
2025-05-26 17:00:45 | WARNING | Device ACEXT003_1 was not found.
2025-05-26 17:00:45 | WARNING | Device ACEXT004_1 was not found.
2025-05-26 17:01:26 | ERROR | EnergyPrice: HTTPSConnectionPool(host='ks.innov.cleanwatts.energy', port=443): Max retries exceeded with url: /api/2.0/consumptions/instant?from=2025-01-05T08:48:00.0&tags=13389 (Caused by NameResolutionError("<urllib3.connection.HTTPSConnection object at 0x7fa69c278700>: Failed to resolve 'ks.innov.cleanwatts.energy' ([Errno -3] Temporary failure in name resolution)"))
2025-05-26 17:01:26 | ERROR | EnergyPrice: HTTPSConnectionPool(host='ks.innov.cleanwatts.energy', port=443): Max retries exceeded with url: /api/2.0/consumptions/instant?from=2025-01-05T08:48:00.0&tags=13389 (Caused by NameResolutionError("<urllib3.connection.HTTPSConnection object at 0x7fa69c235a60>: Failed to resolve 'ks.innov.cleanwatts.energy' ([Errno -3] Temporary failure in name resolution)"))
2025-05-26 17:01:26 | ERROR | EnergyPrice: HTTPSConnectionPool(host='ks.innov.cleanwatts.energy', port=443): Max retries exceeded with url: /api/2.0/consumptions/instant?from=2025-01-05T08:48:00.0&tags=13389 (Caused by NameResolutionError("<urllib3.connection.HTTPSConnection object at 0x7fa69c2610d0>: Failed to resolve 'ks.innov.cleanwatts.energy' ([Errno -3] Temporary failure in name resolution)"))
2025-05-26 17:01:26 | ERROR | EnergyPrice: HTTPSConnectionPool(host='ks.innov.cleanwatts.energy', port=443): Max retries exceeded with url: /api/2.0/consumptions/instant?from=2025-01-05T08:48:00.0&tags=13389 (Caused by NameResolutionError("<urllib3.connection.HTTPSConnection object at 0x7fa69c22f6d0>: Failed to resolve 'ks.innov.cleanwatts.energy' ([Errno -3] Temporary failure in name resolution)"))
2025-05-26 17:01:27 | ERROR | EnergyPrice: HTTPSConnectionPool(host='ks.innov.cleanwatts.energy', port=443): Max retries exceeded with url: /api/2.0/consumptions/instant?from=2025-01-05T08:48:00.0&tags=13389 (Caused by NameResolutionError("<urllib3.connection.HTTPSConnection object at 0x7fa69c1f5d90>: Failed to resolve 'ks.innov.cleanwatts.energy' ([Errno -3] Temporary failure in name resolution)"))
2025-05-26 17:01:27 | ERROR | EnergyPrice: HTTPSConnectionPool(host='ks.innov.cleanwatts.energy', port=443): Max retries exceeded with url: /api/2.0/consumptions/instant?from=2025-01-05T08:48:00.0&tags=13389 (Caused by NameResolutionError("<urllib3.connection.HTTPSConnection object at 0x7fa69c1524f0>: Failed to resolve 'ks.innov.cleanwatts.energy' ([Errno -3] Temporary failure in name resolution)"))
2025-05-26 17:01:27 | ERROR | EnergyPrice: HTTPSConnectionPool(host='ks.innov.cleanwatts.energy', port=443): Max retries exceeded with url: /api/2.0/consumptions/instant?from=2025-01-05T08:48:00.0&tags=13389 (Caused by NameResolutionError("<urllib3.connection.HTTPSConnection object at 0x7fa69c285c40>: Failed to resolve 'ks.innov.cleanwatts.energy' ([Errno -3] Temporary failure in name resolution)"))
2025-05-26 17:01:27 | ERROR | EnergyPrice: HTTPSConnectionPool(host='ks.innov.cleanwatts.energy', port=443): Max retries exceeded with url: /api/2.0/consumptions/instant?from=2025-01-05T08:48:00.0&tags=13389 (Caused by NameResolutionError("<urllib3.connection.HTTPSConnection object at 0x7fa69ff706a0>: Failed to resolve 'ks.innov.cleanwatts.energy' ([Errno -3] Temporary failure in name resolution)"))
2025-05-26 17:01:27 | ERROR | EnergyPrice: HTTPSConnectionPool(host='ks.innov.cleanwatts.energy', port=443): Max retries exceeded with url: /api/2.0/consumptions/instant?from=2025-01-05T08:48:00.0&tags=13389 (Caused by NameResolutionError("<urllib3.connection.HTTPSConnection object at 0x7fa69c2a1b50>: Failed to resolve 'ks.innov.cleanwatts.energy' ([Errno -3] Temporary failure in name resolution)"))
2025-05-26 17:01:27 | ERROR | EnergyPrice: HTTPSConnectionPool(host='ks.innov.cleanwatts.energy', port=443): Max retries exceeded with url: /api/2.0/consumptions/instant?from=2025-01-05T08:48:00.0&tags=13389 (Caused by NameResolutionError("<urllib3.connection.HTTPSConnection object at 0x7fa69c13c220>: Failed to resolve 'ks.innov.cleanwatts.energy' ([Errno -3] Temporary failure in name resolution)"))
2025-05-26 17:01:27 | ERROR | EnergyPrice: HTTPSConnectionPool(host='ks.innov.cleanwatts.energy', port=443): Max retries exceeded with url: /api/2.0/consumptions/instant?from=2025-01-05T08:48:00.0&tags=13389 (Caused by NameResolutionError("<urllib3.connection.HTTPSConnection object at 0x7fa69cae39a0>: Failed to resolve 'ks.innov.cleanwatts.energy' ([Errno -3] Temporary failure in name resolution)"))
2025-05-26 17:01:27 | ERROR | EnergyPrice: HTTPSConnectionPool(host='ks.innov.cleanwatts.energy', port=443): Max retries exceeded with url: /api/2.0/consumptions/instant?from=2025-01-05T08:48:00.0&tags=13389 (Caused by NameResolutionError("<urllib3.connection.HTTPSConnection object at 0x7fa69c0db5b0>: Failed to resolve 'ks.innov.cleanwatts.energy' ([Errno -3] Temporary failure in name resolution)"))
2025-05-26 17:01:27 | ERROR | EnergyPrice: HTTPSConnectionPool(host='ks.innov.cleanwatts.energy', port=443): Max retries exceeded with url: /api/2.0/consumptions/instant?from=2025-01-05T08:48:00.0&tags=13389 (Caused by NameResolutionError("<urllib3.connection.HTTPSConnection object at 0x7fa69c149370>: Failed to resolve 'ks.innov.cleanwatts.energy' ([Errno -3] Temporary failure in name resolution)"))
2025-05-26 17:01:27 | ERROR | EnergyPrice: HTTPSConnectionPool(host='ks.innov.cleanwatts.energy', port=443): Max retries exceeded with url: /api/2.0/consumptions/instant?from=2025-01-05T08:48:00.0&tags=13389 (Caused by NameResolutionError("<urllib3.connection.HTTPSConnection object at 0x7fa69c2425e0>: Failed to resolve 'ks.innov.cleanwatts.energy' ([Errno -3] Temporary failure in name resolution)"))
2025-05-26 17:01:27 | ERROR | EnergyPrice: HTTPSConnectionPool(host='ks.innov.cleanwatts.energy', port=443): Max retries exceeded with url: /api/2.0/consumptions/instant?from=2025-01-05T08:48:00.0&tags=13389 (Caused by NameResolutionError("<urllib3.connection.HTTPSConnection object at 0x7fa69c24deb0>: Failed to resolve 'ks.innov.cleanwatts.energy' ([Errno -3] Temporary failure in name resolution)"))
2025-05-26 17:01:27 | ERROR | EnergyPrice: HTTPSConnectionPool(host='ks.innov.cleanwatts.energy', port=443): Max retries exceeded with url: /api/2.0/consumptions/instant?from=2025-01-05T08:48:00.0&tags=13389 (Caused by NameResolutionError("<urllib3.connection.HTTPSConnection object at 0x7fa69c206520>: Failed to resolve 'ks.innov.cleanwatts.energy' ([Errno -3] Temporary failure in name resolution)"))
2025-05-26 17:01:27 | ERROR | EnergyPrice: HTTPSConnectionPool(host='ks.innov.cleanwatts.energy', port=443): Max retries exceeded with url: /api/2.0/consumptions/instant?from=2025-01-05T08:48:00.0&tags=13389 (Caused by NameResolutionError("<urllib3.connection.HTTPSConnection object at 0x7fa69c218670>: Failed to resolve 'ks.innov.cleanwatts.energy' ([Errno -3] Temporary failure in name resolution)"))
2025-05-26 17:01:31 | ERROR | Failed to insert data: No servers found yet, Timeout: 5.0s, Topology Description: <TopologyDescription id: 68349e66cb5364b9ccfd3fed, topology_type: Unknown, servers: [<ServerDescription ('vsgate-s1.dei.isep.ipp.pt', 10246) server_type: Unknown, rtt: None>]>
2025-05-26 17:01:31 | ERROR | Failed to insert data: No servers found yet, Timeout: 5.0s, Topology Description: <TopologyDescription id: 68349e66cb5364b9ccfd3fef, topology_type: Unknown, servers: [<ServerDescription ('vsgate-s1.dei.isep.ipp.pt', 10246) server_type: Unknown, rtt: None>]>
2025-05-26 17:01:31 | ERROR | Failed to insert data: No servers found yet, Timeout: 5.0s, Topology Description: <TopologyDescription id: 68349e66cb5364b9ccfd3ff1, topology_type: Unknown, servers: [<ServerDescription ('vsgate-s1.dei.isep.ipp.pt', 10246) server_type: Unknown, rtt: None>]>
2025-05-26 17:01:32 | ERROR | Failed to insert data: No servers found yet, Timeout: 5.0s, Topology Description: <TopologyDescription id: 68349e67cb5364b9ccfd3ff3, topology_type: Unknown, servers: [<ServerDescription ('vsgate-s1.dei.isep.ipp.pt', 10246) server_type: Unknown, rtt: None>]>
2025-05-26 17:01:32 | ERROR | Failed to insert data: No servers found yet, Timeout: 5.0s, Topology Description: <TopologyDescription id: 68349e67cb5364b9ccfd3ff5, topology_type: Unknown, servers: [<ServerDescription ('vsgate-s1.dei.isep.ipp.pt', 10246) server_type: Unknown, rtt: None>]>
2025-05-26 17:01:32 | ERROR | Failed to insert data: No servers found yet, Timeout: 5.0s, Topology Description: <TopologyDescription id: 68349e67cb5364b9ccfd3ff7, topology_type: Unknown, servers: [<ServerDescription ('vsgate-s1.dei.isep.ipp.pt', 10246) server_type: Unknown, rtt: None>]>
2025-05-26 17:01:32 | ERROR | Failed to insert data: No servers found yet, Timeout: 5.0s, Topology Description: <TopologyDescription id: 68349e67cb5364b9ccfd3ff9, topology_type: Unknown, servers: [<ServerDescription ('vsgate-s1.dei.isep.ipp.pt', 10246) server_type: Unknown, rtt: None>]>
2025-05-26 17:01:32 | ERROR | Failed to insert data: No servers found yet, Timeout: 5.0s, Topology Description: <TopologyDescription id: 68349e67cb5364b9ccfd3ffb, topology_type: Unknown, servers: [<ServerDescription ('vsgate-s1.dei.isep.ipp.pt', 10246) server_type: Unknown, rtt: None>]>
2025-05-26 17:01:32 | ERROR | Failed to insert data: No servers found yet, Timeout: 5.0s, Topology Description: <TopologyDescription id: 68349e67cb5364b9ccfd3ffd, topology_type: Unknown, servers: [<ServerDescription ('vsgate-s1.dei.isep.ipp.pt', 10246) server_type: Unknown, rtt: None>]>
2025-05-26 17:01:32 | ERROR | Failed to insert data: No servers found yet, Timeout: 5.0s, Topology Description: <TopologyDescription id: 68349e67cb5364b9ccfd3fff, topology_type: Unknown, servers: [<ServerDescription ('vsgate-s1.dei.isep.ipp.pt', 10246) server_type: Unknown, rtt: None>]>
2025-05-26 17:01:32 | ERROR | Failed to insert data: No servers found yet, Timeout: 5.0s, Topology Description: <TopologyDescription id: 68349e67cb5364b9ccfd4001, topology_type: Unknown, servers: [<ServerDescription ('vsgate-s1.dei.isep.ipp.pt', 10246) server_type: Unknown, rtt: None>]>
2025-05-26 17:01:32 | ERROR | Failed to insert data: No servers found yet, Timeout: 5.0s, Topology Description: <TopologyDescription id: 68349e67cb5364b9ccfd4003, topology_type: Unknown, servers: [<ServerDescription ('vsgate-s1.dei.isep.ipp.pt', 10246) server_type: Unknown, rtt: None>]>
2025-05-26 17:01:32 | ERROR | Failed to insert data: No servers found yet, Timeout: 5.0s, Topology Description: <TopologyDescription id: 68349e67cb5364b9ccfd4005, topology_type: Unknown, servers: [<ServerDescription ('vsgate-s1.dei.isep.ipp.pt', 10246) server_type: Unknown, rtt: None>]>
2025-05-26 17:01:32 | ERROR | Failed to insert data: No servers found yet, Timeout: 5.0s, Topology Description: <TopologyDescription id: 68349e67cb5364b9ccfd4007, topology_type: Unknown, servers: [<ServerDescription ('vsgate-s1.dei.isep.ipp.pt', 10246) server_type: Unknown, rtt: None>]>
2025-05-26 17:01:32 | ERROR | Failed to insert data: No servers found yet, Timeout: 5.0s, Topology Description: <TopologyDescription id: 68349e67cb5364b9ccfd4009, topology_type: Unknown, servers: [<ServerDescription ('vsgate-s1.dei.isep.ipp.pt', 10246) server_type: Unknown, rtt: None>]>
2025-05-26 17:01:32 | ERROR | Failed to insert data: No servers found yet, Timeout: 5.0s, Topology Description: <TopologyDescription id: 68349e67cb5364b9ccfd400b, topology_type: Unknown, servers: [<ServerDescription ('vsgate-s1.dei.isep.ipp.pt', 10246) server_type: Unknown, rtt: None>]>
2025-05-26 17:01:32 | ERROR | Failed to insert data: No servers found yet, Timeout: 5.0s, Topology Description: <TopologyDescription id: 68349e67cb5364b9ccfd400d, topology_type: Unknown, servers: [<ServerDescription ('vsgate-s1.dei.isep.ipp.pt', 10246) server_type: Unknown, rtt: None>]>
2025-05-26 17:01:45 | WARNING | Device 29720 was not found.
2025-05-26 17:01:45 | WARNING | Device not found in substitute_dict: 29720
2025-05-26 17:01:45 | WARNING | Device 29725 was not found.
2025-05-26 17:01:45 | WARNING | Device not found in substitute_dict: 29725
2025-05-26 17:01:45 | WARNING | Device 28387 was not found.
2025-05-26 17:01:45 | WARNING | Device not found in substitute_dict: 28387
2025-05-26 17:01:45 | WARNING | Device 30634 was not found.
2025-05-26 17:01:45 | WARNING | Device not found in substitute_dict: 30634
2025-05-26 17:01:45 | WARNING | Device 30642 was not found.
2025-05-26 17:01:45 | WARNING | Device not found in substitute_dict: 30642
2025-05-26 17:01:45 | WARNING | Device 28375 was not found.
2025-05-26 17:01:45 | WARNING | Device not found in substitute_dict: 28375
2025-05-26 17:01:45 | WARNING | Device 29658 was not found.
2025-05-26 17:01:45 | WARNING | Device not found in substitute_dict: 29658
2025-05-26 17:01:45 | WARNING | Device 33423 was not found.
2025-05-26 17:01:45 | WARNING | Device not found in substitute_dict: 33423
2025-05-26 17:01:45 | WARNING | Device 31049 was not found.
2025-05-26 17:01:45 | WARNING | Device not found in substitute_dict: 31049
2025-05-26 17:01:45 | WARNING | Device 31093 was not found.
2025-05-26 17:01:45 | WARNING | Device not found in substitute_dict: 31093
2025-05-26 17:01:45 | WARNING | Device 28386 was not found.
2025-05-26 17:01:45 | WARNING | Device not found in substitute_dict: 28386
2025-05-26 17:01:45 | WARNING | Device 29373 was not found.
2025-05-26 17:01:45 | WARNING | Device not found in substitute_dict: 29373
2025-05-26 17:01:45 | WARNING | Device 29851 was not found.
2025-05-26 17:01:45 | WARNING | Device not found in substitute_dict: 29851
2025-05-26 17:01:45 | WARNING | Device 29498 was not found.
2025-05-26 17:01:45 | WARNING | Device not found in substitute_dict: 29498
2025-05-26 17:01:45 | WARNING | Device 30080 was not found.
2025-05-26 17:01:45 | WARNING | Device not found in substitute_dict: 30080
2025-05-26 17:01:45 | WARNING | Device 29660 was not found.
2025-05-26 17:01:45 | WARNING | Device not found in substitute_dict: 29660
2025-05-26 17:01:45 | WARNING | Device 36766 was not found.
2025-05-26 17:01:45 | WARNING | Device not found in substitute_dict: 36766
2025-05-26 17:01:45 | WARNING | Device 36769 was not found.
2025-05-26 17:01:45 | WARNING | Device not found in substitute_dict: 36769
2025-05-26 17:01:45 | WARNING | Device 30688 was not found.
2025-05-26 17:01:45 | WARNING | Device not found in substitute_dict: 30688
2025-05-26 17:01:45 | WARNING | Device 33682 was not found.
2025-05-26 17:01:45 | WARNING | Device not found in substitute_dict: 33682
2025-05-26 17:01:45 | WARNING | Device 35927 was not found.
2025-05-26 17:01:45 | WARNING | Device not found in substitute_dict: 35927
2025-05-26 17:01:45 | WARNING | Device 33711 was not found.
2025-05-26 17:01:45 | WARNING | Device not found in substitute_dict: 33711
2025-05-26 17:01:45 | WARNING | Device 37208 was not found.
2025-05-26 17:01:45 | WARNING | Device not found in substitute_dict: 37208
2025-05-26 17:01:45 | WARNING | Device 37214 was not found.
2025-05-26 17:01:45 | WARNING | Device not found in substitute_dict: 37214
2025-05-26 17:01:45 | WARNING | Device AC000001_1 was not found.
2025-05-26 17:01:45 | WARNING | Device AC000004_1 was not found.
2025-05-26 17:01:45 | WARNING | Device AC000007_1 was not found.
2025-05-26 17:01:45 | WARNING | Device AC000010_1 was not found.
2025-05-26 17:01:45 | WARNING | Device AC000013_1 was not found.
2025-05-26 17:01:45 | WARNING | Device AC000002_1 was not found.
2025-05-26 17:01:45 | WARNING | Device AC000003_1 was not found.
2025-05-26 17:01:45 | WARNING | Device AC000005_1 was not found.
2025-05-26 17:01:45 | WARNING | Device AC000006_1 was not found.
2025-05-26 17:01:45 | WARNING | Device VR1UJZKXZKW134851 was not found.
2025-05-26 17:01:45 | WARNING | Device AC000008_1 was not found.
2025-05-26 17:01:45 | WARNING | Device not found in substitute_dict: VR1UJZKXZKW134851
2025-05-26 17:01:45 | WARNING | Device AC000009_1 was not found.
2025-05-26 17:01:45 | WARNING | Device AC000011_1 was not found.
2025-05-26 17:01:45 | WARNING | Device pctesolate was not found.
2025-05-26 17:01:45 | WARNING | Device AC000012_1 was not found.
2025-05-26 17:01:45 | WARNING | Device not found in substitute_dict: pctesolate
2025-05-26 17:01:45 | WARNING | Device AC000014_1 was not found.
2025-05-26 17:01:45 | WARNING | Device ACEXT001_1 was not found.
2025-05-26 17:01:45 | WARNING | Device ACEXT002_1 was not found.
2025-05-26 17:01:45 | WARNING | Device ACEXT003_1 was not found.
2025-05-26 17:01:45 | WARNING | Device ACEXT004_1 was not found.
2025-05-26 17:02:26 | ERROR | EnergyPrice: HTTPSConnectionPool(host='ks.innov.cleanwatts.energy', port=443): Max retries exceeded with url: /api/2.0/consumptions/instant?from=2025-01-05T08:48:00.0&tags=13389 (Caused by NameResolutionError("<urllib3.connection.HTTPSConnection object at 0x7fa69c2b5910>: Failed to resolve 'ks.innov.cleanwatts.energy' ([Errno -3] Temporary failure in name resolution)"))
2025-05-26 17:02:26 | ERROR | EnergyPrice: HTTPSConnectionPool(host='ks.innov.cleanwatts.energy', port=443): Max retries exceeded with url: /api/2.0/consumptions/instant?from=2025-01-05T08:48:00.0&tags=13389 (Caused by NameResolutionError("<urllib3.connection.HTTPSConnection object at 0x7fa69c22fa00>: Failed to resolve 'ks.innov.cleanwatts.energy' ([Errno -3] Temporary failure in name resolution)"))
2025-05-26 17:02:26 | ERROR | EnergyPrice: HTTPSConnectionPool(host='ks.innov.cleanwatts.energy', port=443): Max retries exceeded with url: /api/2.0/consumptions/instant?from=2025-01-05T08:48:00.0&tags=13389 (Caused by NameResolutionError("<urllib3.connection.HTTPSConnection object at 0x7fa6a07af970>: Failed to resolve 'ks.innov.cleanwatts.energy' ([Errno -3] Temporary failure in name resolution)"))
2025-05-26 17:02:26 | ERROR | EnergyPrice: HTTPSConnectionPool(host='ks.innov.cleanwatts.energy', port=443): Max retries exceeded with url: /api/2.0/consumptions/instant?from=2025-01-05T08:48:00.0&tags=13389 (Caused by NameResolutionError("<urllib3.connection.HTTPSConnection object at 0x7fa69c1aa8e0>: Failed to resolve 'ks.innov.cleanwatts.energy' ([Errno -3] Temporary failure in name resolution)"))
2025-05-26 17:02:26 | ERROR | EnergyPrice: HTTPSConnectionPool(host='ks.innov.cleanwatts.energy', port=443): Max retries exceeded with url: /api/2.0/consumptions/instant?from=2025-01-05T08:48:00.0&tags=13389 (Caused by NameResolutionError("<urllib3.connection.HTTPSConnection object at 0x7fa69caf2f10>: Failed to resolve 'ks.innov.cleanwatts.energy' ([Errno -3] Temporary failure in name resolution)"))
2025-05-26 17:02:26 | ERROR | EnergyPrice: HTTPSConnectionPool(host='ks.innov.cleanwatts.energy', port=443): Max retries exceeded with url: /api/2.0/consumptions/instant?from=2025-01-05T08:48:00.0&tags=13389 (Caused by NameResolutionError("<urllib3.connection.HTTPSConnection object at 0x7fa69cadacd0>: Failed to resolve 'ks.innov.cleanwatts.energy' ([Errno -3] Temporary failure in name resolution)"))
2025-05-26 17:02:26 | ERROR | EnergyPrice: HTTPSConnectionPool(host='ks.innov.cleanwatts.energy', port=443): Max retries exceeded with url: /api/2.0/consumptions/instant?from=2025-01-05T08:48:00.0&tags=13389 (Caused by NameResolutionError("<urllib3.connection.HTTPSConnection object at 0x7fa69eb3b610>: Failed to resolve 'ks.innov.cleanwatts.energy' ([Errno -3] Temporary failure in name resolution)"))
2025-05-26 17:02:26 | ERROR | EnergyPrice: HTTPSConnectionPool(host='ks.innov.cleanwatts.energy', port=443): Max retries exceeded with url: /api/2.0/consumptions/instant?from=2025-01-05T08:48:00.0&tags=13389 (Caused by NameResolutionError("<urllib3.connection.HTTPSConnection object at 0x7fa69c24da00>: Failed to resolve 'ks.innov.cleanwatts.energy' ([Errno -3] Temporary failure in name resolution)"))
2025-05-26 17:02:26 | ERROR | EnergyPrice: HTTPSConnectionPool(host='ks.innov.cleanwatts.energy', port=443): Max retries exceeded with url: /api/2.0/consumptions/instant?from=2025-01-05T08:48:00.0&tags=13389 (Caused by NameResolutionError("<urllib3.connection.HTTPSConnection object at 0x7fa69c2650d0>: Failed to resolve 'ks.innov.cleanwatts.energy' ([Errno -3] Temporary failure in name resolution)"))
2025-05-26 17:02:26 | ERROR | EnergyPrice: HTTPSConnectionPool(host='ks.innov.cleanwatts.energy', port=443): Max retries exceeded with url: /api/2.0/consumptions/instant?from=2025-01-05T08:48:00.0&tags=13389 (Caused by NameResolutionError("<urllib3.connection.HTTPSConnection object at 0x7fa69c0bb4f0>: Failed to resolve 'ks.innov.cleanwatts.energy' ([Errno -3] Temporary failure in name resolution)"))
2025-05-26 17:02:26 | ERROR | EnergyPrice: HTTPSConnectionPool(host='ks.innov.cleanwatts.energy', port=443): Max retries exceeded with url: /api/2.0/consumptions/instant?from=2025-01-05T08:48:00.0&tags=13389 (Caused by NameResolutionError("<urllib3.connection.HTTPSConnection object at 0x7fa69c235c10>: Failed to resolve 'ks.innov.cleanwatts.energy' ([Errno -3] Temporary failure in name resolution)"))
2025-05-26 17:02:26 | ERROR | EnergyPrice: HTTPSConnectionPool(host='ks.innov.cleanwatts.energy', port=443): Max retries exceeded with url: /api/2.0/consumptions/instant?from=2025-01-05T08:48:00.0&tags=13389 (Caused by NameResolutionError("<urllib3.connection.HTTPSConnection object at 0x7fa69c1d8970>: Failed to resolve 'ks.innov.cleanwatts.energy' ([Errno -3] Temporary failure in name resolution)"))
2025-05-26 17:02:26 | ERROR | EnergyPrice: HTTPSConnectionPool(host='ks.innov.cleanwatts.energy', port=443): Max retries exceeded with url: /api/2.0/consumptions/instant?from=2025-01-05T08:48:00.0&tags=13389 (Caused by NameResolutionError("<urllib3.connection.HTTPSConnection object at 0x7fa69c200a60>: Failed to resolve 'ks.innov.cleanwatts.energy' ([Errno -3] Temporary failure in name resolution)"))
2025-05-26 17:02:26 | ERROR | EnergyPrice: HTTPSConnectionPool(host='ks.innov.cleanwatts.energy', port=443): Max retries exceeded with url: /api/2.0/consumptions/instant?from=2025-01-05T08:48:00.0&tags=13389 (Caused by NameResolutionError("<urllib3.connection.HTTPSConnection object at 0x7fa69cac7e80>: Failed to resolve 'ks.innov.cleanwatts.energy' ([Errno -3] Temporary failure in name resolution)"))
2025-05-26 17:02:26 | ERROR | EnergyPrice: HTTPSConnectionPool(host='ks.innov.cleanwatts.energy', port=443): Max retries exceeded with url: /api/2.0/consumptions/instant?from=2025-01-05T08:48:00.0&tags=13389 (Caused by NameResolutionError("<urllib3.connection.HTTPSConnection object at 0x7fa69c0bbf10>: Failed to resolve 'ks.innov.cleanwatts.energy' ([Errno -3] Temporary failure in name resolution)"))
2025-05-26 17:02:26 | ERROR | EnergyPrice: HTTPSConnectionPool(host='ks.innov.cleanwatts.energy', port=443): Max retries exceeded with url: /api/2.0/consumptions/instant?from=2025-01-05T08:48:00.0&tags=13389 (Caused by NameResolutionError("<urllib3.connection.HTTPSConnection object at 0x7fa69c2b4a90>: Failed to resolve 'ks.innov.cleanwatts.energy' ([Errno -3] Temporary failure in name resolution)"))
2025-05-26 17:02:26 | ERROR | EnergyPrice: HTTPSConnectionPool(host='ks.innov.cleanwatts.energy', port=443): Max retries exceeded with url: /api/2.0/consumptions/instant?from=2025-01-05T08:48:00.0&tags=13389 (Caused by NameResolutionError("<urllib3.connection.HTTPSConnection object at 0x7fa69cae3460>: Failed to resolve 'ks.innov.cleanwatts.energy' ([Errno -3] Temporary failure in name resolution)"))
2025-05-26 17:02:32 | ERROR | Failed to insert data: No servers found yet, Timeout: 5.0s, Topology Description: <TopologyDescription id: 68349ea2cb5364b9ccfd400f, topology_type: Unknown, servers: [<ServerDescription ('vsgate-s1.dei.isep.ipp.pt', 10246) server_type: Unknown, rtt: None>]>
2025-05-26 17:02:32 | ERROR | Failed to insert data: No servers found yet, Timeout: 5.0s, Topology Description: <TopologyDescription id: 68349ea2cb5364b9ccfd4011, topology_type: Unknown, servers: [<ServerDescription ('vsgate-s1.dei.isep.ipp.pt', 10246) server_type: Unknown, rtt: None>]>
2025-05-26 17:02:32 | ERROR | Failed to insert data: No servers found yet, Timeout: 5.0s, Topology Description: <TopologyDescription id: 68349ea2cb5364b9ccfd4014, topology_type: Unknown, servers: [<ServerDescription ('vsgate-s1.dei.isep.ipp.pt', 10246) server_type: Unknown, rtt: None>]>
2025-05-26 17:02:32 | ERROR | Failed to insert data: No servers found yet, Timeout: 5.0s, Topology Description: <TopologyDescription id: 68349ea2cb5364b9ccfd4013, topology_type: Unknown, servers: [<ServerDescription ('vsgate-s1.dei.isep.ipp.pt', 10246) server_type: Unknown, rtt: None>]>
2025-05-26 17:02:32 | ERROR | Failed to insert data: No servers found yet, Timeout: 5.0s, Topology Description: <TopologyDescription id: 68349ea2cb5364b9ccfd4017, topology_type: Unknown, servers: [<ServerDescription ('vsgate-s1.dei.isep.ipp.pt', 10246) server_type: Unknown, rtt: None>]>
2025-05-26 17:02:32 | ERROR | Failed to insert data: No servers found yet, Timeout: 5.0s, Topology Description: <TopologyDescription id: 68349ea2cb5364b9ccfd4019, topology_type: Unknown, servers: [<ServerDescription ('vsgate-s1.dei.isep.ipp.pt', 10246) server_type: Unknown, rtt: None>]>
2025-05-26 17:02:32 | ERROR | Failed to insert data: No servers found yet, Timeout: 5.0s, Topology Description: <TopologyDescription id: 68349ea2cb5364b9ccfd401b, topology_type: Unknown, servers: [<ServerDescription ('vsgate-s1.dei.isep.ipp.pt', 10246) server_type: Unknown, rtt: None>]>
2025-05-26 17:02:32 | ERROR | Failed to insert data: No servers found yet, Timeout: 5.0s, Topology Description: <TopologyDescription id: 68349ea2cb5364b9ccfd401c, topology_type: Unknown, servers: [<ServerDescription ('vsgate-s1.dei.isep.ipp.pt', 10246) server_type: Unknown, rtt: None>]>
2025-05-26 17:02:32 | ERROR | Failed to insert data: No servers found yet, Timeout: 5.0s, Topology Description: <TopologyDescription id: 68349ea2cb5364b9ccfd401f, topology_type: Unknown, servers: [<ServerDescription ('vsgate-s1.dei.isep.ipp.pt', 10246) server_type: Unknown, rtt: None>]>
2025-05-26 17:02:32 | ERROR | Failed to insert data: No servers found yet, Timeout: 5.0s, Topology Description: <TopologyDescription id: 68349ea2cb5364b9ccfd4021, topology_type: Unknown, servers: [<ServerDescription ('vsgate-s1.dei.isep.ipp.pt', 10246) server_type: Unknown, rtt: None>]>
2025-05-26 17:02:32 | ERROR | Failed to insert data: No servers found yet, Timeout: 5.0s, Topology Description: <TopologyDescription id: 68349ea2cb5364b9ccfd4023, topology_type: Unknown, servers: [<ServerDescription ('vsgate-s1.dei.isep.ipp.pt', 10246) server_type: Unknown, rtt: None>]>
2025-05-26 17:02:32 | ERROR | Failed to insert data: No servers found yet, Timeout: 5.0s, Topology Description: <TopologyDescription id: 68349ea2cb5364b9ccfd4025, topology_type: Unknown, servers: [<ServerDescription ('vsgate-s1.dei.isep.ipp.pt', 10246) server_type: Unknown, rtt: None>]>
2025-05-26 17:02:32 | ERROR | Failed to insert data: No servers found yet, Timeout: 5.0s, Topology Description: <TopologyDescription id: 68349ea2cb5364b9ccfd4027, topology_type: Unknown, servers: [<ServerDescription ('vsgate-s1.dei.isep.ipp.pt', 10246) server_type: Unknown, rtt: None>]>
2025-05-26 17:02:32 | ERROR | Failed to insert data: No servers found yet, Timeout: 5.0s, Topology Description: <TopologyDescription id: 68349ea2cb5364b9ccfd4029, topology_type: Unknown, servers: [<ServerDescription ('vsgate-s1.dei.isep.ipp.pt', 10246) server_type: Unknown, rtt: None>]>
2025-05-26 17:02:32 | ERROR | Failed to insert data: No servers found yet, Timeout: 5.0s, Topology Description: <TopologyDescription id: 68349ea2cb5364b9ccfd402b, topology_type: Unknown, servers: [<ServerDescription ('vsgate-s1.dei.isep.ipp.pt', 10246) server_type: Unknown, rtt: None>]>
2025-05-26 17:02:32 | ERROR | Failed to insert data: No servers found yet, Timeout: 5.0s, Topology Description: <TopologyDescription id: 68349ea2cb5364b9ccfd402d, topology_type: Unknown, servers: [<ServerDescription ('vsgate-s1.dei.isep.ipp.pt', 10246) server_type: Unknown, rtt: None>]>
2025-05-26 17:02:32 | ERROR | Failed to insert data: No servers found yet, Timeout: 5.0s, Topology Description: <TopologyDescription id: 68349ea2cb5364b9ccfd402f, topology_type: Unknown, servers: [<ServerDescription ('vsgate-s1.dei.isep.ipp.pt', 10246) server_type: Unknown, rtt: None>]>
2025-05-26 17:02:45 | WARNING | Device 29720 was not found.
2025-05-26 17:02:45 | WARNING | Device not found in substitute_dict: 29720
2025-05-26 17:02:45 | WARNING | Device 29725 was not found.
2025-05-26 17:02:45 | WARNING | Device not found in substitute_dict: 29725
2025-05-26 17:02:45 | WARNING | Device 28387 was not found.
2025-05-26 17:02:45 | WARNING | Device not found in substitute_dict: 28387
2025-05-26 17:02:45 | WARNING | Device 30634 was not found.
2025-05-26 17:02:45 | WARNING | Device not found in substitute_dict: 30634
2025-05-26 17:02:45 | WARNING | Device 30642 was not found.
2025-05-26 17:02:45 | WARNING | Device not found in substitute_dict: 30642
2025-05-26 17:02:45 | WARNING | Device 28375 was not found.
2025-05-26 17:02:45 | WARNING | Device not found in substitute_dict: 28375
2025-05-26 17:02:45 | WARNING | Device 29658 was not found.
2025-05-26 17:02:45 | WARNING | Device not found in substitute_dict: 29658
2025-05-26 17:02:45 | WARNING | Device 33423 was not found.
2025-05-26 17:02:45 | WARNING | Device not found in substitute_dict: 33423
2025-05-26 17:02:45 | WARNING | Device 31049 was not found.
2025-05-26 17:02:45 | WARNING | Device not found in substitute_dict: 31049
2025-05-26 17:02:45 | WARNING | Device 31093 was not found.
2025-05-26 17:02:45 | WARNING | Device not found in substitute_dict: 31093
2025-05-26 17:02:45 | WARNING | Device 28386 was not found.
2025-05-26 17:02:45 | WARNING | Device not found in substitute_dict: 28386
2025-05-26 17:02:45 | WARNING | Device 29373 was not found.
2025-05-26 17:02:45 | WARNING | Device not found in substitute_dict: 29373
2025-05-26 17:02:45 | WARNING | Device 29851 was not found.
2025-05-26 17:02:45 | WARNING | Device not found in substitute_dict: 29851
2025-05-26 17:02:45 | WARNING | Device 29498 was not found.
2025-05-26 17:02:45 | WARNING | Device not found in substitute_dict: 29498
2025-05-26 17:02:45 | WARNING | Device 30080 was not found.
2025-05-26 17:02:45 | WARNING | Device not found in substitute_dict: 30080
2025-05-26 17:02:45 | WARNING | Device 29660 was not found.
2025-05-26 17:02:45 | WARNING | Device not found in substitute_dict: 29660
2025-05-26 17:02:45 | WARNING | Device 36766 was not found.
2025-05-26 17:02:45 | WARNING | Device not found in substitute_dict: 36766
2025-05-26 17:02:45 | WARNING | Device 36769 was not found.
2025-05-26 17:02:45 | WARNING | Device not found in substitute_dict: 36769
2025-05-26 17:02:45 | WARNING | Device 30688 was not found.
2025-05-26 17:02:45 | WARNING | Device not found in substitute_dict: 30688
2025-05-26 17:02:45 | WARNING | Device 33682 was not found.
2025-05-26 17:02:45 | WARNING | Device not found in substitute_dict: 33682
2025-05-26 17:02:45 | WARNING | Device 35927 was not found.
2025-05-26 17:02:45 | WARNING | Device not found in substitute_dict: 35927
2025-05-26 17:02:45 | WARNING | Device 33711 was not found.
2025-05-26 17:02:45 | WARNING | Device not found in substitute_dict: 33711
2025-05-26 17:02:45 | WARNING | Device 37208 was not found.
2025-05-26 17:02:45 | WARNING | Device not found in substitute_dict: 37208
2025-05-26 17:02:45 | WARNING | Device 37214 was not found.
2025-05-26 17:02:45 | WARNING | Device not found in substitute_dict: 37214
2025-05-26 17:02:45 | WARNING | Device AC000001_1 was not found.
2025-05-26 17:02:45 | WARNING | Device AC000004_1 was not found.
2025-05-26 17:02:45 | WARNING | Device AC000007_1 was not found.
2025-05-26 17:02:45 | WARNING | Device AC000010_1 was not found.
2025-05-26 17:02:45 | WARNING | Device AC000013_1 was not found.
2025-05-26 17:02:45 | WARNING | Device AC000002_1 was not found.
2025-05-26 17:02:45 | WARNING | Device AC000003_1 was not found.
2025-05-26 17:02:45 | WARNING | Device AC000005_1 was not found.
2025-05-26 17:02:45 | WARNING | Device AC000006_1 was not found.
2025-05-26 17:02:45 | WARNING | Device VR1UJZKXZKW134851 was not found.
2025-05-26 17:02:45 | WARNING | Device AC000008_1 was not found.
2025-05-26 17:02:45 | WARNING | Device not found in substitute_dict: VR1UJZKXZKW134851
2025-05-26 17:02:45 | WARNING | Device AC000009_1 was not found.
2025-05-26 17:02:45 | WARNING | Device AC000011_1 was not found.
2025-05-26 17:02:45 | WARNING | Device AC000012_1 was not found.
2025-05-26 17:02:45 | WARNING | Device pctesolate was not found.
2025-05-26 17:02:45 | WARNING | Device AC000014_1 was not found.
2025-05-26 17:02:45 | WARNING | Device not found in substitute_dict: pctesolate
2025-05-26 17:02:45 | WARNING | Device ACEXT001_1 was not found.
2025-05-26 17:02:45 | WARNING | Device ACEXT002_1 was not found.
2025-05-26 17:02:45 | WARNING | Device ACEXT003_1 was not found.
2025-05-26 17:02:45 | WARNING | Device ACEXT004_1 was not found.
2025-05-26 17:03:26 | ERROR | EnergyPrice: HTTPSConnectionPool(host='ks.innov.cleanwatts.energy', port=443): Max retries exceeded with url: /api/2.0/consumptions/instant?from=2025-01-05T08:48:00.0&tags=13389 (Caused by NameResolutionError("<urllib3.connection.HTTPSConnection object at 0x7fa69cada8e0>: Failed to resolve 'ks.innov.cleanwatts.energy' ([Errno -3] Temporary failure in name resolution)"))
2025-05-26 17:03:26 | ERROR | EnergyPrice: HTTPSConnectionPool(host='ks.innov.cleanwatts.energy', port=443): Max retries exceeded with url: /api/2.0/consumptions/instant?from=2025-01-05T08:48:00.0&tags=13389 (Caused by NameResolutionError("<urllib3.connection.HTTPSConnection object at 0x7fa69c24a1c0>: Failed to resolve 'ks.innov.cleanwatts.energy' ([Errno -3] Temporary failure in name resolution)"))
2025-05-26 17:03:26 | ERROR | EnergyPrice: HTTPSConnectionPool(host='ks.innov.cleanwatts.energy', port=443): Max retries exceeded with url: /api/2.0/consumptions/instant?from=2025-01-05T08:48:00.0&tags=13389 (Caused by NameResolutionError("<urllib3.connection.HTTPSConnection object at 0x7fa69c218be0>: Failed to resolve 'ks.innov.cleanwatts.energy' ([Errno -3] Temporary failure in name resolution)"))
2025-05-26 17:03:26 | ERROR | EnergyPrice: HTTPSConnectionPool(host='ks.innov.cleanwatts.energy', port=443): Max retries exceeded with url: /api/2.0/consumptions/instant?from=2025-01-05T08:48:00.0&tags=13389 (Caused by NameResolutionError("<urllib3.connection.HTTPSConnection object at 0x7fa69c1ae1c0>: Failed to resolve 'ks.innov.cleanwatts.energy' ([Errno -3] Temporary failure in name resolution)"))
2025-05-26 17:03:26 | ERROR | EnergyPrice: HTTPSConnectionPool(host='ks.innov.cleanwatts.energy', port=443): Max retries exceeded with url: /api/2.0/consumptions/instant?from=2025-01-05T08:48:00.0&tags=13389 (Caused by NameResolutionError("<urllib3.connection.HTTPSConnection object at 0x7fa69c1b6190>: Failed to resolve 'ks.innov.cleanwatts.energy' ([Errno -3] Temporary failure in name resolution)"))
2025-05-26 17:03:26 | ERROR | EnergyPrice: HTTPSConnectionPool(host='ks.innov.cleanwatts.energy', port=443): Max retries exceeded with url: /api/2.0/consumptions/instant?from=2025-01-05T08:48:00.0&tags=13389 (Caused by NameResolutionError("<urllib3.connection.HTTPSConnection object at 0x7fa69c20a970>: Failed to resolve 'ks.innov.cleanwatts.energy' ([Errno -3] Temporary failure in name resolution)"))
2025-05-26 17:03:26 | ERROR | EnergyPrice: HTTPSConnectionPool(host='ks.innov.cleanwatts.energy', port=443): Max retries exceeded with url: /api/2.0/consumptions/instant?from=2025-01-05T08:48:00.0&tags=13389 (Caused by NameResolutionError("<urllib3.connection.HTTPSConnection object at 0x7fa69c2a1d30>: Failed to resolve 'ks.innov.cleanwatts.energy' ([Errno -3] Temporary failure in name resolution)"))
2025-05-26 17:03:26 | ERROR | EnergyPrice: HTTPSConnectionPool(host='ks.innov.cleanwatts.energy', port=443): Max retries exceeded with url: /api/2.0/consumptions/instant?from=2025-01-05T08:48:00.0&tags=13389 (Caused by NameResolutionError("<urllib3.connection.HTTPSConnection object at 0x7fa69c1721f0>: Failed to resolve 'ks.innov.cleanwatts.energy' ([Errno -3] Temporary failure in name resolution)"))
2025-05-26 17:03:26 | ERROR | EnergyPrice: HTTPSConnectionPool(host='ks.innov.cleanwatts.energy', port=443): Max retries exceeded with url: /api/2.0/consumptions/instant?from=2025-01-05T08:48:00.0&tags=13389 (Caused by NameResolutionError("<urllib3.connection.HTTPSConnection object at 0x7fa6a07af220>: Failed to resolve 'ks.innov.cleanwatts.energy' ([Errno -3] Temporary failure in name resolution)"))
2025-05-26 17:03:26 | ERROR | EnergyPrice: HTTPSConnectionPool(host='ks.innov.cleanwatts.energy', port=443): Max retries exceeded with url: /api/2.0/consumptions/instant?from=2025-01-05T08:48:00.0&tags=13389 (Caused by NameResolutionError("<urllib3.connection.HTTPSConnection object at 0x7fa69c0bb7f0>: Failed to resolve 'ks.innov.cleanwatts.energy' ([Errno -3] Temporary failure in name resolution)"))
2025-05-26 17:03:26 | ERROR | EnergyPrice: HTTPSConnectionPool(host='ks.innov.cleanwatts.energy', port=443): Max retries exceeded with url: /api/2.0/consumptions/instant?from=2025-01-05T08:48:00.0&tags=13389 (Caused by NameResolutionError("<urllib3.connection.HTTPSConnection object at 0x7fa69c0cf070>: Failed to resolve 'ks.innov.cleanwatts.energy' ([Errno -3] Temporary failure in name resolution)"))
2025-05-26 17:03:26 | ERROR | EnergyPrice: HTTPSConnectionPool(host='ks.innov.cleanwatts.energy', port=443): Max retries exceeded with url: /api/2.0/consumptions/instant?from=2025-01-05T08:48:00.0&tags=13389 (Caused by NameResolutionError("<urllib3.connection.HTTPSConnection object at 0x7fa69c1aaa60>: Failed to resolve 'ks.innov.cleanwatts.energy' ([Errno -3] Temporary failure in name resolution)"))
2025-05-26 17:03:26 | ERROR | EnergyPrice: HTTPSConnectionPool(host='ks.innov.cleanwatts.energy', port=443): Max retries exceeded with url: /api/2.0/consumptions/instant?from=2025-01-05T08:48:00.0&tags=13389 (Caused by NameResolutionError("<urllib3.connection.HTTPSConnection object at 0x7fa69c2264c0>: Failed to resolve 'ks.innov.cleanwatts.energy' ([Errno -3] Temporary failure in name resolution)"))
2025-05-26 17:03:26 | ERROR | EnergyPrice: HTTPSConnectionPool(host='ks.innov.cleanwatts.energy', port=443): Max retries exceeded with url: /api/2.0/consumptions/instant?from=2025-01-05T08:48:00.0&tags=13389 (Caused by NameResolutionError("<urllib3.connection.HTTPSConnection object at 0x7fa69c24a160>: Failed to resolve 'ks.innov.cleanwatts.energy' ([Errno -3] Temporary failure in name resolution)"))
2025-05-26 17:03:26 | ERROR | EnergyPrice: HTTPSConnectionPool(host='ks.innov.cleanwatts.energy', port=443): Max retries exceeded with url: /api/2.0/consumptions/instant?from=2025-01-05T08:48:00.0&tags=13389 (Caused by NameResolutionError("<urllib3.connection.HTTPSConnection object at 0x7fa69c130e80>: Failed to resolve 'ks.innov.cleanwatts.energy' ([Errno -3] Temporary failure in name resolution)"))
2025-05-26 17:03:26 | ERROR | EnergyPrice: HTTPSConnectionPool(host='ks.innov.cleanwatts.energy', port=443): Max retries exceeded with url: /api/2.0/consumptions/instant?from=2025-01-05T08:48:00.0&tags=13389 (Caused by NameResolutionError("<urllib3.connection.HTTPSConnection object at 0x7fa69c235370>: Failed to resolve 'ks.innov.cleanwatts.energy' ([Errno -3] Temporary failure in name resolution)"))
2025-05-26 17:03:26 | ERROR | EnergyPrice: HTTPSConnectionPool(host='ks.innov.cleanwatts.energy', port=443): Max retries exceeded with url: /api/2.0/consumptions/instant?from=2025-01-05T08:48:00.0&tags=13389 (Caused by NameResolutionError("<urllib3.connection.HTTPSConnection object at 0x7fa69cac7ac0>: Failed to resolve 'ks.innov.cleanwatts.energy' ([Errno -3] Temporary failure in name resolution)"))
2025-05-26 17:03:31 | ERROR | Failed to insert data: No servers found yet, Timeout: 5.0s, Topology Description: <TopologyDescription id: 68349edecb5364b9ccfd4031, topology_type: Unknown, servers: [<ServerDescription ('vsgate-s1.dei.isep.ipp.pt', 10246) server_type: Unknown, rtt: None>]>
2025-05-26 17:03:31 | ERROR | Failed to insert data: No servers found yet, Timeout: 5.0s, Topology Description: <TopologyDescription id: 68349edecb5364b9ccfd4033, topology_type: Unknown, servers: [<ServerDescription ('vsgate-s1.dei.isep.ipp.pt', 10246) server_type: Unknown, rtt: None>]>
2025-05-26 17:03:31 | ERROR | Failed to insert data: No servers found yet, Timeout: 5.0s, Topology Description: <TopologyDescription id: 68349edecb5364b9ccfd4035, topology_type: Unknown, servers: [<ServerDescription ('vsgate-s1.dei.isep.ipp.pt', 10246) server_type: Unknown, rtt: None>]>
2025-05-26 17:03:31 | ERROR | Failed to insert data: No servers found yet, Timeout: 5.0s, Topology Description: <TopologyDescription id: 68349edecb5364b9ccfd4037, topology_type: Unknown, servers: [<ServerDescription ('vsgate-s1.dei.isep.ipp.pt', 10246) server_type: Unknown, rtt: None>]>
2025-05-26 17:03:32 | ERROR | Failed to insert data: No servers found yet, Timeout: 5.0s, Topology Description: <TopologyDescription id: 68349edecb5364b9ccfd4039, topology_type: Unknown, servers: [<ServerDescription ('vsgate-s1.dei.isep.ipp.pt', 10246) server_type: Unknown, rtt: None>]>
2025-05-26 17:03:32 | ERROR | Failed to insert data: No servers found yet, Timeout: 5.0s, Topology Description: <TopologyDescription id: 68349edecb5364b9ccfd403b, topology_type: Unknown, servers: [<ServerDescription ('vsgate-s1.dei.isep.ipp.pt', 10246) server_type: Unknown, rtt: None>]>
2025-05-26 17:03:32 | ERROR | Failed to insert data: No servers found yet, Timeout: 5.0s, Topology Description: <TopologyDescription id: 68349edecb5364b9ccfd403d, topology_type: Unknown, servers: [<ServerDescription ('vsgate-s1.dei.isep.ipp.pt', 10246) server_type: Unknown, rtt: None>]>
2025-05-26 17:03:32 | ERROR | Failed to insert data: No servers found yet, Timeout: 5.0s, Topology Description: <TopologyDescription id: 68349edecb5364b9ccfd403f, topology_type: Unknown, servers: [<ServerDescription ('vsgate-s1.dei.isep.ipp.pt', 10246) server_type: Unknown, rtt: None>]>
2025-05-26 17:03:32 | ERROR | Failed to insert data: No servers found yet, Timeout: 5.0s, Topology Description: <TopologyDescription id: 68349edecb5364b9ccfd4041, topology_type: Unknown, servers: [<ServerDescription ('vsgate-s1.dei.isep.ipp.pt', 10246) server_type: Unknown, rtt: None>]>
2025-05-26 17:03:32 | ERROR | Failed to insert data: No servers found yet, Timeout: 5.0s, Topology Description: <TopologyDescription id: 68349edecb5364b9ccfd4043, topology_type: Unknown, servers: [<ServerDescription ('vsgate-s1.dei.isep.ipp.pt', 10246) server_type: Unknown, rtt: None>]>
2025-05-26 17:03:32 | ERROR | Failed to insert data: No servers found yet, Timeout: 5.0s, Topology Description: <TopologyDescription id: 68349edecb5364b9ccfd4045, topology_type: Unknown, servers: [<ServerDescription ('vsgate-s1.dei.isep.ipp.pt', 10246) server_type: Unknown, rtt: None>]>
2025-05-26 17:03:32 | ERROR | Failed to insert data: No servers found yet, Timeout: 5.0s, Topology Description: <TopologyDescription id: 68349edecb5364b9ccfd4047, topology_type: Unknown, servers: [<ServerDescription ('vsgate-s1.dei.isep.ipp.pt', 10246) server_type: Unknown, rtt: None>]>
2025-05-26 17:03:32 | ERROR | Failed to insert data: No servers found yet, Timeout: 5.0s, Topology Description: <TopologyDescription id: 68349edecb5364b9ccfd4049, topology_type: Unknown, servers: [<ServerDescription ('vsgate-s1.dei.isep.ipp.pt', 10246) server_type: Unknown, rtt: None>]>
2025-05-26 17:03:32 | ERROR | Failed to insert data: No servers found yet, Timeout: 5.0s, Topology Description: <TopologyDescription id: 68349edecb5364b9ccfd404b, topology_type: Unknown, servers: [<ServerDescription ('vsgate-s1.dei.isep.ipp.pt', 10246) server_type: Unknown, rtt: None>]>
2025-05-26 17:03:32 | ERROR | Failed to insert data: No servers found yet, Timeout: 5.0s, Topology Description: <TopologyDescription id: 68349edecb5364b9ccfd404d, topology_type: Unknown, servers: [<ServerDescription ('vsgate-s1.dei.isep.ipp.pt', 10246) server_type: Unknown, rtt: None>]>
2025-05-26 17:03:32 | ERROR | Failed to insert data: No servers found yet, Timeout: 5.0s, Topology Description: <TopologyDescription id: 68349edecb5364b9ccfd404e, topology_type: Unknown, servers: [<ServerDescription ('vsgate-s1.dei.isep.ipp.pt', 10246) server_type: Unknown, rtt: None>]>
2025-05-26 17:03:32 | ERROR | Failed to insert data: No servers found yet, Timeout: 5.0s, Topology Description: <TopologyDescription id: 68349edecb5364b9ccfd404f, topology_type: Unknown, servers: [<ServerDescription ('vsgate-s1.dei.isep.ipp.pt', 10246) server_type: Unknown, rtt: None>]>
2025-05-26 17:03:45 | WARNING | Device 29720 was not found.
2025-05-26 17:03:45 | WARNING | Device not found in substitute_dict: 29720
2025-05-26 17:03:45 | WARNING | Device 29725 was not found.
2025-05-26 17:03:45 | WARNING | Device not found in substitute_dict: 29725
2025-05-26 17:03:45 | WARNING | Device 28387 was not found.
2025-05-26 17:03:45 | WARNING | Device not found in substitute_dict: 28387
2025-05-26 17:03:45 | WARNING | Device 30634 was not found.
2025-05-26 17:03:45 | WARNING | Device not found in substitute_dict: 30634
2025-05-26 17:03:45 | WARNING | Device 30642 was not found.
2025-05-26 17:03:45 | WARNING | Device not found in substitute_dict: 30642
2025-05-26 17:03:45 | WARNING | Device 28375 was not found.
2025-05-26 17:03:45 | WARNING | Device not found in substitute_dict: 28375
2025-05-26 17:03:45 | WARNING | Device 29658 was not found.
2025-05-26 17:03:45 | WARNING | Device not found in substitute_dict: 29658
2025-05-26 17:03:45 | WARNING | Device 33423 was not found.
2025-05-26 17:03:45 | WARNING | Device not found in substitute_dict: 33423
2025-05-26 17:03:45 | WARNING | Device 31049 was not found.
2025-05-26 17:03:45 | WARNING | Device not found in substitute_dict: 31049
2025-05-26 17:03:45 | WARNING | Device 31093 was not found.
2025-05-26 17:03:45 | WARNING | Device not found in substitute_dict: 31093
2025-05-26 17:03:45 | WARNING | Device 28386 was not found.
2025-05-26 17:03:45 | WARNING | Device not found in substitute_dict: 28386
2025-05-26 17:03:45 | WARNING | Device 29373 was not found.
2025-05-26 17:03:45 | WARNING | Device not found in substitute_dict: 29373
2025-05-26 17:03:45 | WARNING | Device 29851 was not found.
2025-05-26 17:03:45 | WARNING | Device not found in substitute_dict: 29851
2025-05-26 17:03:45 | WARNING | Device 29498 was not found.
2025-05-26 17:03:45 | WARNING | Device not found in substitute_dict: 29498
2025-05-26 17:03:45 | WARNING | Device 30080 was not found.
2025-05-26 17:03:45 | WARNING | Device not found in substitute_dict: 30080
2025-05-26 17:03:45 | WARNING | Device 29660 was not found.
2025-05-26 17:03:45 | WARNING | Device not found in substitute_dict: 29660
2025-05-26 17:03:45 | WARNING | Device 36766 was not found.
2025-05-26 17:03:45 | WARNING | Device not found in substitute_dict: 36766
2025-05-26 17:03:45 | WARNING | Device 36769 was not found.
2025-05-26 17:03:45 | WARNING | Device not found in substitute_dict: 36769
2025-05-26 17:03:45 | WARNING | Device 30688 was not found.
2025-05-26 17:03:45 | WARNING | Device not found in substitute_dict: 30688
2025-05-26 17:03:45 | WARNING | Device 33682 was not found.
2025-05-26 17:03:45 | WARNING | Device not found in substitute_dict: 33682
2025-05-26 17:03:45 | WARNING | Device 35927 was not found.
2025-05-26 17:03:45 | WARNING | Device not found in substitute_dict: 35927
2025-05-26 17:03:45 | WARNING | Device 33711 was not found.
2025-05-26 17:03:45 | WARNING | Device not found in substitute_dict: 33711
2025-05-26 17:03:45 | WARNING | Device 37208 was not found.
2025-05-26 17:03:45 | WARNING | Device not found in substitute_dict: 37208
2025-05-26 17:03:45 | WARNING | Device 37214 was not found.
2025-05-26 17:03:45 | WARNING | Device not found in substitute_dict: 37214
2025-05-26 17:03:45 | WARNING | Device AC000001_1 was not found.
2025-05-26 17:03:45 | WARNING | Device AC000004_1 was not found.
2025-05-26 17:03:45 | WARNING | Device AC000007_1 was not found.
2025-05-26 17:03:45 | WARNING | Device AC000010_1 was not found.
2025-05-26 17:03:45 | WARNING | Device AC000013_1 was not found.
2025-05-26 17:03:45 | WARNING | Device AC000002_1 was not found.
2025-05-26 17:03:45 | WARNING | Device AC000003_1 was not found.
2025-05-26 17:03:45 | WARNING | Device AC000005_1 was not found.
2025-05-26 17:03:45 | WARNING | Device AC000006_1 was not found.
2025-05-26 17:03:45 | WARNING | Device AC000008_1 was not found.
2025-05-26 17:03:45 | WARNING | Device AC000009_1 was not found.
2025-05-26 17:03:45 | WARNING | Device VR1UJZKXZKW134851 was not found.
2025-05-26 17:03:45 | WARNING | Device AC000011_1 was not found.
2025-05-26 17:03:45 | WARNING | Device not found in substitute_dict: VR1UJZKXZKW134851
2025-05-26 17:03:45 | WARNING | Device AC000012_1 was not found.
2025-05-26 17:03:45 | WARNING | Device pctesolate was not found.
2025-05-26 17:03:45 | WARNING | Device AC000014_1 was not found.
2025-05-26 17:03:45 | WARNING | Device not found in substitute_dict: pctesolate
2025-05-26 17:03:45 | WARNING | Device ACEXT001_1 was not found.
2025-05-26 17:03:45 | WARNING | Device ACEXT002_1 was not found.
2025-05-26 17:03:45 | WARNING | Device ACEXT003_1 was not found.
2025-05-26 17:03:45 | WARNING | Device ACEXT004_1 was not found.
2025-05-26 17:04:26 | ERROR | EnergyPrice: HTTPSConnectionPool(host='ks.innov.cleanwatts.energy', port=443): Max retries exceeded with url: /api/2.0/consumptions/instant?from=2025-01-05T08:48:00.0&tags=13389 (Caused by NameResolutionError("<urllib3.connection.HTTPSConnection object at 0x7fa69c1d8130>: Failed to resolve 'ks.innov.cleanwatts.energy' ([Errno -3] Temporary failure in name resolution)"))
2025-05-26 17:04:26 | ERROR | EnergyPrice: HTTPSConnectionPool(host='ks.innov.cleanwatts.energy', port=443): Max retries exceeded with url: /api/2.0/consumptions/instant?from=2025-01-05T08:48:00.0&tags=13389 (Caused by NameResolutionError("<urllib3.connection.HTTPSConnection object at 0x7fa69c22f970>: Failed to resolve 'ks.innov.cleanwatts.energy' ([Errno -3] Temporary failure in name resolution)"))
2025-05-26 17:04:26 | ERROR | EnergyPrice: HTTPSConnectionPool(host='ks.innov.cleanwatts.energy', port=443): Max retries exceeded with url: /api/2.0/consumptions/instant?from=2025-01-05T08:48:00.0&tags=13389 (Caused by NameResolutionError("<urllib3.connection.HTTPSConnection object at 0x7fa69c2133d0>: Failed to resolve 'ks.innov.cleanwatts.energy' ([Errno -3] Temporary failure in name resolution)"))
2025-05-26 17:04:26 | ERROR | EnergyPrice: HTTPSConnectionPool(host='ks.innov.cleanwatts.energy', port=443): Max retries exceeded with url: /api/2.0/consumptions/instant?from=2025-01-05T08:48:00.0&tags=13389 (Caused by NameResolutionError("<urllib3.connection.HTTPSConnection object at 0x7fa69ffc43d0>: Failed to resolve 'ks.innov.cleanwatts.energy' ([Errno -3] Temporary failure in name resolution)"))
2025-05-26 17:04:26 | ERROR | EnergyPrice: HTTPSConnectionPool(host='ks.innov.cleanwatts.energy', port=443): Max retries exceeded with url: /api/2.0/consumptions/instant?from=2025-01-05T08:48:00.0&tags=13389 (Caused by NameResolutionError("<urllib3.connection.HTTPSConnection object at 0x7fa69c1f5e20>: Failed to resolve 'ks.innov.cleanwatts.energy' ([Errno -3] Temporary failure in name resolution)"))
2025-05-26 17:04:26 | ERROR | EnergyPrice: HTTPSConnectionPool(host='ks.innov.cleanwatts.energy', port=443): Max retries exceeded with url: /api/2.0/consumptions/instant?from=2025-01-05T08:48:00.0&tags=13389 (Caused by NameResolutionError("<urllib3.connection.HTTPSConnection object at 0x7fa69c2219d0>: Failed to resolve 'ks.innov.cleanwatts.energy' ([Errno -3] Temporary failure in name resolution)"))
2025-05-26 17:04:26 | ERROR | EnergyPrice: HTTPSConnectionPool(host='ks.innov.cleanwatts.energy', port=443): Max retries exceeded with url: /api/2.0/consumptions/instant?from=2025-01-05T08:48:00.0&tags=13389 (Caused by NameResolutionError("<urllib3.connection.HTTPSConnection object at 0x7fa69c2b5b80>: Failed to resolve 'ks.innov.cleanwatts.energy' ([Errno -3] Temporary failure in name resolution)"))
2025-05-26 17:04:26 | ERROR | EnergyPrice: HTTPSConnectionPool(host='ks.innov.cleanwatts.energy', port=443): Max retries exceeded with url: /api/2.0/consumptions/instant?from=2025-01-05T08:48:00.0&tags=13389 (Caused by NameResolutionError("<urllib3.connection.HTTPSConnection object at 0x7fa69c1ae220>: Failed to resolve 'ks.innov.cleanwatts.energy' ([Errno -3] Temporary failure in name resolution)"))
2025-05-26 17:04:26 | ERROR | EnergyPrice: HTTPSConnectionPool(host='ks.innov.cleanwatts.energy', port=443): Max retries exceeded with url: /api/2.0/consumptions/instant?from=2025-01-05T08:48:00.0&tags=13389 (Caused by NameResolutionError("<urllib3.connection.HTTPSConnection object at 0x7fa69c1f54f0>: Failed to resolve 'ks.innov.cleanwatts.energy' ([Errno -3] Temporary failure in name resolution)"))
2025-05-26 17:04:26 | ERROR | EnergyPrice: HTTPSConnectionPool(host='ks.innov.cleanwatts.energy', port=443): Max retries exceeded with url: /api/2.0/consumptions/instant?from=2025-01-05T08:48:00.0&tags=13389 (Caused by NameResolutionError("<urllib3.connection.HTTPSConnection object at 0x7fa69c285ac0>: Failed to resolve 'ks.innov.cleanwatts.energy' ([Errno -3] Temporary failure in name resolution)"))
2025-05-26 17:04:26 | ERROR | EnergyPrice: HTTPSConnectionPool(host='ks.innov.cleanwatts.energy', port=443): Max retries exceeded with url: /api/2.0/consumptions/instant?from=2025-01-05T08:48:00.0&tags=13389 (Caused by NameResolutionError("<urllib3.connection.HTTPSConnection object at 0x7fa69c27f7c0>: Failed to resolve 'ks.innov.cleanwatts.energy' ([Errno -3] Temporary failure in name resolution)"))
2025-05-26 17:04:26 | ERROR | EnergyPrice: HTTPSConnectionPool(host='ks.innov.cleanwatts.energy', port=443): Max retries exceeded with url: /api/2.0/consumptions/instant?from=2025-01-05T08:48:00.0&tags=13389 (Caused by NameResolutionError("<urllib3.connection.HTTPSConnection object at 0x7fa69c2617f0>: Failed to resolve 'ks.innov.cleanwatts.energy' ([Errno -3] Temporary failure in name resolution)"))
2025-05-26 17:04:26 | ERROR | EnergyPrice: HTTPSConnectionPool(host='ks.innov.cleanwatts.energy', port=443): Max retries exceeded with url: /api/2.0/consumptions/instant?from=2025-01-05T08:48:00.0&tags=13389 (Caused by NameResolutionError("<urllib3.connection.HTTPSConnection object at 0x7fa69cac0220>: Failed to resolve 'ks.innov.cleanwatts.energy' ([Errno -3] Temporary failure in name resolution)"))
2025-05-26 17:04:26 | ERROR | EnergyPrice: HTTPSConnectionPool(host='ks.innov.cleanwatts.energy', port=443): Max retries exceeded with url: /api/2.0/consumptions/instant?from=2025-01-05T08:48:00.0&tags=13389 (Caused by NameResolutionError("<urllib3.connection.HTTPSConnection object at 0x7fa69caec3a0>: Failed to resolve 'ks.innov.cleanwatts.energy' ([Errno -3] Temporary failure in name resolution)"))
2025-05-26 17:04:26 | ERROR | EnergyPrice: HTTPSConnectionPool(host='ks.innov.cleanwatts.energy', port=443): Max retries exceeded with url: /api/2.0/consumptions/instant?from=2025-01-05T08:48:00.0&tags=13389 (Caused by NameResolutionError("<urllib3.connection.HTTPSConnection object at 0x7fa69c1aa2e0>: Failed to resolve 'ks.innov.cleanwatts.energy' ([Errno -3] Temporary failure in name resolution)"))
2025-05-26 17:04:26 | ERROR | EnergyPrice: HTTPSConnectionPool(host='ks.innov.cleanwatts.energy', port=443): Max retries exceeded with url: /api/2.0/consumptions/instant?from=2025-01-05T08:48:00.0&tags=13389 (Caused by NameResolutionError("<urllib3.connection.HTTPSConnection object at 0x7fa69c285940>: Failed to resolve 'ks.innov.cleanwatts.energy' ([Errno -3] Temporary failure in name resolution)"))
2025-05-26 17:04:26 | ERROR | EnergyPrice: HTTPSConnectionPool(host='ks.innov.cleanwatts.energy', port=443): Max retries exceeded with url: /api/2.0/consumptions/instant?from=2025-01-05T08:48:00.0&tags=13389 (Caused by NameResolutionError("<urllib3.connection.HTTPSConnection object at 0x7fa69c0bb6d0>: Failed to resolve 'ks.innov.cleanwatts.energy' ([Errno -3] Temporary failure in name resolution)"))
2025-05-26 17:04:31 | ERROR | Failed to insert data: No servers found yet, Timeout: 5.0s, Topology Description: <TopologyDescription id: 68349f1acb5364b9ccfd4053, topology_type: Unknown, servers: [<ServerDescription ('vsgate-s1.dei.isep.ipp.pt', 10246) server_type: Unknown, rtt: None>]>
2025-05-26 17:04:32 | ERROR | Failed to insert data: No servers found yet, Timeout: 5.0s, Topology Description: <TopologyDescription id: 68349f1acb5364b9ccfd4055, topology_type: Unknown, servers: [<ServerDescription ('vsgate-s1.dei.isep.ipp.pt', 10246) server_type: Unknown, rtt: None>]>
2025-05-26 17:04:32 | ERROR | Failed to insert data: No servers found yet, Timeout: 5.0s, Topology Description: <TopologyDescription id: 68349f1acb5364b9ccfd4057, topology_type: Unknown, servers: [<ServerDescription ('vsgate-s1.dei.isep.ipp.pt', 10246) server_type: Unknown, rtt: None>]>
2025-05-26 17:04:32 | ERROR | Failed to insert data: No servers found yet, Timeout: 5.0s, Topology Description: <TopologyDescription id: 68349f1acb5364b9ccfd4059, topology_type: Unknown, servers: [<ServerDescription ('vsgate-s1.dei.isep.ipp.pt', 10246) server_type: Unknown, rtt: None>]>
2025-05-26 17:04:32 | ERROR | Failed to insert data: No servers found yet, Timeout: 5.0s, Topology Description: <TopologyDescription id: 68349f1acb5364b9ccfd405b, topology_type: Unknown, servers: [<ServerDescription ('vsgate-s1.dei.isep.ipp.pt', 10246) server_type: Unknown, rtt: None>]>
2025-05-26 17:04:32 | ERROR | Failed to insert data: No servers found yet, Timeout: 5.0s, Topology Description: <TopologyDescription id: 68349f1acb5364b9ccfd405d, topology_type: Unknown, servers: [<ServerDescription ('vsgate-s1.dei.isep.ipp.pt', 10246) server_type: Unknown, rtt: None>]>
2025-05-26 17:04:32 | ERROR | Failed to insert data: No servers found yet, Timeout: 5.0s, Topology Description: <TopologyDescription id: 68349f1acb5364b9ccfd405f, topology_type: Unknown, servers: [<ServerDescription ('vsgate-s1.dei.isep.ipp.pt', 10246) server_type: Unknown, rtt: None>]>
2025-05-26 17:04:32 | ERROR | Failed to insert data: No servers found yet, Timeout: 5.0s, Topology Description: <TopologyDescription id: 68349f1acb5364b9ccfd4061, topology_type: Unknown, servers: [<ServerDescription ('vsgate-s1.dei.isep.ipp.pt', 10246) server_type: Unknown, rtt: None>]>
2025-05-26 17:04:32 | ERROR | Failed to insert data: No servers found yet, Timeout: 5.0s, Topology Description: <TopologyDescription id: 68349f1acb5364b9ccfd4062, topology_type: Unknown, servers: [<ServerDescription ('vsgate-s1.dei.isep.ipp.pt', 10246) server_type: Unknown, rtt: None>]>
2025-05-26 17:04:32 | ERROR | Failed to insert data: No servers found yet, Timeout: 5.0s, Topology Description: <TopologyDescription id: 68349f1acb5364b9ccfd4065, topology_type: Unknown, servers: [<ServerDescription ('vsgate-s1.dei.isep.ipp.pt', 10246) server_type: Unknown, rtt: None>]>
2025-05-26 17:04:32 | ERROR | Failed to insert data: No servers found yet, Timeout: 5.0s, Topology Description: <TopologyDescription id: 68349f1acb5364b9ccfd4067, topology_type: Unknown, servers: [<ServerDescription ('vsgate-s1.dei.isep.ipp.pt', 10246) server_type: Unknown, rtt: None>]>
2025-05-26 17:04:32 | ERROR | Failed to insert data: No servers found yet, Timeout: 5.0s, Topology Description: <TopologyDescription id: 68349f1acb5364b9ccfd4069, topology_type: Unknown, servers: [<ServerDescription ('vsgate-s1.dei.isep.ipp.pt', 10246) server_type: Unknown, rtt: None>]>
2025-05-26 17:04:32 | ERROR | Failed to insert data: No servers found yet, Timeout: 5.0s, Topology Description: <TopologyDescription id: 68349f1acb5364b9ccfd406b, topology_type: Unknown, servers: [<ServerDescription ('vsgate-s1.dei.isep.ipp.pt', 10246) server_type: Unknown, rtt: None>]>
2025-05-26 17:04:32 | ERROR | Failed to insert data: No servers found yet, Timeout: 5.0s, Topology Description: <TopologyDescription id: 68349f1acb5364b9ccfd406c, topology_type: Unknown, servers: [<ServerDescription ('vsgate-s1.dei.isep.ipp.pt', 10246) server_type: Unknown, rtt: None>]>
2025-05-26 17:04:32 | ERROR | Failed to insert data: No servers found yet, Timeout: 5.0s, Topology Description: <TopologyDescription id: 68349f1acb5364b9ccfd406f, topology_type: Unknown, servers: [<ServerDescription ('vsgate-s1.dei.isep.ipp.pt', 10246) server_type: Unknown, rtt: None>]>
2025-05-26 17:04:32 | ERROR | Failed to insert data: No servers found yet, Timeout: 5.0s, Topology Description: <TopologyDescription id: 68349f1acb5364b9ccfd4071, topology_type: Unknown, servers: [<ServerDescription ('vsgate-s1.dei.isep.ipp.pt', 10246) server_type: Unknown, rtt: None>]>
2025-05-26 17:04:32 | ERROR | Failed to insert data: No servers found yet, Timeout: 5.0s, Topology Description: <TopologyDescription id: 68349f1acb5364b9ccfd4073, topology_type: Unknown, servers: [<ServerDescription ('vsgate-s1.dei.isep.ipp.pt', 10246) server_type: Unknown, rtt: None>]>
2025-05-26 17:04:45 | WARNING | Device 29720 was not found.
2025-05-26 17:04:45 | WARNING | Device not found in substitute_dict: 29720
2025-05-26 17:04:45 | WARNING | Device 29725 was not found.
2025-05-26 17:04:45 | WARNING | Device not found in substitute_dict: 29725
2025-05-26 17:04:45 | WARNING | Device 28387 was not found.
2025-05-26 17:04:45 | WARNING | Device not found in substitute_dict: 28387
2025-05-26 17:04:45 | WARNING | Device 30634 was not found.
2025-05-26 17:04:45 | WARNING | Device not found in substitute_dict: 30634
2025-05-26 17:04:45 | WARNING | Device 30642 was not found.
2025-05-26 17:04:45 | WARNING | Device not found in substitute_dict: 30642
2025-05-26 17:04:45 | WARNING | Device 28375 was not found.
2025-05-26 17:04:45 | WARNING | Device not found in substitute_dict: 28375
2025-05-26 17:04:45 | WARNING | Device 29658 was not found.
2025-05-26 17:04:45 | WARNING | Device not found in substitute_dict: 29658
2025-05-26 17:04:45 | WARNING | Device 33423 was not found.
2025-05-26 17:04:45 | WARNING | Device not found in substitute_dict: 33423
2025-05-26 17:04:45 | WARNING | Device 31049 was not found.
2025-05-26 17:04:45 | WARNING | Device not found in substitute_dict: 31049
2025-05-26 17:04:45 | WARNING | Device 31093 was not found.
2025-05-26 17:04:45 | WARNING | Device not found in substitute_dict: 31093
2025-05-26 17:04:45 | WARNING | Device 28386 was not found.
2025-05-26 17:04:45 | WARNING | Device not found in substitute_dict: 28386
2025-05-26 17:04:45 | WARNING | Device 29373 was not found.
2025-05-26 17:04:45 | WARNING | Device not found in substitute_dict: 29373
2025-05-26 17:04:45 | WARNING | Device 29851 was not found.
2025-05-26 17:04:45 | WARNING | Device not found in substitute_dict: 29851
2025-05-26 17:04:45 | WARNING | Device 29498 was not found.
2025-05-26 17:04:45 | WARNING | Device not found in substitute_dict: 29498
2025-05-26 17:04:45 | WARNING | Device 30080 was not found.
2025-05-26 17:04:45 | WARNING | Device not found in substitute_dict: 30080
2025-05-26 17:04:45 | WARNING | Device 29660 was not found.
2025-05-26 17:04:45 | WARNING | Device not found in substitute_dict: 29660
2025-05-26 17:04:45 | WARNING | Device 36766 was not found.
2025-05-26 17:04:45 | WARNING | Device not found in substitute_dict: 36766
2025-05-26 17:04:45 | WARNING | Device 36769 was not found.
2025-05-26 17:04:45 | WARNING | Device not found in substitute_dict: 36769
2025-05-26 17:04:45 | WARNING | Device 30688 was not found.
2025-05-26 17:04:45 | WARNING | Device not found in substitute_dict: 30688
2025-05-26 17:04:45 | WARNING | Device 33682 was not found.
2025-05-26 17:04:45 | WARNING | Device not found in substitute_dict: 33682
2025-05-26 17:04:45 | WARNING | Device 35927 was not found.
2025-05-26 17:04:45 | WARNING | Device not found in substitute_dict: 35927
2025-05-26 17:04:45 | WARNING | Device 33711 was not found.
2025-05-26 17:04:45 | WARNING | Device not found in substitute_dict: 33711
2025-05-26 17:04:45 | WARNING | Device 37208 was not found.
2025-05-26 17:04:45 | WARNING | Device not found in substitute_dict: 37208
2025-05-26 17:04:45 | WARNING | Device 37214 was not found.
2025-05-26 17:04:45 | WARNING | Device not found in substitute_dict: 37214
2025-05-26 17:04:45 | WARNING | Device AC000001_1 was not found.
2025-05-26 17:04:45 | WARNING | Device AC000004_1 was not found.
2025-05-26 17:04:45 | WARNING | Device AC000007_1 was not found.
2025-05-26 17:04:45 | WARNING | Device AC000010_1 was not found.
2025-05-26 17:04:45 | WARNING | Device AC000013_1 was not found.
2025-05-26 17:04:45 | WARNING | Device AC000002_1 was not found.
2025-05-26 17:04:45 | WARNING | Device VR1UJZKXZKW134851 was not found.
2025-05-26 17:04:45 | WARNING | Device AC000003_1 was not found.
2025-05-26 17:04:45 | WARNING | Device not found in substitute_dict: VR1UJZKXZKW134851
2025-05-26 17:04:45 | WARNING | Device AC000005_1 was not found.
2025-05-26 17:04:45 | WARNING | Device AC000006_1 was not found.
2025-05-26 17:04:45 | WARNING | Device AC000008_1 was not found.
2025-05-26 17:04:45 | WARNING | Device AC000009_1 was not found.
2025-05-26 17:04:45 | WARNING | Device pctesolate was not found.
2025-05-26 17:04:45 | WARNING | Device AC000011_1 was not found.
2025-05-26 17:04:45 | WARNING | Device not found in substitute_dict: pctesolate
2025-05-26 17:04:45 | WARNING | Device AC000012_1 was not found.
2025-05-26 17:04:45 | WARNING | Device AC000014_1 was not found.
2025-05-26 17:04:45 | WARNING | Device ACEXT001_1 was not found.
2025-05-26 17:04:45 | WARNING | Device ACEXT002_1 was not found.
2025-05-26 17:04:45 | WARNING | Device ACEXT003_1 was not found.
2025-05-26 17:04:45 | WARNING | Device ACEXT004_1 was not found.
2025-05-26 17:05:26 | ERROR | EnergyPrice: HTTPSConnectionPool(host='ks.innov.cleanwatts.energy', port=443): Max retries exceeded with url: /api/2.0/consumptions/instant?from=2025-01-05T08:48:00.0&tags=13389 (Caused by NameResolutionError("<urllib3.connection.HTTPSConnection object at 0x7fa69c1f5040>: Failed to resolve 'ks.innov.cleanwatts.energy' ([Errno -3] Temporary failure in name resolution)"))
2025-05-26 17:05:26 | ERROR | EnergyPrice: HTTPSConnectionPool(host='ks.innov.cleanwatts.energy', port=443): Max retries exceeded with url: /api/2.0/consumptions/instant?from=2025-01-05T08:48:00.0&tags=13389 (Caused by NameResolutionError("<urllib3.connection.HTTPSConnection object at 0x7fa69eb3b7f0>: Failed to resolve 'ks.innov.cleanwatts.energy' ([Errno -3] Temporary failure in name resolution)"))
2025-05-26 17:05:26 | ERROR | EnergyPrice: HTTPSConnectionPool(host='ks.innov.cleanwatts.energy', port=443): Max retries exceeded with url: /api/2.0/consumptions/instant?from=2025-01-05T08:48:00.0&tags=13389 (Caused by NameResolutionError("<urllib3.connection.HTTPSConnection object at 0x7fa69cac0190>: Failed to resolve 'ks.innov.cleanwatts.energy' ([Errno -3] Temporary failure in name resolution)"))
2025-05-26 17:05:26 | ERROR | EnergyPrice: HTTPSConnectionPool(host='ks.innov.cleanwatts.energy', port=443): Max retries exceeded with url: /api/2.0/consumptions/instant?from=2025-01-05T08:48:00.0&tags=13389 (Caused by NameResolutionError("<urllib3.connection.HTTPSConnection object at 0x7fa69c2069d0>: Failed to resolve 'ks.innov.cleanwatts.energy' ([Errno -3] Temporary failure in name resolution)"))
2025-05-26 17:05:26 | ERROR | EnergyPrice: HTTPSConnectionPool(host='ks.innov.cleanwatts.energy', port=443): Max retries exceeded with url: /api/2.0/consumptions/instant?from=2025-01-05T08:48:00.0&tags=13389 (Caused by NameResolutionError("<urllib3.connection.HTTPSConnection object at 0x7fa69c0cfdc0>: Failed to resolve 'ks.innov.cleanwatts.energy' ([Errno -3] Temporary failure in name resolution)"))
2025-05-26 17:05:26 | ERROR | EnergyPrice: HTTPSConnectionPool(host='ks.innov.cleanwatts.energy', port=443): Max retries exceeded with url: /api/2.0/consumptions/instant?from=2025-01-05T08:48:00.0&tags=13389 (Caused by NameResolutionError("<urllib3.connection.HTTPSConnection object at 0x7fa69c1898e0>: Failed to resolve 'ks.innov.cleanwatts.energy' ([Errno -3] Temporary failure in name resolution)"))
2025-05-26 17:05:26 | ERROR | EnergyPrice: HTTPSConnectionPool(host='ks.innov.cleanwatts.energy', port=443): Max retries exceeded with url: /api/2.0/consumptions/instant?from=2025-01-05T08:48:00.0&tags=13389 (Caused by NameResolutionError("<urllib3.connection.HTTPSConnection object at 0x7fa69c1a3190>: Failed to resolve 'ks.innov.cleanwatts.energy' ([Errno -3] Temporary failure in name resolution)"))
2025-05-26 17:05:26 | ERROR | EnergyPrice: HTTPSConnectionPool(host='ks.innov.cleanwatts.energy', port=443): Max retries exceeded with url: /api/2.0/consumptions/instant?from=2025-01-05T08:48:00.0&tags=13389 (Caused by NameResolutionError("<urllib3.connection.HTTPSConnection object at 0x7fa6a08214c0>: Failed to resolve 'ks.innov.cleanwatts.energy' ([Errno -3] Temporary failure in name resolution)"))
2025-05-26 17:05:26 | ERROR | EnergyPrice: HTTPSConnectionPool(host='ks.innov.cleanwatts.energy', port=443): Max retries exceeded with url: /api/2.0/consumptions/instant?from=2025-01-05T08:48:00.0&tags=13389 (Caused by NameResolutionError("<urllib3.connection.HTTPSConnection object at 0x7fa69c265550>: Failed to resolve 'ks.innov.cleanwatts.energy' ([Errno -3] Temporary failure in name resolution)"))
2025-05-26 17:05:26 | ERROR | EnergyPrice: HTTPSConnectionPool(host='ks.innov.cleanwatts.energy', port=443): Max retries exceeded with url: /api/2.0/consumptions/instant?from=2025-01-05T08:48:00.0&tags=13389 (Caused by NameResolutionError("<urllib3.connection.HTTPSConnection object at 0x7fa69c24db80>: Failed to resolve 'ks.innov.cleanwatts.energy' ([Errno -3] Temporary failure in name resolution)"))
2025-05-26 17:05:26 | ERROR | EnergyPrice: HTTPSConnectionPool(host='ks.innov.cleanwatts.energy', port=443): Max retries exceeded with url: /api/2.0/consumptions/instant?from=2025-01-05T08:48:00.0&tags=13389 (Caused by NameResolutionError("<urllib3.connection.HTTPSConnection object at 0x7fa69c1aa0a0>: Failed to resolve 'ks.innov.cleanwatts.energy' ([Errno -3] Temporary failure in name resolution)"))
2025-05-26 17:05:26 | ERROR | EnergyPrice: HTTPSConnectionPool(host='ks.innov.cleanwatts.energy', port=443): Max retries exceeded with url: /api/2.0/consumptions/instant?from=2025-01-05T08:48:00.0&tags=13389 (Caused by NameResolutionError("<urllib3.connection.HTTPSConnection object at 0x7fa69caec0a0>: Failed to resolve 'ks.innov.cleanwatts.energy' ([Errno -3] Temporary failure in name resolution)"))
2025-05-26 17:05:26 | ERROR | EnergyPrice: HTTPSConnectionPool(host='ks.innov.cleanwatts.energy', port=443): Max retries exceeded with url: /api/2.0/consumptions/instant?from=2025-01-05T08:48:00.0&tags=13389 (Caused by NameResolutionError("<urllib3.connection.HTTPSConnection object at 0x7fa69c235fd0>: Failed to resolve 'ks.innov.cleanwatts.energy' ([Errno -3] Temporary failure in name resolution)"))
2025-05-26 17:05:26 | ERROR | EnergyPrice: HTTPSConnectionPool(host='ks.innov.cleanwatts.energy', port=443): Max retries exceeded with url: /api/2.0/consumptions/instant?from=2025-01-05T08:48:00.0&tags=13389 (Caused by NameResolutionError("<urllib3.connection.HTTPSConnection object at 0x7fa69cadadc0>: Failed to resolve 'ks.innov.cleanwatts.energy' ([Errno -3] Temporary failure in name resolution)"))
2025-05-26 17:05:26 | ERROR | EnergyPrice: HTTPSConnectionPool(host='ks.innov.cleanwatts.energy', port=443): Max retries exceeded with url: /api/2.0/consumptions/instant?from=2025-01-05T08:48:00.0&tags=13389 (Caused by NameResolutionError("<urllib3.connection.HTTPSConnection object at 0x7fa69c285340>: Failed to resolve 'ks.innov.cleanwatts.energy' ([Errno -3] Temporary failure in name resolution)"))
2025-05-26 17:05:26 | ERROR | EnergyPrice: HTTPSConnectionPool(host='ks.innov.cleanwatts.energy', port=443): Max retries exceeded with url: /api/2.0/consumptions/instant?from=2025-01-05T08:48:00.0&tags=13389 (Caused by NameResolutionError("<urllib3.connection.HTTPSConnection object at 0x7fa69c24db50>: Failed to resolve 'ks.innov.cleanwatts.energy' ([Errno -3] Temporary failure in name resolution)"))
2025-05-26 17:05:26 | ERROR | EnergyPrice: HTTPSConnectionPool(host='ks.innov.cleanwatts.energy', port=443): Max retries exceeded with url: /api/2.0/consumptions/instant?from=2025-01-05T08:48:00.0&tags=13389 (Caused by NameResolutionError("<urllib3.connection.HTTPSConnection object at 0x7fa69c1263a0>: Failed to resolve 'ks.innov.cleanwatts.energy' ([Errno -3] Temporary failure in name resolution)"))
2025-05-26 17:05:31 | ERROR | Failed to insert data: No servers found yet, Timeout: 5.0s, Topology Description: <TopologyDescription id: 68349f56cb5364b9ccfd4075, topology_type: Unknown, servers: [<ServerDescription ('vsgate-s1.dei.isep.ipp.pt', 10246) server_type: Unknown, rtt: None>]>
2025-05-26 17:05:31 | ERROR | Failed to insert data: No servers found yet, Timeout: 5.0s, Topology Description: <TopologyDescription id: 68349f56cb5364b9ccfd4077, topology_type: Unknown, servers: [<ServerDescription ('vsgate-s1.dei.isep.ipp.pt', 10246) server_type: Unknown, rtt: None>]>
2025-05-26 17:05:31 | ERROR | Failed to insert data: No servers found yet, Timeout: 5.0s, Topology Description: <TopologyDescription id: 68349f56cb5364b9ccfd4079, topology_type: Unknown, servers: [<ServerDescription ('vsgate-s1.dei.isep.ipp.pt', 10246) server_type: Unknown, rtt: None>]>
2025-05-26 17:05:31 | ERROR | Failed to insert data: No servers found yet, Timeout: 5.0s, Topology Description: <TopologyDescription id: 68349f56cb5364b9ccfd407b, topology_type: Unknown, servers: [<ServerDescription ('vsgate-s1.dei.isep.ipp.pt', 10246) server_type: Unknown, rtt: None>]>
2025-05-26 17:05:31 | ERROR | Failed to insert data: No servers found yet, Timeout: 5.0s, Topology Description: <TopologyDescription id: 68349f56cb5364b9ccfd407d, topology_type: Unknown, servers: [<ServerDescription ('vsgate-s1.dei.isep.ipp.pt', 10246) server_type: Unknown, rtt: None>]>
2025-05-26 17:05:31 | ERROR | Failed to insert data: No servers found yet, Timeout: 5.0s, Topology Description: <TopologyDescription id: 68349f56cb5364b9ccfd407f, topology_type: Unknown, servers: [<ServerDescription ('vsgate-s1.dei.isep.ipp.pt', 10246) server_type: Unknown, rtt: None>]>
2025-05-26 17:05:31 | ERROR | Failed to insert data: No servers found yet, Timeout: 5.0s, Topology Description: <TopologyDescription id: 68349f56cb5364b9ccfd4081, topology_type: Unknown, servers: [<ServerDescription ('vsgate-s1.dei.isep.ipp.pt', 10246) server_type: Unknown, rtt: None>]>
2025-05-26 17:05:31 | ERROR | Failed to insert data: No servers found yet, Timeout: 5.0s, Topology Description: <TopologyDescription id: 68349f56cb5364b9ccfd4083, topology_type: Unknown, servers: [<ServerDescription ('vsgate-s1.dei.isep.ipp.pt', 10246) server_type: Unknown, rtt: None>]>
2025-05-26 17:05:31 | ERROR | Failed to insert data: No servers found yet, Timeout: 5.0s, Topology Description: <TopologyDescription id: 68349f56cb5364b9ccfd4085, topology_type: Unknown, servers: [<ServerDescription ('vsgate-s1.dei.isep.ipp.pt', 10246) server_type: Unknown, rtt: None>]>
2025-05-26 17:05:31 | ERROR | Failed to insert data: No servers found yet, Timeout: 5.0s, Topology Description: <TopologyDescription id: 68349f56cb5364b9ccfd4087, topology_type: Unknown, servers: [<ServerDescription ('vsgate-s1.dei.isep.ipp.pt', 10246) server_type: Unknown, rtt: None>]>
2025-05-26 17:05:31 | ERROR | Failed to insert data: No servers found yet, Timeout: 5.0s, Topology Description: <TopologyDescription id: 68349f56cb5364b9ccfd4089, topology_type: Unknown, servers: [<ServerDescription ('vsgate-s1.dei.isep.ipp.pt', 10246) server_type: Unknown, rtt: None>]>
2025-05-26 17:05:31 | ERROR | Failed to insert data: No servers found yet, Timeout: 5.0s, Topology Description: <TopologyDescription id: 68349f56cb5364b9ccfd408b, topology_type: Unknown, servers: [<ServerDescription ('vsgate-s1.dei.isep.ipp.pt', 10246) server_type: Unknown, rtt: None>]>
2025-05-26 17:05:31 | ERROR | Failed to insert data: No servers found yet, Timeout: 5.0s, Topology Description: <TopologyDescription id: 68349f56cb5364b9ccfd408d, topology_type: Unknown, servers: [<ServerDescription ('vsgate-s1.dei.isep.ipp.pt', 10246) server_type: Unknown, rtt: None>]>
2025-05-26 17:05:31 | ERROR | Failed to insert data: No servers found yet, Timeout: 5.0s, Topology Description: <TopologyDescription id: 68349f56cb5364b9ccfd408f, topology_type: Unknown, servers: [<ServerDescription ('vsgate-s1.dei.isep.ipp.pt', 10246) server_type: Unknown, rtt: None>]>
2025-05-26 17:05:31 | ERROR | Failed to insert data: No servers found yet, Timeout: 5.0s, Topology Description: <TopologyDescription id: 68349f56cb5364b9ccfd4091, topology_type: Unknown, servers: [<ServerDescription ('vsgate-s1.dei.isep.ipp.pt', 10246) server_type: Unknown, rtt: None>]>
2025-05-26 17:05:31 | ERROR | Failed to insert data: No servers found yet, Timeout: 5.0s, Topology Description: <TopologyDescription id: 68349f56cb5364b9ccfd4093, topology_type: Unknown, servers: [<ServerDescription ('vsgate-s1.dei.isep.ipp.pt', 10246) server_type: Unknown, rtt: None>]>
2025-05-26 17:05:31 | ERROR | Failed to insert data: No servers found yet, Timeout: 5.0s, Topology Description: <TopologyDescription id: 68349f56cb5364b9ccfd4095, topology_type: Unknown, servers: [<ServerDescription ('vsgate-s1.dei.isep.ipp.pt', 10246) server_type: Unknown, rtt: None>]>
2025-05-26 17:05:45 | WARNING | Device 29720 was not found.
2025-05-26 17:05:45 | WARNING | Device not found in substitute_dict: 29720
2025-05-26 17:05:45 | WARNING | Device 29725 was not found.
2025-05-26 17:05:45 | WARNING | Device not found in substitute_dict: 29725
2025-05-26 17:05:45 | WARNING | Device 28387 was not found.
2025-05-26 17:05:45 | WARNING | Device not found in substitute_dict: 28387
2025-05-26 17:05:45 | WARNING | Device 30634 was not found.
2025-05-26 17:05:45 | WARNING | Device not found in substitute_dict: 30634
2025-05-26 17:05:45 | WARNING | Device 30642 was not found.
2025-05-26 17:05:45 | WARNING | Device not found in substitute_dict: 30642
2025-05-26 17:05:45 | WARNING | Device 28375 was not found.
2025-05-26 17:05:45 | WARNING | Device not found in substitute_dict: 28375
2025-05-26 17:05:45 | WARNING | Device 29658 was not found.
2025-05-26 17:05:45 | WARNING | Device not found in substitute_dict: 29658
2025-05-26 17:05:45 | WARNING | Device 33423 was not found.
2025-05-26 17:05:45 | WARNING | Device not found in substitute_dict: 33423
2025-05-26 17:05:45 | WARNING | Device 31049 was not found.
2025-05-26 17:05:45 | WARNING | Device not found in substitute_dict: 31049
2025-05-26 17:05:45 | WARNING | Device 31093 was not found.
2025-05-26 17:05:45 | WARNING | Device not found in substitute_dict: 31093
2025-05-26 17:05:45 | WARNING | Device 28386 was not found.
2025-05-26 17:05:45 | WARNING | Device not found in substitute_dict: 28386
2025-05-26 17:05:45 | WARNING | Device 29373 was not found.
2025-05-26 17:05:45 | WARNING | Device not found in substitute_dict: 29373
2025-05-26 17:05:45 | WARNING | Device 29851 was not found.
2025-05-26 17:05:45 | WARNING | Device not found in substitute_dict: 29851
2025-05-26 17:05:45 | WARNING | Device 29498 was not found.
2025-05-26 17:05:45 | WARNING | Device not found in substitute_dict: 29498
2025-05-26 17:05:45 | WARNING | Device 30080 was not found.
2025-05-26 17:05:45 | WARNING | Device not found in substitute_dict: 30080
2025-05-26 17:05:45 | WARNING | Device 29660 was not found.
2025-05-26 17:05:45 | WARNING | Device not found in substitute_dict: 29660
2025-05-26 17:05:45 | WARNING | Device 36766 was not found.
2025-05-26 17:05:45 | WARNING | Device not found in substitute_dict: 36766
2025-05-26 17:05:45 | WARNING | Device 36769 was not found.
2025-05-26 17:05:45 | WARNING | Device not found in substitute_dict: 36769
2025-05-26 17:05:45 | WARNING | Device 30688 was not found.
2025-05-26 17:05:45 | WARNING | Device not found in substitute_dict: 30688
2025-05-26 17:05:45 | WARNING | Device 33682 was not found.
2025-05-26 17:05:45 | WARNING | Device not found in substitute_dict: 33682
2025-05-26 17:05:45 | WARNING | Device 35927 was not found.
2025-05-26 17:05:45 | WARNING | Device not found in substitute_dict: 35927
2025-05-26 17:05:45 | WARNING | Device 33711 was not found.
2025-05-26 17:05:45 | WARNING | Device not found in substitute_dict: 33711
2025-05-26 17:05:45 | WARNING | Device 37208 was not found.
2025-05-26 17:05:45 | WARNING | Device not found in substitute_dict: 37208
2025-05-26 17:05:45 | WARNING | Device 37214 was not found.
2025-05-26 17:05:45 | WARNING | Device not found in substitute_dict: 37214
2025-05-26 17:05:45 | WARNING | Device AC000001_1 was not found.
2025-05-26 17:05:45 | WARNING | Device AC000004_1 was not found.
2025-05-26 17:05:45 | WARNING | Device AC000007_1 was not found.
2025-05-26 17:05:45 | WARNING | Device AC000010_1 was not found.
2025-05-26 17:05:45 | WARNING | Device AC000013_1 was not found.
2025-05-26 17:05:45 | WARNING | Device AC000002_1 was not found.
2025-05-26 17:05:45 | WARNING | Device AC000003_1 was not found.
2025-05-26 17:05:45 | WARNING | Device VR1UJZKXZKW134851 was not found.
2025-05-26 17:05:45 | WARNING | Device AC000005_1 was not found.
2025-05-26 17:05:45 | WARNING | Device not found in substitute_dict: VR1UJZKXZKW134851
2025-05-26 17:05:45 | WARNING | Device AC000006_1 was not found.
2025-05-26 17:05:45 | WARNING | Device AC000008_1 was not found.
2025-05-26 17:05:45 | WARNING | Device pctesolate was not found.
2025-05-26 17:05:45 | WARNING | Device AC000009_1 was not found.
2025-05-26 17:05:45 | WARNING | Device not found in substitute_dict: pctesolate
2025-05-26 17:05:45 | WARNING | Device AC000011_1 was not found.
2025-05-26 17:05:45 | WARNING | Device AC000012_1 was not found.
2025-05-26 17:05:45 | WARNING | Device AC000014_1 was not found.
2025-05-26 17:05:45 | WARNING | Device ACEXT001_1 was not found.
2025-05-26 17:05:45 | WARNING | Device ACEXT002_1 was not found.
2025-05-26 17:05:45 | WARNING | Device ACEXT003_1 was not found.
2025-05-26 17:05:45 | WARNING | Device ACEXT004_1 was not found.
2025-05-26 17:06:26 | ERROR | EnergyPrice: HTTPSConnectionPool(host='ks.innov.cleanwatts.energy', port=443): Max retries exceeded with url: /api/2.0/consumptions/instant?from=2025-01-05T08:48:00.0&tags=13389 (Caused by NameResolutionError("<urllib3.connection.HTTPSConnection object at 0x7fa69c1f5550>: Failed to resolve 'ks.innov.cleanwatts.energy' ([Errno -3] Temporary failure in name resolution)"))
2025-05-26 17:06:26 | ERROR | EnergyPrice: HTTPSConnectionPool(host='ks.innov.cleanwatts.energy', port=443): Max retries exceeded with url: /api/2.0/consumptions/instant?from=2025-01-05T08:48:00.0&tags=13389 (Caused by NameResolutionError("<urllib3.connection.HTTPSConnection object at 0x7fa69c20a940>: Failed to resolve 'ks.innov.cleanwatts.energy' ([Errno -3] Temporary failure in name resolution)"))
2025-05-26 17:06:26 | ERROR | EnergyPrice: HTTPSConnectionPool(host='ks.innov.cleanwatts.energy', port=443): Max retries exceeded with url: /api/2.0/consumptions/instant?from=2025-01-05T08:48:00.0&tags=13389 (Caused by NameResolutionError("<urllib3.connection.HTTPSConnection object at 0x7fa69c1d8070>: Failed to resolve 'ks.innov.cleanwatts.energy' ([Errno -3] Temporary failure in name resolution)"))
2025-05-26 17:06:26 | ERROR | EnergyPrice: HTTPSConnectionPool(host='ks.innov.cleanwatts.energy', port=443): Max retries exceeded with url: /api/2.0/consumptions/instant?from=2025-01-05T08:48:00.0&tags=13389 (Caused by NameResolutionError("<urllib3.connection.HTTPSConnection object at 0x7fa69cac7f10>: Failed to resolve 'ks.innov.cleanwatts.energy' ([Errno -3] Temporary failure in name resolution)"))
2025-05-26 17:06:26 | ERROR | EnergyPrice: HTTPSConnectionPool(host='ks.innov.cleanwatts.energy', port=443): Max retries exceeded with url: /api/2.0/consumptions/instant?from=2025-01-05T08:48:00.0&tags=13389 (Caused by NameResolutionError("<urllib3.connection.HTTPSConnection object at 0x7fa69c2786d0>: Failed to resolve 'ks.innov.cleanwatts.energy' ([Errno -3] Temporary failure in name resolution)"))
2025-05-26 17:06:26 | ERROR | EnergyPrice: HTTPSConnectionPool(host='ks.innov.cleanwatts.energy', port=443): Max retries exceeded with url: /api/2.0/consumptions/instant?from=2025-01-05T08:48:00.0&tags=13389 (Caused by NameResolutionError("<urllib3.connection.HTTPSConnection object at 0x7fa69caeca00>: Failed to resolve 'ks.innov.cleanwatts.energy' ([Errno -3] Temporary failure in name resolution)"))
2025-05-26 17:06:26 | ERROR | EnergyPrice: HTTPSConnectionPool(host='ks.innov.cleanwatts.energy', port=443): Max retries exceeded with url: /api/2.0/consumptions/instant?from=2025-01-05T08:48:00.0&tags=13389 (Caused by NameResolutionError("<urllib3.connection.HTTPSConnection object at 0x7fa69c22f190>: Failed to resolve 'ks.innov.cleanwatts.energy' ([Errno -3] Temporary failure in name resolution)"))
2025-05-26 17:06:26 | ERROR | EnergyPrice: HTTPSConnectionPool(host='ks.innov.cleanwatts.energy', port=443): Max retries exceeded with url: /api/2.0/consumptions/instant?from=2025-01-05T08:48:00.0&tags=13389 (Caused by NameResolutionError("<urllib3.connection.HTTPSConnection object at 0x7fa69c0bb130>: Failed to resolve 'ks.innov.cleanwatts.energy' ([Errno -3] Temporary failure in name resolution)"))
2025-05-26 17:06:26 | ERROR | EnergyPrice: HTTPSConnectionPool(host='ks.innov.cleanwatts.energy', port=443): Max retries exceeded with url: /api/2.0/consumptions/instant?from=2025-01-05T08:48:00.0&tags=13389 (Caused by NameResolutionError("<urllib3.connection.HTTPSConnection object at 0x7fa6a0821550>: Failed to resolve 'ks.innov.cleanwatts.energy' ([Errno -3] Temporary failure in name resolution)"))
2025-05-26 17:06:26 | ERROR | EnergyPrice: HTTPSConnectionPool(host='ks.innov.cleanwatts.energy', port=443): Max retries exceeded with url: /api/2.0/consumptions/instant?from=2025-01-05T08:48:00.0&tags=13389 (Caused by NameResolutionError("<urllib3.connection.HTTPSConnection object at 0x7fa69c27f280>: Failed to resolve 'ks.innov.cleanwatts.energy' ([Errno -3] Temporary failure in name resolution)"))
2025-05-26 17:06:26 | ERROR | EnergyPrice: HTTPSConnectionPool(host='ks.innov.cleanwatts.energy', port=443): Max retries exceeded with url: /api/2.0/consumptions/instant?from=2025-01-05T08:48:00.0&tags=13389 (Caused by NameResolutionError("<urllib3.connection.HTTPSConnection object at 0x7fa69c278d60>: Failed to resolve 'ks.innov.cleanwatts.energy' ([Errno -3] Temporary failure in name resolution)"))
2025-05-26 17:06:26 | ERROR | EnergyPrice: HTTPSConnectionPool(host='ks.innov.cleanwatts.energy', port=443): Max retries exceeded with url: /api/2.0/consumptions/instant?from=2025-01-05T08:48:00.0&tags=13389 (Caused by NameResolutionError("<urllib3.connection.HTTPSConnection object at 0x7fa6a07af1f0>: Failed to resolve 'ks.innov.cleanwatts.energy' ([Errno -3] Temporary failure in name resolution)"))
2025-05-26 17:06:26 | ERROR | EnergyPrice: HTTPSConnectionPool(host='ks.innov.cleanwatts.energy', port=443): Max retries exceeded with url: /api/2.0/consumptions/instant?from=2025-01-05T08:48:00.0&tags=13389 (Caused by NameResolutionError("<urllib3.connection.HTTPSConnection object at 0x7fa69cada820>: Failed to resolve 'ks.innov.cleanwatts.energy' ([Errno -3] Temporary failure in name resolution)"))
2025-05-26 17:06:26 | ERROR | EnergyPrice: HTTPSConnectionPool(host='ks.innov.cleanwatts.energy', port=443): Max retries exceeded with url: /api/2.0/consumptions/instant?from=2025-01-05T08:48:00.0&tags=13389 (Caused by NameResolutionError("<urllib3.connection.HTTPSConnection object at 0x7fa69c2b5400>: Failed to resolve 'ks.innov.cleanwatts.energy' ([Errno -3] Temporary failure in name resolution)"))
2025-05-26 17:06:26 | ERROR | EnergyPrice: HTTPSConnectionPool(host='ks.innov.cleanwatts.energy', port=443): Max retries exceeded with url: /api/2.0/consumptions/instant?from=2025-01-05T08:48:00.0&tags=13389 (Caused by NameResolutionError("<urllib3.connection.HTTPSConnection object at 0x7fa69c1498b0>: Failed to resolve 'ks.innov.cleanwatts.energy' ([Errno -3] Temporary failure in name resolution)"))
2025-05-26 17:06:26 | ERROR | EnergyPrice: HTTPSConnectionPool(host='ks.innov.cleanwatts.energy', port=443): Max retries exceeded with url: /api/2.0/consumptions/instant?from=2025-01-05T08:48:00.0&tags=13389 (Caused by NameResolutionError("<urllib3.connection.HTTPSConnection object at 0x7fa69caec130>: Failed to resolve 'ks.innov.cleanwatts.energy' ([Errno -3] Temporary failure in name resolution)"))
2025-05-26 17:06:26 | ERROR | EnergyPrice: HTTPSConnectionPool(host='ks.innov.cleanwatts.energy', port=443): Max retries exceeded with url: /api/2.0/consumptions/instant?from=2025-01-05T08:48:00.0&tags=13389 (Caused by NameResolutionError("<urllib3.connection.HTTPSConnection object at 0x7fa69c226af0>: Failed to resolve 'ks.innov.cleanwatts.energy' ([Errno -3] Temporary failure in name resolution)"))
2025-05-26 17:06:31 | ERROR | Failed to insert data: No servers found yet, Timeout: 5.0s, Topology Description: <TopologyDescription id: 68349f92cb5364b9ccfd4097, topology_type: Unknown, servers: [<ServerDescription ('vsgate-s1.dei.isep.ipp.pt', 10246) server_type: Unknown, rtt: None>]>
2025-05-26 17:06:31 | ERROR | Failed to insert data: No servers found yet, Timeout: 5.0s, Topology Description: <TopologyDescription id: 68349f92cb5364b9ccfd4099, topology_type: Unknown, servers: [<ServerDescription ('vsgate-s1.dei.isep.ipp.pt', 10246) server_type: Unknown, rtt: None>]>
2025-05-26 17:06:31 | ERROR | Failed to insert data: No servers found yet, Timeout: 5.0s, Topology Description: <TopologyDescription id: 68349f92cb5364b9ccfd409d, topology_type: Unknown, servers: [<ServerDescription ('vsgate-s1.dei.isep.ipp.pt', 10246) server_type: Unknown, rtt: None>]>
2025-05-26 17:06:31 | ERROR | Failed to insert data: No servers found yet, Timeout: 5.0s, Topology Description: <TopologyDescription id: 68349f92cb5364b9ccfd409b, topology_type: Unknown, servers: [<ServerDescription ('vsgate-s1.dei.isep.ipp.pt', 10246) server_type: Unknown, rtt: None>]>
2025-05-26 17:06:31 | ERROR | Failed to insert data: No servers found yet, Timeout: 5.0s, Topology Description: <TopologyDescription id: 68349f92cb5364b9ccfd409f, topology_type: Unknown, servers: [<ServerDescription ('vsgate-s1.dei.isep.ipp.pt', 10246) server_type: Unknown, rtt: None>]>
2025-05-26 17:06:31 | ERROR | Failed to insert data: No servers found yet, Timeout: 5.0s, Topology Description: <TopologyDescription id: 68349f92cb5364b9ccfd40a1, topology_type: Unknown, servers: [<ServerDescription ('vsgate-s1.dei.isep.ipp.pt', 10246) server_type: Unknown, rtt: None>]>
2025-05-26 17:06:31 | ERROR | Failed to insert data: No servers found yet, Timeout: 5.0s, Topology Description: <TopologyDescription id: 68349f92cb5364b9ccfd40a4, topology_type: Unknown, servers: [<ServerDescription ('vsgate-s1.dei.isep.ipp.pt', 10246) server_type: Unknown, rtt: None>]>
2025-05-26 17:06:31 | ERROR | Failed to insert data: No servers found yet, Timeout: 5.0s, Topology Description: <TopologyDescription id: 68349f92cb5364b9ccfd40a3, topology_type: Unknown, servers: [<ServerDescription ('vsgate-s1.dei.isep.ipp.pt', 10246) server_type: Unknown, rtt: None>]>
2025-05-26 17:06:31 | ERROR | Failed to insert data: No servers found yet, Timeout: 5.0s, Topology Description: <TopologyDescription id: 68349f92cb5364b9ccfd40a5, topology_type: Unknown, servers: [<ServerDescription ('vsgate-s1.dei.isep.ipp.pt', 10246) server_type: Unknown, rtt: None>]>
2025-05-26 17:06:31 | ERROR | Failed to insert data: No servers found yet, Timeout: 5.0s, Topology Description: <TopologyDescription id: 68349f92cb5364b9ccfd40a8, topology_type: Unknown, servers: [<ServerDescription ('vsgate-s1.dei.isep.ipp.pt', 10246) server_type: Unknown, rtt: None>]>
2025-05-26 17:06:31 | ERROR | Failed to insert data: No servers found yet, Timeout: 5.0s, Topology Description: <TopologyDescription id: 68349f92cb5364b9ccfd40ab, topology_type: Unknown, servers: [<ServerDescription ('vsgate-s1.dei.isep.ipp.pt', 10246) server_type: Unknown, rtt: None>]>
2025-05-26 17:06:31 | ERROR | Failed to insert data: No servers found yet, Timeout: 5.0s, Topology Description: <TopologyDescription id: 68349f92cb5364b9ccfd40ad, topology_type: Unknown, servers: [<ServerDescription ('vsgate-s1.dei.isep.ipp.pt', 10246) server_type: Unknown, rtt: None>]>
2025-05-26 17:06:31 | ERROR | Failed to insert data: No servers found yet, Timeout: 5.0s, Topology Description: <TopologyDescription id: 68349f92cb5364b9ccfd40af, topology_type: Unknown, servers: [<ServerDescription ('vsgate-s1.dei.isep.ipp.pt', 10246) server_type: Unknown, rtt: None>]>
2025-05-26 17:06:31 | ERROR | Failed to insert data: No servers found yet, Timeout: 5.0s, Topology Description: <TopologyDescription id: 68349f92cb5364b9ccfd40b1, topology_type: Unknown, servers: [<ServerDescription ('vsgate-s1.dei.isep.ipp.pt', 10246) server_type: Unknown, rtt: None>]>
2025-05-26 17:06:31 | ERROR | Failed to insert data: No servers found yet, Timeout: 5.0s, Topology Description: <TopologyDescription id: 68349f92cb5364b9ccfd40b3, topology_type: Unknown, servers: [<ServerDescription ('vsgate-s1.dei.isep.ipp.pt', 10246) server_type: Unknown, rtt: None>]>
2025-05-26 17:06:31 | ERROR | Failed to insert data: No servers found yet, Timeout: 5.0s, Topology Description: <TopologyDescription id: 68349f92cb5364b9ccfd40b5, topology_type: Unknown, servers: [<ServerDescription ('vsgate-s1.dei.isep.ipp.pt', 10246) server_type: Unknown, rtt: None>]>
2025-05-26 17:06:31 | ERROR | Failed to insert data: No servers found yet, Timeout: 5.0s, Topology Description: <TopologyDescription id: 68349f92cb5364b9ccfd40b7, topology_type: Unknown, servers: [<ServerDescription ('vsgate-s1.dei.isep.ipp.pt', 10246) server_type: Unknown, rtt: None>]>
2025-05-26 17:06:45 | WARNING | Device 29720 was not found.
2025-05-26 17:06:45 | WARNING | Device not found in substitute_dict: 29720
2025-05-26 17:06:45 | WARNING | Device 29725 was not found.
2025-05-26 17:06:45 | WARNING | Device not found in substitute_dict: 29725
2025-05-26 17:06:45 | WARNING | Device 28387 was not found.
2025-05-26 17:06:45 | WARNING | Device not found in substitute_dict: 28387
2025-05-26 17:06:45 | WARNING | Device 30634 was not found.
2025-05-26 17:06:45 | WARNING | Device not found in substitute_dict: 30634
2025-05-26 17:06:45 | WARNING | Device 30642 was not found.
2025-05-26 17:06:45 | WARNING | Device not found in substitute_dict: 30642
2025-05-26 17:06:45 | WARNING | Device 28375 was not found.
2025-05-26 17:06:45 | WARNING | Device not found in substitute_dict: 28375
2025-05-26 17:06:45 | WARNING | Device 29658 was not found.
2025-05-26 17:06:45 | WARNING | Device not found in substitute_dict: 29658
2025-05-26 17:06:45 | WARNING | Device 33423 was not found.
2025-05-26 17:06:45 | WARNING | Device not found in substitute_dict: 33423
2025-05-26 17:06:45 | WARNING | Device 31049 was not found.
2025-05-26 17:06:45 | WARNING | Device not found in substitute_dict: 31049
2025-05-26 17:06:45 | WARNING | Device 31093 was not found.
2025-05-26 17:06:45 | WARNING | Device not found in substitute_dict: 31093
2025-05-26 17:06:45 | WARNING | Device 28386 was not found.
2025-05-26 17:06:45 | WARNING | Device not found in substitute_dict: 28386
2025-05-26 17:06:45 | WARNING | Device 29373 was not found.
2025-05-26 17:06:45 | WARNING | Device not found in substitute_dict: 29373
2025-05-26 17:06:45 | WARNING | Device 29851 was not found.
2025-05-26 17:06:45 | WARNING | Device not found in substitute_dict: 29851
2025-05-26 17:06:45 | WARNING | Device 29498 was not found.
2025-05-26 17:06:45 | WARNING | Device not found in substitute_dict: 29498
2025-05-26 17:06:45 | WARNING | Device 30080 was not found.
2025-05-26 17:06:45 | WARNING | Device not found in substitute_dict: 30080
2025-05-26 17:06:45 | WARNING | Device 29660 was not found.
2025-05-26 17:06:45 | WARNING | Device not found in substitute_dict: 29660
2025-05-26 17:06:45 | WARNING | Device 36766 was not found.
2025-05-26 17:06:45 | WARNING | Device not found in substitute_dict: 36766
2025-05-26 17:06:45 | WARNING | Device 36769 was not found.
2025-05-26 17:06:45 | WARNING | Device not found in substitute_dict: 36769
2025-05-26 17:06:45 | WARNING | Device 30688 was not found.
2025-05-26 17:06:45 | WARNING | Device not found in substitute_dict: 30688
2025-05-26 17:06:45 | WARNING | Device 33682 was not found.
2025-05-26 17:06:45 | WARNING | Device not found in substitute_dict: 33682
2025-05-26 17:06:45 | WARNING | Device 35927 was not found.
2025-05-26 17:06:45 | WARNING | Device not found in substitute_dict: 35927
2025-05-26 17:06:45 | WARNING | Device 33711 was not found.
2025-05-26 17:06:45 | WARNING | Device not found in substitute_dict: 33711
2025-05-26 17:06:45 | WARNING | Device 37208 was not found.
2025-05-26 17:06:45 | WARNING | Device not found in substitute_dict: 37208
2025-05-26 17:06:45 | WARNING | Device 37214 was not found.
2025-05-26 17:06:45 | WARNING | Device not found in substitute_dict: 37214
2025-05-26 17:06:45 | WARNING | Device AC000001_1 was not found.
2025-05-26 17:06:45 | WARNING | Device AC000004_1 was not found.
2025-05-26 17:06:45 | WARNING | Device AC000007_1 was not found.
2025-05-26 17:06:45 | WARNING | Device AC000010_1 was not found.
2025-05-26 17:06:45 | WARNING | Device AC000013_1 was not found.
2025-05-26 17:06:45 | WARNING | Device AC000002_1 was not found.
2025-05-26 17:06:45 | WARNING | Device AC000003_1 was not found.
2025-05-26 17:06:45 | WARNING | Device AC000005_1 was not found.
2025-05-26 17:06:45 | WARNING | Device VR1UJZKXZKW134851 was not found.
2025-05-26 17:06:45 | WARNING | Device AC000006_1 was not found.
2025-05-26 17:06:45 | WARNING | Device not found in substitute_dict: VR1UJZKXZKW134851
2025-05-26 17:06:45 | WARNING | Device AC000008_1 was not found.
2025-05-26 17:06:45 | WARNING | Device AC000009_1 was not found.
2025-05-26 17:06:45 | WARNING | Device pctesolate was not found.
2025-05-26 17:06:45 | WARNING | Device AC000011_1 was not found.
2025-05-26 17:06:45 | WARNING | Device not found in substitute_dict: pctesolate
2025-05-26 17:06:45 | WARNING | Device AC000012_1 was not found.
2025-05-26 17:06:45 | WARNING | Device AC000014_1 was not found.
2025-05-26 17:06:45 | WARNING | Device ACEXT001_1 was not found.
2025-05-26 17:06:45 | WARNING | Device ACEXT002_1 was not found.
2025-05-26 17:06:45 | WARNING | Device ACEXT003_1 was not found.
2025-05-26 17:06:45 | WARNING | Device ACEXT004_1 was not found.
2025-05-26 17:07:26 | ERROR | EnergyPrice: HTTPSConnectionPool(host='ks.innov.cleanwatts.energy', port=443): Max retries exceeded with url: /api/2.0/consumptions/instant?from=2025-01-05T08:48:00.0&tags=13389 (Caused by NameResolutionError("<urllib3.connection.HTTPSConnection object at 0x7fa69c1430d0>: Failed to resolve 'ks.innov.cleanwatts.energy' ([Errno -3] Temporary failure in name resolution)"))
2025-05-26 17:07:26 | ERROR | EnergyPrice: HTTPSConnectionPool(host='ks.innov.cleanwatts.energy', port=443): Max retries exceeded with url: /api/2.0/consumptions/instant?from=2025-01-05T08:48:00.0&tags=13389 (Caused by NameResolutionError("<urllib3.connection.HTTPSConnection object at 0x7fa69caf2730>: Failed to resolve 'ks.innov.cleanwatts.energy' ([Errno -3] Temporary failure in name resolution)"))
2025-05-26 17:07:26 | ERROR | EnergyPrice: HTTPSConnectionPool(host='ks.innov.cleanwatts.energy', port=443): Max retries exceeded with url: /api/2.0/consumptions/instant?from=2025-01-05T08:48:00.0&tags=13389 (Caused by NameResolutionError("<urllib3.connection.HTTPSConnection object at 0x7fa69c0bbd30>: Failed to resolve 'ks.innov.cleanwatts.energy' ([Errno -3] Temporary failure in name resolution)"))
2025-05-26 17:07:26 | ERROR | EnergyPrice: HTTPSConnectionPool(host='ks.innov.cleanwatts.energy', port=443): Max retries exceeded with url: /api/2.0/consumptions/instant?from=2025-01-05T08:48:00.0&tags=13389 (Caused by NameResolutionError("<urllib3.connection.HTTPSConnection object at 0x7fa69c25aaf0>: Failed to resolve 'ks.innov.cleanwatts.energy' ([Errno -3] Temporary failure in name resolution)"))
2025-05-26 17:07:26 | ERROR | EnergyPrice: HTTPSConnectionPool(host='ks.innov.cleanwatts.energy', port=443): Max retries exceeded with url: /api/2.0/consumptions/instant?from=2025-01-05T08:48:00.0&tags=13389 (Caused by NameResolutionError("<urllib3.connection.HTTPSConnection object at 0x7fa69c0cf970>: Failed to resolve 'ks.innov.cleanwatts.energy' ([Errno -3] Temporary failure in name resolution)"))
2025-05-26 17:07:26 | ERROR | EnergyPrice: HTTPSConnectionPool(host='ks.innov.cleanwatts.energy', port=443): Max retries exceeded with url: /api/2.0/consumptions/instant?from=2025-01-05T08:48:00.0&tags=13389 (Caused by NameResolutionError("<urllib3.connection.HTTPSConnection object at 0x7fa69c235880>: Failed to resolve 'ks.innov.cleanwatts.energy' ([Errno -3] Temporary failure in name resolution)"))
2025-05-26 17:07:26 | ERROR | EnergyPrice: HTTPSConnectionPool(host='ks.innov.cleanwatts.energy', port=443): Max retries exceeded with url: /api/2.0/consumptions/instant?from=2025-01-05T08:48:00.0&tags=13389 (Caused by NameResolutionError("<urllib3.connection.HTTPSConnection object at 0x7fa69c1f47f0>: Failed to resolve 'ks.innov.cleanwatts.energy' ([Errno -3] Temporary failure in name resolution)"))
2025-05-26 17:07:26 | ERROR | EnergyPrice: HTTPSConnectionPool(host='ks.innov.cleanwatts.energy', port=443): Max retries exceeded with url: /api/2.0/consumptions/instant?from=2025-01-05T08:48:00.0&tags=13389 (Caused by NameResolutionError("<urllib3.connection.HTTPSConnection object at 0x7fa69c152bb0>: Failed to resolve 'ks.innov.cleanwatts.energy' ([Errno -3] Temporary failure in name resolution)"))
2025-05-26 17:07:26 | ERROR | EnergyPrice: HTTPSConnectionPool(host='ks.innov.cleanwatts.energy', port=443): Max retries exceeded with url: /api/2.0/consumptions/instant?from=2025-01-05T08:48:00.0&tags=13389 (Caused by NameResolutionError("<urllib3.connection.HTTPSConnection object at 0x7fa69c278be0>: Failed to resolve 'ks.innov.cleanwatts.energy' ([Errno -3] Temporary failure in name resolution)"))
2025-05-26 17:07:26 | ERROR | EnergyPrice: HTTPSConnectionPool(host='ks.innov.cleanwatts.energy', port=443): Max retries exceeded with url: /api/2.0/consumptions/instant?from=2025-01-05T08:48:00.0&tags=13389 (Caused by NameResolutionError("<urllib3.connection.HTTPSConnection object at 0x7fa69cac7910>: Failed to resolve 'ks.innov.cleanwatts.energy' ([Errno -3] Temporary failure in name resolution)"))
2025-05-26 17:07:26 | ERROR | EnergyPrice: HTTPSConnectionPool(host='ks.innov.cleanwatts.energy', port=443): Max retries exceeded with url: /api/2.0/consumptions/instant?from=2025-01-05T08:48:00.0&tags=13389 (Caused by NameResolutionError("<urllib3.connection.HTTPSConnection object at 0x7fa69c213160>: Failed to resolve 'ks.innov.cleanwatts.energy' ([Errno -3] Temporary failure in name resolution)"))
2025-05-26 17:07:26 | ERROR | EnergyPrice: HTTPSConnectionPool(host='ks.innov.cleanwatts.energy', port=443): Max retries exceeded with url: /api/2.0/consumptions/instant?from=2025-01-05T08:48:00.0&tags=13389 (Caused by NameResolutionError("<urllib3.connection.HTTPSConnection object at 0x7fa69c261310>: Failed to resolve 'ks.innov.cleanwatts.energy' ([Errno -3] Temporary failure in name resolution)"))
2025-05-26 17:07:26 | ERROR | EnergyPrice: HTTPSConnectionPool(host='ks.innov.cleanwatts.energy', port=443): Max retries exceeded with url: /api/2.0/consumptions/instant?from=2025-01-05T08:48:00.0&tags=13389 (Caused by NameResolutionError("<urllib3.connection.HTTPSConnection object at 0x7fa69eb3bfa0>: Failed to resolve 'ks.innov.cleanwatts.energy' ([Errno -3] Temporary failure in name resolution)"))
2025-05-26 17:07:26 | ERROR | EnergyPrice: HTTPSConnectionPool(host='ks.innov.cleanwatts.energy', port=443): Max retries exceeded with url: /api/2.0/consumptions/instant?from=2025-01-05T08:48:00.0&tags=13389 (Caused by NameResolutionError("<urllib3.connection.HTTPSConnection object at 0x7fa69c235040>: Failed to resolve 'ks.innov.cleanwatts.energy' ([Errno -3] Temporary failure in name resolution)"))
2025-05-26 17:07:26 | ERROR | EnergyPrice: HTTPSConnectionPool(host='ks.innov.cleanwatts.energy', port=443): Max retries exceeded with url: /api/2.0/consumptions/instant?from=2025-01-05T08:48:00.0&tags=13389 (Caused by NameResolutionError("<urllib3.connection.HTTPSConnection object at 0x7fa69c290d00>: Failed to resolve 'ks.innov.cleanwatts.energy' ([Errno -3] Temporary failure in name resolution)"))
2025-05-26 17:07:26 | ERROR | EnergyPrice: HTTPSConnectionPool(host='ks.innov.cleanwatts.energy', port=443): Max retries exceeded with url: /api/2.0/consumptions/instant?from=2025-01-05T08:48:00.0&tags=13389 (Caused by NameResolutionError("<urllib3.connection.HTTPSConnection object at 0x7fa69cadacd0>: Failed to resolve 'ks.innov.cleanwatts.energy' ([Errno -3] Temporary failure in name resolution)"))
2025-05-26 17:07:26 | ERROR | EnergyPrice: HTTPSConnectionPool(host='ks.innov.cleanwatts.energy', port=443): Max retries exceeded with url: /api/2.0/consumptions/instant?from=2025-01-05T08:48:00.0&tags=13389 (Caused by NameResolutionError("<urllib3.connection.HTTPSConnection object at 0x7fa69c252be0>: Failed to resolve 'ks.innov.cleanwatts.energy' ([Errno -3] Temporary failure in name resolution)"))
2025-05-26 17:07:31 | ERROR | Failed to insert data: No servers found yet, Timeout: 5.0s, Topology Description: <TopologyDescription id: 68349fcecb5364b9ccfd40b9, topology_type: Unknown, servers: [<ServerDescription ('vsgate-s1.dei.isep.ipp.pt', 10246) server_type: Unknown, rtt: None>]>
2025-05-26 17:07:31 | ERROR | Failed to insert data: No servers found yet, Timeout: 5.0s, Topology Description: <TopologyDescription id: 68349fcecb5364b9ccfd40bb, topology_type: Unknown, servers: [<ServerDescription ('vsgate-s1.dei.isep.ipp.pt', 10246) server_type: Unknown, rtt: None>]>
2025-05-26 17:07:31 | ERROR | Failed to insert data: No servers found yet, Timeout: 5.0s, Topology Description: <TopologyDescription id: 68349fcecb5364b9ccfd40bd, topology_type: Unknown, servers: [<ServerDescription ('vsgate-s1.dei.isep.ipp.pt', 10246) server_type: Unknown, rtt: None>]>
2025-05-26 17:07:31 | ERROR | Failed to insert data: No servers found yet, Timeout: 5.0s, Topology Description: <TopologyDescription id: 68349fcecb5364b9ccfd40bf, topology_type: Unknown, servers: [<ServerDescription ('vsgate-s1.dei.isep.ipp.pt', 10246) server_type: Unknown, rtt: None>]>
2025-05-26 17:07:31 | ERROR | Failed to insert data: No servers found yet, Timeout: 5.0s, Topology Description: <TopologyDescription id: 68349fcecb5364b9ccfd40c1, topology_type: Unknown, servers: [<ServerDescription ('vsgate-s1.dei.isep.ipp.pt', 10246) server_type: Unknown, rtt: None>]>
2025-05-26 17:07:31 | ERROR | Failed to insert data: No servers found yet, Timeout: 5.0s, Topology Description: <TopologyDescription id: 68349fcecb5364b9ccfd40c3, topology_type: Unknown, servers: [<ServerDescription ('vsgate-s1.dei.isep.ipp.pt', 10246) server_type: Unknown, rtt: None>]>
2025-05-26 17:07:31 | ERROR | Failed to insert data: No servers found yet, Timeout: 5.0s, Topology Description: <TopologyDescription id: 68349fcecb5364b9ccfd40c5, topology_type: Unknown, servers: [<ServerDescription ('vsgate-s1.dei.isep.ipp.pt', 10246) server_type: Unknown, rtt: None>]>
2025-05-26 17:07:31 | ERROR | Failed to insert data: No servers found yet, Timeout: 5.0s, Topology Description: <TopologyDescription id: 68349fcecb5364b9ccfd40c7, topology_type: Unknown, servers: [<ServerDescription ('vsgate-s1.dei.isep.ipp.pt', 10246) server_type: Unknown, rtt: None>]>
2025-05-26 17:07:31 | ERROR | Failed to insert data: No servers found yet, Timeout: 5.0s, Topology Description: <TopologyDescription id: 68349fcecb5364b9ccfd40c9, topology_type: Unknown, servers: [<ServerDescription ('vsgate-s1.dei.isep.ipp.pt', 10246) server_type: Unknown, rtt: None>]>
2025-05-26 17:07:31 | ERROR | Failed to insert data: No servers found yet, Timeout: 5.0s, Topology Description: <TopologyDescription id: 68349fcecb5364b9ccfd40cb, topology_type: Unknown, servers: [<ServerDescription ('vsgate-s1.dei.isep.ipp.pt', 10246) server_type: Unknown, rtt: None>]>
2025-05-26 17:07:31 | ERROR | Failed to insert data: No servers found yet, Timeout: 5.0s, Topology Description: <TopologyDescription id: 68349fcecb5364b9ccfd40cd, topology_type: Unknown, servers: [<ServerDescription ('vsgate-s1.dei.isep.ipp.pt', 10246) server_type: Unknown, rtt: None>]>
2025-05-26 17:07:31 | ERROR | Failed to insert data: No servers found yet, Timeout: 5.0s, Topology Description: <TopologyDescription id: 68349fcecb5364b9ccfd40cf, topology_type: Unknown, servers: [<ServerDescription ('vsgate-s1.dei.isep.ipp.pt', 10246) server_type: Unknown, rtt: None>]>
2025-05-26 17:07:31 | ERROR | Failed to insert data: No servers found yet, Timeout: 5.0s, Topology Description: <TopologyDescription id: 68349fcecb5364b9ccfd40d1, topology_type: Unknown, servers: [<ServerDescription ('vsgate-s1.dei.isep.ipp.pt', 10246) server_type: Unknown, rtt: None>]>
2025-05-26 17:07:31 | ERROR | Failed to insert data: No servers found yet, Timeout: 5.0s, Topology Description: <TopologyDescription id: 68349fcecb5364b9ccfd40d3, topology_type: Unknown, servers: [<ServerDescription ('vsgate-s1.dei.isep.ipp.pt', 10246) server_type: Unknown, rtt: None>]>
2025-05-26 17:07:31 | ERROR | Failed to insert data: No servers found yet, Timeout: 5.0s, Topology Description: <TopologyDescription id: 68349fcecb5364b9ccfd40d5, topology_type: Unknown, servers: [<ServerDescription ('vsgate-s1.dei.isep.ipp.pt', 10246) server_type: Unknown, rtt: None>]>
2025-05-26 17:07:31 | ERROR | Failed to insert data: No servers found yet, Timeout: 5.0s, Topology Description: <TopologyDescription id: 68349fcecb5364b9ccfd40d7, topology_type: Unknown, servers: [<ServerDescription ('vsgate-s1.dei.isep.ipp.pt', 10246) server_type: Unknown, rtt: None>]>
2025-05-26 17:07:31 | ERROR | Failed to insert data: No servers found yet, Timeout: 5.0s, Topology Description: <TopologyDescription id: 68349fcecb5364b9ccfd40d9, topology_type: Unknown, servers: [<ServerDescription ('vsgate-s1.dei.isep.ipp.pt', 10246) server_type: Unknown, rtt: None>]>
2025-05-26 17:07:45 | WARNING | Device 29720 was not found.
2025-05-26 17:07:45 | WARNING | Device not found in substitute_dict: 29720
2025-05-26 17:07:45 | WARNING | Device 29725 was not found.
2025-05-26 17:07:45 | WARNING | Device not found in substitute_dict: 29725
2025-05-26 17:07:45 | WARNING | Device 28387 was not found.
2025-05-26 17:07:45 | WARNING | Device not found in substitute_dict: 28387
2025-05-26 17:07:45 | WARNING | Device 30634 was not found.
2025-05-26 17:07:45 | WARNING | Device not found in substitute_dict: 30634
2025-05-26 17:07:45 | WARNING | Device 30642 was not found.
2025-05-26 17:07:45 | WARNING | Device not found in substitute_dict: 30642
2025-05-26 17:07:45 | WARNING | Device 28375 was not found.
2025-05-26 17:07:45 | WARNING | Device not found in substitute_dict: 28375
2025-05-26 17:07:45 | WARNING | Device 29658 was not found.
2025-05-26 17:07:45 | WARNING | Device not found in substitute_dict: 29658
2025-05-26 17:07:45 | WARNING | Device 33423 was not found.
2025-05-26 17:07:45 | WARNING | Device not found in substitute_dict: 33423
2025-05-26 17:07:45 | WARNING | Device 31049 was not found.
2025-05-26 17:07:45 | WARNING | Device not found in substitute_dict: 31049
2025-05-26 17:07:45 | WARNING | Device 31093 was not found.
2025-05-26 17:07:45 | WARNING | Device not found in substitute_dict: 31093
2025-05-26 17:07:45 | WARNING | Device 28386 was not found.
2025-05-26 17:07:45 | WARNING | Device not found in substitute_dict: 28386
2025-05-26 17:07:45 | WARNING | Device 29373 was not found.
2025-05-26 17:07:45 | WARNING | Device not found in substitute_dict: 29373
2025-05-26 17:07:45 | WARNING | Device 29851 was not found.
2025-05-26 17:07:45 | WARNING | Device not found in substitute_dict: 29851
2025-05-26 17:07:45 | WARNING | Device 29498 was not found.
2025-05-26 17:07:45 | WARNING | Device not found in substitute_dict: 29498
2025-05-26 17:07:45 | WARNING | Device 30080 was not found.
2025-05-26 17:07:45 | WARNING | Device not found in substitute_dict: 30080
2025-05-26 17:07:45 | WARNING | Device 29660 was not found.
2025-05-26 17:07:45 | WARNING | Device not found in substitute_dict: 29660
2025-05-26 17:07:45 | WARNING | Device 36766 was not found.
2025-05-26 17:07:45 | WARNING | Device not found in substitute_dict: 36766
2025-05-26 17:07:45 | WARNING | Device 36769 was not found.
2025-05-26 17:07:45 | WARNING | Device not found in substitute_dict: 36769
2025-05-26 17:07:45 | WARNING | Device 30688 was not found.
2025-05-26 17:07:45 | WARNING | Device not found in substitute_dict: 30688
2025-05-26 17:07:45 | WARNING | Device 33682 was not found.
2025-05-26 17:07:45 | WARNING | Device not found in substitute_dict: 33682
2025-05-26 17:07:45 | WARNING | Device 35927 was not found.
2025-05-26 17:07:45 | WARNING | Device not found in substitute_dict: 35927
2025-05-26 17:07:45 | WARNING | Device 33711 was not found.
2025-05-26 17:07:45 | WARNING | Device not found in substitute_dict: 33711
2025-05-26 17:07:45 | WARNING | Device 37208 was not found.
2025-05-26 17:07:45 | WARNING | Device not found in substitute_dict: 37208
2025-05-26 17:07:45 | WARNING | Device 37214 was not found.
2025-05-26 17:07:45 | WARNING | Device not found in substitute_dict: 37214
2025-05-26 17:07:45 | WARNING | Device AC000001_1 was not found.
2025-05-26 17:07:45 | WARNING | Device AC000004_1 was not found.
2025-05-26 17:07:45 | WARNING | Device AC000007_1 was not found.
2025-05-26 17:07:45 | WARNING | Device AC000010_1 was not found.
2025-05-26 17:07:45 | WARNING | Device AC000013_1 was not found.
2025-05-26 17:07:45 | WARNING | Device AC000002_1 was not found.
2025-05-26 17:07:45 | WARNING | Device AC000003_1 was not found.
2025-05-26 17:07:45 | WARNING | Device AC000005_1 was not found.
2025-05-26 17:07:45 | WARNING | Device AC000006_1 was not found.
2025-05-26 17:07:45 | WARNING | Device VR1UJZKXZKW134851 was not found.
2025-05-26 17:07:45 | WARNING | Device AC000008_1 was not found.
2025-05-26 17:07:45 | WARNING | Device not found in substitute_dict: VR1UJZKXZKW134851
2025-05-26 17:07:45 | WARNING | Device AC000009_1 was not found.
2025-05-26 17:07:45 | WARNING | Device AC000011_1 was not found.
2025-05-26 17:07:45 | WARNING | Device AC000012_1 was not found.
2025-05-26 17:07:45 | WARNING | Device AC000014_1 was not found.
2025-05-26 17:07:45 | WARNING | Device ACEXT001_1 was not found.
2025-05-26 17:07:45 | WARNING | Device pctesolate was not found.
2025-05-26 17:07:45 | WARNING | Device ACEXT002_1 was not found.
2025-05-26 17:07:45 | WARNING | Device not found in substitute_dict: pctesolate
2025-05-26 17:07:45 | WARNING | Device ACEXT003_1 was not found.
2025-05-26 17:07:45 | WARNING | Device ACEXT004_1 was not found.
2025-05-26 17:08:26 | ERROR | EnergyPrice: HTTPSConnectionPool(host='ks.innov.cleanwatts.energy', port=443): Max retries exceeded with url: /api/2.0/consumptions/instant?from=2025-01-05T08:48:00.0&tags=13389 (Caused by NameResolutionError("<urllib3.connection.HTTPSConnection object at 0x7fa69c2b5280>: Failed to resolve 'ks.innov.cleanwatts.energy' ([Errno -3] Temporary failure in name resolution)"))
2025-05-26 17:08:26 | ERROR | EnergyPrice: HTTPSConnectionPool(host='ks.innov.cleanwatts.energy', port=443): Max retries exceeded with url: /api/2.0/consumptions/instant?from=2025-01-05T08:48:00.0&tags=13389 (Caused by NameResolutionError("<urllib3.connection.HTTPSConnection object at 0x7fa69c22f370>: Failed to resolve 'ks.innov.cleanwatts.energy' ([Errno -3] Temporary failure in name resolution)"))
2025-05-26 17:08:26 | ERROR | EnergyPrice: HTTPSConnectionPool(host='ks.innov.cleanwatts.energy', port=443): Max retries exceeded with url: /api/2.0/consumptions/instant?from=2025-01-05T08:48:00.0&tags=13389 (Caused by NameResolutionError("<urllib3.connection.HTTPSConnection object at 0x7fa69c20a640>: Failed to resolve 'ks.innov.cleanwatts.energy' ([Errno -3] Temporary failure in name resolution)"))
2025-05-26 17:08:26 | ERROR | EnergyPrice: HTTPSConnectionPool(host='ks.innov.cleanwatts.energy', port=443): Max retries exceeded with url: /api/2.0/consumptions/instant?from=2025-01-05T08:48:00.0&tags=13389 (Caused by NameResolutionError("<urllib3.connection.HTTPSConnection object at 0x7fa69cae3be0>: Failed to resolve 'ks.innov.cleanwatts.energy' ([Errno -3] Temporary failure in name resolution)"))
2025-05-26 17:08:26 | ERROR | EnergyPrice: HTTPSConnectionPool(host='ks.innov.cleanwatts.energy', port=443): Max retries exceeded with url: /api/2.0/consumptions/instant?from=2025-01-05T08:48:00.0&tags=13389 (Caused by NameResolutionError("<urllib3.connection.HTTPSConnection object at 0x7fa69c126a60>: Failed to resolve 'ks.innov.cleanwatts.energy' ([Errno -3] Temporary failure in name resolution)"))
2025-05-26 17:08:26 | ERROR | EnergyPrice: HTTPSConnectionPool(host='ks.innov.cleanwatts.energy', port=443): Max retries exceeded with url: /api/2.0/consumptions/instant?from=2025-01-05T08:48:00.0&tags=13389 (Caused by NameResolutionError("<urllib3.connection.HTTPSConnection object at 0x7fa69c206700>: Failed to resolve 'ks.innov.cleanwatts.energy' ([Errno -3] Temporary failure in name resolution)"))
2025-05-26 17:08:26 | ERROR | EnergyPrice: HTTPSConnectionPool(host='ks.innov.cleanwatts.energy', port=443): Max retries exceeded with url: /api/2.0/consumptions/instant?from=2025-01-05T08:48:00.0&tags=13389 (Caused by NameResolutionError("<urllib3.connection.HTTPSConnection object at 0x7fa69c2134c0>: Failed to resolve 'ks.innov.cleanwatts.energy' ([Errno -3] Temporary failure in name resolution)"))
2025-05-26 17:08:26 | ERROR | EnergyPrice: HTTPSConnectionPool(host='ks.innov.cleanwatts.energy', port=443): Max retries exceeded with url: /api/2.0/consumptions/instant?from=2025-01-05T08:48:00.0&tags=13389 (Caused by NameResolutionError("<urllib3.connection.HTTPSConnection object at 0x7fa69cac0370>: Failed to resolve 'ks.innov.cleanwatts.energy' ([Errno -3] Temporary failure in name resolution)"))
2025-05-26 17:08:26 | ERROR | EnergyPrice: HTTPSConnectionPool(host='ks.innov.cleanwatts.energy', port=443): Max retries exceeded with url: /api/2.0/consumptions/instant?from=2025-01-05T08:48:00.0&tags=13389 (Caused by NameResolutionError("<urllib3.connection.HTTPSConnection object at 0x7fa69c11d430>: Failed to resolve 'ks.innov.cleanwatts.energy' ([Errno -3] Temporary failure in name resolution)"))
2025-05-26 17:08:26 | ERROR | EnergyPrice: HTTPSConnectionPool(host='ks.innov.cleanwatts.energy', port=443): Max retries exceeded with url: /api/2.0/consumptions/instant?from=2025-01-05T08:48:00.0&tags=13389 (Caused by NameResolutionError("<urllib3.connection.HTTPSConnection object at 0x7fa69c200bb0>: Failed to resolve 'ks.innov.cleanwatts.energy' ([Errno -3] Temporary failure in name resolution)"))
2025-05-26 17:08:26 | ERROR | EnergyPrice: HTTPSConnectionPool(host='ks.innov.cleanwatts.energy', port=443): Max retries exceeded with url: /api/2.0/consumptions/instant?from=2025-01-05T08:48:00.0&tags=13389 (Caused by NameResolutionError("<urllib3.connection.HTTPSConnection object at 0x7fa69c1a3be0>: Failed to resolve 'ks.innov.cleanwatts.energy' ([Errno -3] Temporary failure in name resolution)"))
2025-05-26 17:08:26 | ERROR | EnergyPrice: HTTPSConnectionPool(host='ks.innov.cleanwatts.energy', port=443): Max retries exceeded with url: /api/2.0/consumptions/instant?from=2025-01-05T08:48:00.0&tags=13389 (Caused by NameResolutionError("<urllib3.connection.HTTPSConnection object at 0x7fa69c235c70>: Failed to resolve 'ks.innov.cleanwatts.energy' ([Errno -3] Temporary failure in name resolution)"))
2025-05-26 17:08:26 | ERROR | EnergyPrice: HTTPSConnectionPool(host='ks.innov.cleanwatts.energy', port=443): Max retries exceeded with url: /api/2.0/consumptions/instant?from=2025-01-05T08:48:00.0&tags=13389 (Caused by NameResolutionError("<urllib3.connection.HTTPSConnection object at 0x7fa69c126cd0>: Failed to resolve 'ks.innov.cleanwatts.energy' ([Errno -3] Temporary failure in name resolution)"))
2025-05-26 17:08:26 | ERROR | EnergyPrice: HTTPSConnectionPool(host='ks.innov.cleanwatts.energy', port=443): Max retries exceeded with url: /api/2.0/consumptions/instant?from=2025-01-05T08:48:00.0&tags=13389 (Caused by NameResolutionError("<urllib3.connection.HTTPSConnection object at 0x7fa69eb3b310>: Failed to resolve 'ks.innov.cleanwatts.energy' ([Errno -3] Temporary failure in name resolution)"))
2025-05-26 17:08:26 | ERROR | EnergyPrice: HTTPSConnectionPool(host='ks.innov.cleanwatts.energy', port=443): Max retries exceeded with url: /api/2.0/consumptions/instant?from=2025-01-05T08:48:00.0&tags=13389 (Caused by NameResolutionError("<urllib3.connection.HTTPSConnection object at 0x7fa69c1ae430>: Failed to resolve 'ks.innov.cleanwatts.energy' ([Errno -3] Temporary failure in name resolution)"))
2025-05-26 17:08:26 | ERROR | EnergyPrice: HTTPSConnectionPool(host='ks.innov.cleanwatts.energy', port=443): Max retries exceeded with url: /api/2.0/consumptions/instant?from=2025-01-05T08:48:00.0&tags=13389 (Caused by NameResolutionError("<urllib3.connection.HTTPSConnection object at 0x7fa69c24a9d0>: Failed to resolve 'ks.innov.cleanwatts.energy' ([Errno -3] Temporary failure in name resolution)"))
2025-05-26 17:08:26 | ERROR | EnergyPrice: HTTPSConnectionPool(host='ks.innov.cleanwatts.energy', port=443): Max retries exceeded with url: /api/2.0/consumptions/instant?from=2025-01-05T08:48:00.0&tags=13389 (Caused by NameResolutionError("<urllib3.connection.HTTPSConnection object at 0x7fa69c218640>: Failed to resolve 'ks.innov.cleanwatts.energy' ([Errno -3] Temporary failure in name resolution)"))
2025-05-26 17:08:31 | ERROR | Failed to insert data: No servers found yet, Timeout: 5.0s, Topology Description: <TopologyDescription id: 6834a00acb5364b9ccfd40db, topology_type: Unknown, servers: [<ServerDescription ('vsgate-s1.dei.isep.ipp.pt', 10246) server_type: Unknown, rtt: None>]>
2025-05-26 17:08:31 | ERROR | Failed to insert data: No servers found yet, Timeout: 5.0s, Topology Description: <TopologyDescription id: 6834a00acb5364b9ccfd40dd, topology_type: Unknown, servers: [<ServerDescription ('vsgate-s1.dei.isep.ipp.pt', 10246) server_type: Unknown, rtt: None>]>
2025-05-26 17:08:31 | ERROR | Failed to insert data: No servers found yet, Timeout: 5.0s, Topology Description: <TopologyDescription id: 6834a00acb5364b9ccfd40df, topology_type: Unknown, servers: [<ServerDescription ('vsgate-s1.dei.isep.ipp.pt', 10246) server_type: Unknown, rtt: None>]>
2025-05-26 17:08:31 | ERROR | Failed to insert data: No servers found yet, Timeout: 5.0s, Topology Description: <TopologyDescription id: 6834a00acb5364b9ccfd40e1, topology_type: Unknown, servers: [<ServerDescription ('vsgate-s1.dei.isep.ipp.pt', 10246) server_type: Unknown, rtt: None>]>
2025-05-26 17:08:31 | ERROR | Failed to insert data: No servers found yet, Timeout: 5.0s, Topology Description: <TopologyDescription id: 6834a00acb5364b9ccfd40e3, topology_type: Unknown, servers: [<ServerDescription ('vsgate-s1.dei.isep.ipp.pt', 10246) server_type: Unknown, rtt: None>]>
2025-05-26 17:08:31 | ERROR | Failed to insert data: No servers found yet, Timeout: 5.0s, Topology Description: <TopologyDescription id: 6834a00acb5364b9ccfd40e5, topology_type: Unknown, servers: [<ServerDescription ('vsgate-s1.dei.isep.ipp.pt', 10246) server_type: Unknown, rtt: None>]>
2025-05-26 17:08:31 | ERROR | Failed to insert data: No servers found yet, Timeout: 5.0s, Topology Description: <TopologyDescription id: 6834a00acb5364b9ccfd40e7, topology_type: Unknown, servers: [<ServerDescription ('vsgate-s1.dei.isep.ipp.pt', 10246) server_type: Unknown, rtt: None>]>
2025-05-26 17:08:31 | ERROR | Failed to insert data: No servers found yet, Timeout: 5.0s, Topology Description: <TopologyDescription id: 6834a00acb5364b9ccfd40e8, topology_type: Unknown, servers: [<ServerDescription ('vsgate-s1.dei.isep.ipp.pt', 10246) server_type: Unknown, rtt: None>]>
2025-05-26 17:08:31 | ERROR | Failed to insert data: No servers found yet, Timeout: 5.0s, Topology Description: <TopologyDescription id: 6834a00acb5364b9ccfd40e9, topology_type: Unknown, servers: [<ServerDescription ('vsgate-s1.dei.isep.ipp.pt', 10246) server_type: Unknown, rtt: None>]>
2025-05-26 17:08:31 | ERROR | Failed to insert data: No servers found yet, Timeout: 5.0s, Topology Description: <TopologyDescription id: 6834a00acb5364b9ccfd40ea, topology_type: Unknown, servers: [<ServerDescription ('vsgate-s1.dei.isep.ipp.pt', 10246) server_type: Unknown, rtt: None>]>
2025-05-26 17:08:31 | ERROR | Failed to insert data: No servers found yet, Timeout: 5.0s, Topology Description: <TopologyDescription id: 6834a00acb5364b9ccfd40ed, topology_type: Unknown, servers: [<ServerDescription ('vsgate-s1.dei.isep.ipp.pt', 10246) server_type: Unknown, rtt: None>]>
2025-05-26 17:08:31 | ERROR | Failed to insert data: No servers found yet, Timeout: 5.0s, Topology Description: <TopologyDescription id: 6834a00acb5364b9ccfd40f1, topology_type: Unknown, servers: [<ServerDescription ('vsgate-s1.dei.isep.ipp.pt', 10246) server_type: Unknown, rtt: None>]>
2025-05-26 17:08:31 | ERROR | Failed to insert data: No servers found yet, Timeout: 5.0s, Topology Description: <TopologyDescription id: 6834a00acb5364b9ccfd40f3, topology_type: Unknown, servers: [<ServerDescription ('vsgate-s1.dei.isep.ipp.pt', 10246) server_type: Unknown, rtt: None>]>
2025-05-26 17:08:31 | ERROR | Failed to insert data: No servers found yet, Timeout: 5.0s, Topology Description: <TopologyDescription id: 6834a00acb5364b9ccfd40f5, topology_type: Unknown, servers: [<ServerDescription ('vsgate-s1.dei.isep.ipp.pt', 10246) server_type: Unknown, rtt: None>]>
2025-05-26 17:08:31 | ERROR | Failed to insert data: No servers found yet, Timeout: 5.0s, Topology Description: <TopologyDescription id: 6834a00acb5364b9ccfd40f7, topology_type: Unknown, servers: [<ServerDescription ('vsgate-s1.dei.isep.ipp.pt', 10246) server_type: Unknown, rtt: None>]>
2025-05-26 17:08:31 | ERROR | Failed to insert data: No servers found yet, Timeout: 5.0s, Topology Description: <TopologyDescription id: 6834a00acb5364b9ccfd40f9, topology_type: Unknown, servers: [<ServerDescription ('vsgate-s1.dei.isep.ipp.pt', 10246) server_type: Unknown, rtt: None>]>
2025-05-26 17:08:31 | ERROR | Failed to insert data: No servers found yet, Timeout: 5.0s, Topology Description: <TopologyDescription id: 6834a00acb5364b9ccfd40fa, topology_type: Unknown, servers: [<ServerDescription ('vsgate-s1.dei.isep.ipp.pt', 10246) server_type: Unknown, rtt: None>]>
2025-05-26 17:08:45 | WARNING | Device 29720 was not found.
2025-05-26 17:08:45 | WARNING | Device not found in substitute_dict: 29720
2025-05-26 17:08:45 | WARNING | Device 29725 was not found.
2025-05-26 17:08:45 | WARNING | Device not found in substitute_dict: 29725
2025-05-26 17:08:45 | WARNING | Device 28387 was not found.
2025-05-26 17:08:45 | WARNING | Device not found in substitute_dict: 28387
2025-05-26 17:08:45 | WARNING | Device 30634 was not found.
2025-05-26 17:08:45 | WARNING | Device not found in substitute_dict: 30634
2025-05-26 17:08:45 | WARNING | Device 30642 was not found.
2025-05-26 17:08:45 | WARNING | Device not found in substitute_dict: 30642
2025-05-26 17:08:45 | WARNING | Device 28375 was not found.
2025-05-26 17:08:45 | WARNING | Device not found in substitute_dict: 28375
2025-05-26 17:08:45 | WARNING | Device 29658 was not found.
2025-05-26 17:08:45 | WARNING | Device not found in substitute_dict: 29658
2025-05-26 17:08:45 | WARNING | Device 33423 was not found.
2025-05-26 17:08:45 | WARNING | Device not found in substitute_dict: 33423
2025-05-26 17:08:45 | WARNING | Device 31049 was not found.
2025-05-26 17:08:45 | WARNING | Device not found in substitute_dict: 31049
2025-05-26 17:08:45 | WARNING | Device 31093 was not found.
2025-05-26 17:08:45 | WARNING | Device not found in substitute_dict: 31093
2025-05-26 17:08:45 | WARNING | Device 28386 was not found.
2025-05-26 17:08:45 | WARNING | Device not found in substitute_dict: 28386
2025-05-26 17:08:45 | WARNING | Device 29373 was not found.
2025-05-26 17:08:45 | WARNING | Device not found in substitute_dict: 29373
2025-05-26 17:08:45 | WARNING | Device 29851 was not found.
2025-05-26 17:08:45 | WARNING | Device not found in substitute_dict: 29851
2025-05-26 17:08:45 | WARNING | Device 29498 was not found.
2025-05-26 17:08:45 | WARNING | Device not found in substitute_dict: 29498
2025-05-26 17:08:45 | WARNING | Device 30080 was not found.
2025-05-26 17:08:45 | WARNING | Device not found in substitute_dict: 30080
2025-05-26 17:08:45 | WARNING | Device 29660 was not found.
2025-05-26 17:08:45 | WARNING | Device not found in substitute_dict: 29660
2025-05-26 17:08:45 | WARNING | Device 36766 was not found.
2025-05-26 17:08:45 | WARNING | Device not found in substitute_dict: 36766
2025-05-26 17:08:45 | WARNING | Device 36769 was not found.
2025-05-26 17:08:45 | WARNING | Device not found in substitute_dict: 36769
2025-05-26 17:08:45 | WARNING | Device 30688 was not found.
2025-05-26 17:08:45 | WARNING | Device not found in substitute_dict: 30688
2025-05-26 17:08:45 | WARNING | Device 33682 was not found.
2025-05-26 17:08:45 | WARNING | Device not found in substitute_dict: 33682
2025-05-26 17:08:45 | WARNING | Device 35927 was not found.
2025-05-26 17:08:45 | WARNING | Device not found in substitute_dict: 35927
2025-05-26 17:08:45 | WARNING | Device 33711 was not found.
2025-05-26 17:08:45 | WARNING | Device not found in substitute_dict: 33711
2025-05-26 17:08:45 | WARNING | Device 37208 was not found.
2025-05-26 17:08:45 | WARNING | Device not found in substitute_dict: 37208
2025-05-26 17:08:45 | WARNING | Device 37214 was not found.
2025-05-26 17:08:45 | WARNING | Device not found in substitute_dict: 37214
2025-05-26 17:08:45 | WARNING | Device AC000001_1 was not found.
2025-05-26 17:08:45 | WARNING | Device AC000004_1 was not found.
2025-05-26 17:08:45 | WARNING | Device AC000007_1 was not found.
2025-05-26 17:08:45 | WARNING | Device AC000010_1 was not found.
2025-05-26 17:08:45 | WARNING | Device AC000013_1 was not found.
2025-05-26 17:08:45 | WARNING | Device AC000002_1 was not found.
2025-05-26 17:08:45 | WARNING | Device AC000003_1 was not found.
2025-05-26 17:08:45 | WARNING | Device VR1UJZKXZKW134851 was not found.
2025-05-26 17:08:45 | WARNING | Device AC000005_1 was not found.
2025-05-26 17:08:45 | WARNING | Device not found in substitute_dict: VR1UJZKXZKW134851
2025-05-26 17:08:45 | WARNING | Device AC000006_1 was not found.
2025-05-26 17:08:45 | WARNING | Device AC000008_1 was not found.
2025-05-26 17:08:45 | WARNING | Device AC000009_1 was not found.
2025-05-26 17:08:45 | WARNING | Device AC000011_1 was not found.
2025-05-26 17:08:45 | WARNING | Device pctesolate was not found.
2025-05-26 17:08:45 | WARNING | Device AC000012_1 was not found.
2025-05-26 17:08:45 | WARNING | Device not found in substitute_dict: pctesolate
2025-05-26 17:08:45 | WARNING | Device AC000014_1 was not found.
2025-05-26 17:08:45 | WARNING | Device ACEXT001_1 was not found.
2025-05-26 17:08:45 | WARNING | Device ACEXT002_1 was not found.
2025-05-26 17:08:45 | WARNING | Device ACEXT003_1 was not found.
2025-05-26 17:08:45 | WARNING | Device ACEXT004_1 was not found.
2025-05-26 18:04:01 | ERROR | EnergyPrice: HTTPSConnectionPool(host='ks.innov.cleanwatts.energy', port=443): Max retries exceeded with url: /api/2.0/consumptions/instant?from=2025-01-05T08:48:00.0&tags=13389 (Caused by NameResolutionError("<urllib3.connection.HTTPSConnection object at 0x7fa69c149f40>: Failed to resolve 'ks.innov.cleanwatts.energy' ([Errno -3] Temporary failure in name resolution)"))
2025-05-26 18:04:01 | ERROR | EnergyPrice: HTTPSConnectionPool(host='ks.innov.cleanwatts.energy', port=443): Max retries exceeded with url: /api/2.0/consumptions/instant?from=2025-01-05T08:48:00.0&tags=13389 (Caused by NameResolutionError("<urllib3.connection.HTTPSConnection object at 0x7fa69c252ee0>: Failed to resolve 'ks.innov.cleanwatts.energy' ([Errno -3] Temporary failure in name resolution)"))
2025-05-26 18:04:01 | ERROR | EnergyPrice: HTTPSConnectionPool(host='ks.innov.cleanwatts.energy', port=443): Max retries exceeded with url: /api/2.0/consumptions/instant?from=2025-01-05T08:48:00.0&tags=13389 (Caused by NameResolutionError("<urllib3.connection.HTTPSConnection object at 0x7fa69cadabe0>: Failed to resolve 'ks.innov.cleanwatts.energy' ([Errno -3] Temporary failure in name resolution)"))
2025-05-26 18:04:01 | ERROR | EnergyPrice: HTTPSConnectionPool(host='ks.innov.cleanwatts.energy', port=443): Max retries exceeded with url: /api/2.0/consumptions/instant?from=2025-01-05T08:48:00.0&tags=13389 (Caused by NameResolutionError("<urllib3.connection.HTTPSConnection object at 0x7fa69cae3790>: Failed to resolve 'ks.innov.cleanwatts.energy' ([Errno -3] Temporary failure in name resolution)"))
2025-05-26 18:04:01 | ERROR | EnergyPrice: HTTPSConnectionPool(host='ks.innov.cleanwatts.energy', port=443): Max retries exceeded with url: /api/2.0/consumptions/instant?from=2025-01-05T08:48:00.0&tags=13389 (Caused by NameResolutionError("<urllib3.connection.HTTPSConnection object at 0x7fa69c0bbdf0>: Failed to resolve 'ks.innov.cleanwatts.energy' ([Errno -3] Temporary failure in name resolution)"))
2025-05-26 18:04:01 | ERROR | EnergyPrice: HTTPSConnectionPool(host='ks.innov.cleanwatts.energy', port=443): Max retries exceeded with url: /api/2.0/consumptions/instant?from=2025-01-05T08:48:00.0&tags=13389 (Caused by NameResolutionError("<urllib3.connection.HTTPSConnection object at 0x7fa69caec5e0>: Failed to resolve 'ks.innov.cleanwatts.energy' ([Errno -3] Temporary failure in name resolution)"))
2025-05-26 18:04:01 | ERROR | EnergyPrice: HTTPSConnectionPool(host='ks.innov.cleanwatts.energy', port=443): Max retries exceeded with url: /api/2.0/consumptions/instant?from=2025-01-05T08:48:00.0&tags=13389 (Caused by NameResolutionError("<urllib3.connection.HTTPSConnection object at 0x7fa69c1308e0>: Failed to resolve 'ks.innov.cleanwatts.energy' ([Errno -3] Temporary failure in name resolution)"))
2025-05-26 18:04:01 | ERROR | EnergyPrice: HTTPSConnectionPool(host='ks.innov.cleanwatts.energy', port=443): Max retries exceeded with url: /api/2.0/consumptions/instant?from=2025-01-05T08:48:00.0&tags=13389 (Caused by NameResolutionError("<urllib3.connection.HTTPSConnection object at 0x7fa69c273f70>: Failed to resolve 'ks.innov.cleanwatts.energy' ([Errno -3] Temporary failure in name resolution)"))
2025-05-26 18:04:01 | ERROR | EnergyPrice: HTTPSConnectionPool(host='ks.innov.cleanwatts.energy', port=443): Max retries exceeded with url: /api/2.0/consumptions/instant?from=2025-01-05T08:48:00.0&tags=13389 (Caused by NameResolutionError("<urllib3.connection.HTTPSConnection object at 0x7fa69c221310>: Failed to resolve 'ks.innov.cleanwatts.energy' ([Errno -3] Temporary failure in name resolution)"))
2025-05-26 18:04:01 | ERROR | EnergyPrice: HTTPSConnectionPool(host='ks.innov.cleanwatts.energy', port=443): Max retries exceeded with url: /api/2.0/consumptions/instant?from=2025-01-05T08:48:00.0&tags=13389 (Caused by NameResolutionError("<urllib3.connection.HTTPSConnection object at 0x7fa69c235dc0>: Failed to resolve 'ks.innov.cleanwatts.energy' ([Errno -3] Temporary failure in name resolution)"))
2025-05-26 18:04:01 | ERROR | EnergyPrice: HTTPSConnectionPool(host='ks.innov.cleanwatts.energy', port=443): Max retries exceeded with url: /api/2.0/consumptions/instant?from=2025-01-05T08:48:00.0&tags=13389 (Caused by NameResolutionError("<urllib3.connection.HTTPSConnection object at 0x7fa69eb3b370>: Failed to resolve 'ks.innov.cleanwatts.energy' ([Errno -3] Temporary failure in name resolution)"))
2025-05-26 18:04:01 | ERROR | EnergyPrice: HTTPSConnectionPool(host='ks.innov.cleanwatts.energy', port=443): Max retries exceeded with url: /api/2.0/consumptions/instant?from=2025-01-05T08:48:00.0&tags=13389 (Caused by NameResolutionError("<urllib3.connection.HTTPSConnection object at 0x7fa69c0c5040>: Failed to resolve 'ks.innov.cleanwatts.energy' ([Errno -3] Temporary failure in name resolution)"))
2025-05-26 18:04:01 | ERROR | EnergyPrice: HTTPSConnectionPool(host='ks.innov.cleanwatts.energy', port=443): Max retries exceeded with url: /api/2.0/consumptions/instant?from=2025-01-05T08:48:00.0&tags=13389 (Caused by NameResolutionError("<urllib3.connection.HTTPSConnection object at 0x7fa69c0cf760>: Failed to resolve 'ks.innov.cleanwatts.energy' ([Errno -3] Temporary failure in name resolution)"))
2025-05-26 18:04:01 | ERROR | EnergyPrice: HTTPSConnectionPool(host='ks.innov.cleanwatts.energy', port=443): Max retries exceeded with url: /api/2.0/consumptions/instant?from=2025-01-05T08:48:00.0&tags=13389 (Caused by NameResolutionError("<urllib3.connection.HTTPSConnection object at 0x7fa69c0dbcd0>: Failed to resolve 'ks.innov.cleanwatts.energy' ([Errno -3] Temporary failure in name resolution)"))
2025-05-26 18:04:01 | ERROR | EnergyPrice: HTTPSConnectionPool(host='ks.innov.cleanwatts.energy', port=443): Max retries exceeded with url: /api/2.0/consumptions/instant?from=2025-01-05T08:48:00.0&tags=13389 (Caused by NameResolutionError("<urllib3.connection.HTTPSConnection object at 0x7fa69c1f4c40>: Failed to resolve 'ks.innov.cleanwatts.energy' ([Errno -3] Temporary failure in name resolution)"))
2025-05-26 18:04:01 | ERROR | EnergyPrice: HTTPSConnectionPool(host='ks.innov.cleanwatts.energy', port=443): Max retries exceeded with url: /api/2.0/consumptions/instant?from=2025-01-05T08:48:00.0&tags=13389 (Caused by NameResolutionError("<urllib3.connection.HTTPSConnection object at 0x7fa69c185130>: Failed to resolve 'ks.innov.cleanwatts.energy' ([Errno -3] Temporary failure in name resolution)"))
2025-05-26 18:04:01 | ERROR | EnergyPrice: HTTPSConnectionPool(host='ks.innov.cleanwatts.energy', port=443): Max retries exceeded with url: /api/2.0/consumptions/instant?from=2025-01-05T08:48:00.0&tags=13389 (Caused by NameResolutionError("<urllib3.connection.HTTPSConnection object at 0x7fa69c27fa00>: Failed to resolve 'ks.innov.cleanwatts.energy' ([Errno -3] Temporary failure in name resolution)"))
2025-05-26 18:04:06 | ERROR | Failed to insert data: No servers found yet, Timeout: 5.0s, Topology Description: <TopologyDescription id: 6834ad11cb5364b9ccfd40fd, topology_type: Unknown, servers: [<ServerDescription ('vsgate-s1.dei.isep.ipp.pt', 10246) server_type: Unknown, rtt: None>]>
2025-05-26 18:04:06 | ERROR | Failed to insert data: No servers found yet, Timeout: 5.0s, Topology Description: <TopologyDescription id: 6834ad11cb5364b9ccfd40ff, topology_type: Unknown, servers: [<ServerDescription ('vsgate-s1.dei.isep.ipp.pt', 10246) server_type: Unknown, rtt: None>]>
2025-05-26 18:04:06 | ERROR | Failed to insert data: No servers found yet, Timeout: 5.0s, Topology Description: <TopologyDescription id: 6834ad11cb5364b9ccfd4101, topology_type: Unknown, servers: [<ServerDescription ('vsgate-s1.dei.isep.ipp.pt', 10246) server_type: Unknown, rtt: None>]>
2025-05-26 18:04:06 | ERROR | Failed to insert data: No servers found yet, Timeout: 5.0s, Topology Description: <TopologyDescription id: 6834ad11cb5364b9ccfd4103, topology_type: Unknown, servers: [<ServerDescription ('vsgate-s1.dei.isep.ipp.pt', 10246) server_type: Unknown, rtt: None>]>
2025-05-26 18:04:06 | ERROR | Failed to insert data: No servers found yet, Timeout: 5.0s, Topology Description: <TopologyDescription id: 6834ad11cb5364b9ccfd4105, topology_type: Unknown, servers: [<ServerDescription ('vsgate-s1.dei.isep.ipp.pt', 10246) server_type: Unknown, rtt: None>]>
2025-05-26 18:04:06 | ERROR | Failed to insert data: No servers found yet, Timeout: 5.0s, Topology Description: <TopologyDescription id: 6834ad11cb5364b9ccfd4107, topology_type: Unknown, servers: [<ServerDescription ('vsgate-s1.dei.isep.ipp.pt', 10246) server_type: Unknown, rtt: None>]>
2025-05-26 18:04:06 | ERROR | Failed to insert data: No servers found yet, Timeout: 5.0s, Topology Description: <TopologyDescription id: 6834ad11cb5364b9ccfd4109, topology_type: Unknown, servers: [<ServerDescription ('vsgate-s1.dei.isep.ipp.pt', 10246) server_type: Unknown, rtt: None>]>
2025-05-26 18:04:06 | ERROR | Failed to insert data: No servers found yet, Timeout: 5.0s, Topology Description: <TopologyDescription id: 6834ad11cb5364b9ccfd410a, topology_type: Unknown, servers: [<ServerDescription ('vsgate-s1.dei.isep.ipp.pt', 10246) server_type: Unknown, rtt: None>]>
2025-05-26 18:04:06 | ERROR | Failed to insert data: No servers found yet, Timeout: 5.0s, Topology Description: <TopologyDescription id: 6834ad11cb5364b9ccfd410d, topology_type: Unknown, servers: [<ServerDescription ('vsgate-s1.dei.isep.ipp.pt', 10246) server_type: Unknown, rtt: None>]>
2025-05-26 18:04:06 | ERROR | Failed to insert data: No servers found yet, Timeout: 5.0s, Topology Description: <TopologyDescription id: 6834ad11cb5364b9ccfd4111, topology_type: Unknown, servers: [<ServerDescription ('vsgate-s1.dei.isep.ipp.pt', 10246) server_type: Unknown, rtt: None>]>
2025-05-26 18:04:06 | ERROR | Failed to insert data: No servers found yet, Timeout: 5.0s, Topology Description: <TopologyDescription id: 6834ad11cb5364b9ccfd410f, topology_type: Unknown, servers: [<ServerDescription ('vsgate-s1.dei.isep.ipp.pt', 10246) server_type: Unknown, rtt: None>]>
2025-05-26 18:04:06 | ERROR | Failed to insert data: No servers found yet, Timeout: 5.0s, Topology Description: <TopologyDescription id: 6834ad11cb5364b9ccfd4113, topology_type: Unknown, servers: [<ServerDescription ('vsgate-s1.dei.isep.ipp.pt', 10246) server_type: Unknown, rtt: None>]>
2025-05-26 18:04:06 | ERROR | Failed to insert data: No servers found yet, Timeout: 5.0s, Topology Description: <TopologyDescription id: 6834ad11cb5364b9ccfd4115, topology_type: Unknown, servers: [<ServerDescription ('vsgate-s1.dei.isep.ipp.pt', 10246) server_type: Unknown, rtt: None>]>
2025-05-26 18:04:06 | ERROR | Failed to insert data: No servers found yet, Timeout: 5.0s, Topology Description: <TopologyDescription id: 6834ad11cb5364b9ccfd4117, topology_type: Unknown, servers: [<ServerDescription ('vsgate-s1.dei.isep.ipp.pt', 10246) server_type: Unknown, rtt: None>]>
2025-05-26 18:04:06 | ERROR | Failed to insert data: No servers found yet, Timeout: 5.0s, Topology Description: <TopologyDescription id: 6834ad11cb5364b9ccfd4119, topology_type: Unknown, servers: [<ServerDescription ('vsgate-s1.dei.isep.ipp.pt', 10246) server_type: Unknown, rtt: None>]>
2025-05-26 18:04:06 | ERROR | Failed to insert data: No servers found yet, Timeout: 5.0s, Topology Description: <TopologyDescription id: 6834ad11cb5364b9ccfd411b, topology_type: Unknown, servers: [<ServerDescription ('vsgate-s1.dei.isep.ipp.pt', 10246) server_type: Unknown, rtt: None>]>
2025-05-26 18:04:06 | ERROR | Failed to insert data: No servers found yet, Timeout: 5.0s, Topology Description: <TopologyDescription id: 6834ad11cb5364b9ccfd411d, topology_type: Unknown, servers: [<ServerDescription ('vsgate-s1.dei.isep.ipp.pt', 10246) server_type: Unknown, rtt: None>]>
2025-05-26 18:04:43 | WARNING | Device 29720 was not found.
2025-05-26 18:04:43 | WARNING | Device not found in substitute_dict: 29720
2025-05-26 18:04:43 | WARNING | Device 29725 was not found.
2025-05-26 18:04:43 | WARNING | Device not found in substitute_dict: 29725
2025-05-26 18:04:43 | WARNING | Device 28387 was not found.
2025-05-26 18:04:43 | WARNING | Device not found in substitute_dict: 28387
2025-05-26 18:04:43 | WARNING | Device 30634 was not found.
2025-05-26 18:04:43 | WARNING | Device not found in substitute_dict: 30634
2025-05-26 18:04:43 | WARNING | Device 30642 was not found.
2025-05-26 18:04:43 | WARNING | Device not found in substitute_dict: 30642
2025-05-26 18:04:43 | WARNING | Device 28375 was not found.
2025-05-26 18:04:43 | WARNING | Device not found in substitute_dict: 28375
2025-05-26 18:04:43 | WARNING | Device 29658 was not found.
2025-05-26 18:04:43 | WARNING | Device not found in substitute_dict: 29658
2025-05-26 18:04:43 | WARNING | Device 33423 was not found.
2025-05-26 18:04:43 | WARNING | Device not found in substitute_dict: 33423
2025-05-26 18:04:43 | WARNING | Device 31049 was not found.
2025-05-26 18:04:43 | WARNING | Device not found in substitute_dict: 31049
2025-05-26 18:04:43 | WARNING | Device 31093 was not found.
2025-05-26 18:04:43 | WARNING | Device not found in substitute_dict: 31093
2025-05-26 18:04:43 | WARNING | Device 28386 was not found.
2025-05-26 18:04:43 | WARNING | Device not found in substitute_dict: 28386
2025-05-26 18:04:43 | WARNING | Device 29373 was not found.
2025-05-26 18:04:43 | WARNING | Device not found in substitute_dict: 29373
2025-05-26 18:04:43 | WARNING | Device 29851 was not found.
2025-05-26 18:04:43 | WARNING | Device not found in substitute_dict: 29851
2025-05-26 18:04:43 | WARNING | Device 29498 was not found.
2025-05-26 18:04:43 | WARNING | Device not found in substitute_dict: 29498
2025-05-26 18:04:43 | WARNING | Device 30080 was not found.
2025-05-26 18:04:43 | WARNING | Device not found in substitute_dict: 30080
2025-05-26 18:04:43 | WARNING | Device 29660 was not found.
2025-05-26 18:04:43 | WARNING | Device not found in substitute_dict: 29660
2025-05-26 18:04:43 | WARNING | Device 36766 was not found.
2025-05-26 18:04:43 | WARNING | Device not found in substitute_dict: 36766
2025-05-26 18:04:43 | WARNING | Device 36769 was not found.
2025-05-26 18:04:43 | WARNING | Device not found in substitute_dict: 36769
2025-05-26 18:04:43 | WARNING | Device 33682 was not found.
2025-05-26 18:04:43 | WARNING | Device not found in substitute_dict: 33682
2025-05-26 18:04:43 | WARNING | Device 30688 was not found.
2025-05-26 18:04:43 | WARNING | Device 35927 was not found.
2025-05-26 18:04:43 | WARNING | Device not found in substitute_dict: 30688
2025-05-26 18:04:43 | WARNING | Device not found in substitute_dict: 35927
2025-05-26 18:04:43 | WARNING | Device 33711 was not found.
2025-05-26 18:04:43 | WARNING | Device not found in substitute_dict: 33711
2025-05-26 18:04:43 | WARNING | Device 37208 was not found.
2025-05-26 18:04:43 | WARNING | Device not found in substitute_dict: 37208
2025-05-26 18:04:43 | WARNING | Device 37214 was not found.
2025-05-26 18:04:43 | WARNING | Device not found in substitute_dict: 37214
2025-05-26 18:04:43 | WARNING | Device AC000001_1 was not found.
2025-05-26 18:04:43 | WARNING | Device AC000004_1 was not found.
2025-05-26 18:04:43 | WARNING | Device AC000007_1 was not found.
2025-05-26 18:04:43 | WARNING | Device AC000010_1 was not found.
2025-05-26 18:04:43 | WARNING | Device AC000013_1 was not found.
2025-05-26 18:04:43 | WARNING | Device AC000002_1 was not found.
2025-05-26 18:04:43 | WARNING | Device AC000003_1 was not found.
2025-05-26 18:04:43 | WARNING | Device AC000005_1 was not found.
2025-05-26 18:04:43 | WARNING | Device AC000006_1 was not found.
2025-05-26 18:04:43 | WARNING | Device AC000008_1 was not found.
2025-05-26 18:04:43 | WARNING | Device AC000009_1 was not found.
2025-05-26 18:04:43 | WARNING | Device AC000011_1 was not found.
2025-05-26 18:04:43 | WARNING | Device AC000012_1 was not found.
2025-05-26 18:04:43 | WARNING | Device VR1UJZKXZKW134851 was not found.
2025-05-26 18:04:43 | WARNING | Device AC000014_1 was not found.
2025-05-26 18:04:43 | WARNING | Device not found in substitute_dict: VR1UJZKXZKW134851
2025-05-26 18:04:43 | WARNING | Device ACEXT001_1 was not found.
2025-05-26 18:04:43 | WARNING | Device ACEXT002_1 was not found.
2025-05-26 18:04:43 | WARNING | Device ACEXT003_1 was not found.
2025-05-26 18:04:43 | WARNING | Device ACEXT004_1 was not found.
2025-05-26 18:04:43 | WARNING | Device pctesolate was not found.
2025-05-26 18:04:44 | WARNING | Device not found in substitute_dict: pctesolate
2025-05-26 18:05:24 | ERROR | EnergyPrice: HTTPSConnectionPool(host='ks.innov.cleanwatts.energy', port=443): Max retries exceeded with url: /api/2.0/consumptions/instant?from=2025-01-05T08:48:00.0&tags=13389 (Caused by NameResolutionError("<urllib3.connection.HTTPSConnection object at 0x7fa69c278c70>: Failed to resolve 'ks.innov.cleanwatts.energy' ([Errno -3] Temporary failure in name resolution)"))
2025-05-26 18:05:24 | ERROR | EnergyPrice: HTTPSConnectionPool(host='ks.innov.cleanwatts.energy', port=443): Max retries exceeded with url: /api/2.0/consumptions/instant?from=2025-01-05T08:48:00.0&tags=13389 (Caused by NameResolutionError("<urllib3.connection.HTTPSConnection object at 0x7fa69c0db730>: Failed to resolve 'ks.innov.cleanwatts.energy' ([Errno -3] Temporary failure in name resolution)"))
2025-05-26 18:05:24 | ERROR | EnergyPrice: HTTPSConnectionPool(host='ks.innov.cleanwatts.energy', port=443): Max retries exceeded with url: /api/2.0/consumptions/instant?from=2025-01-05T08:48:00.0&tags=13389 (Caused by NameResolutionError("<urllib3.connection.HTTPSConnection object at 0x7fa69c2730d0>: Failed to resolve 'ks.innov.cleanwatts.energy' ([Errno -3] Temporary failure in name resolution)"))
2025-05-26 18:05:24 | ERROR | EnergyPrice: HTTPSConnectionPool(host='ks.innov.cleanwatts.energy', port=443): Max retries exceeded with url: /api/2.0/consumptions/instant?from=2025-01-05T08:48:00.0&tags=13389 (Caused by NameResolutionError("<urllib3.connection.HTTPSConnection object at 0x7fa69c130700>: Failed to resolve 'ks.innov.cleanwatts.energy' ([Errno -3] Temporary failure in name resolution)"))
2025-05-26 18:05:24 | ERROR | EnergyPrice: HTTPSConnectionPool(host='ks.innov.cleanwatts.energy', port=443): Max retries exceeded with url: /api/2.0/consumptions/instant?from=2025-01-05T08:48:00.0&tags=13389 (Caused by NameResolutionError("<urllib3.connection.HTTPSConnection object at 0x7fa69cac04c0>: Failed to resolve 'ks.innov.cleanwatts.energy' ([Errno -3] Temporary failure in name resolution)"))
2025-05-26 18:05:24 | ERROR | EnergyPrice: HTTPSConnectionPool(host='ks.innov.cleanwatts.energy', port=443): Max retries exceeded with url: /api/2.0/consumptions/instant?from=2025-01-05T08:48:00.0&tags=13389 (Caused by NameResolutionError("<urllib3.connection.HTTPSConnection object at 0x7fa69c143190>: Failed to resolve 'ks.innov.cleanwatts.energy' ([Errno -3] Temporary failure in name resolution)"))
2025-05-26 18:05:24 | ERROR | EnergyPrice: HTTPSConnectionPool(host='ks.innov.cleanwatts.energy', port=443): Max retries exceeded with url: /api/2.0/consumptions/instant?from=2025-01-05T08:48:00.0&tags=13389 (Caused by NameResolutionError("<urllib3.connection.HTTPSConnection object at 0x7fa69c2219a0>: Failed to resolve 'ks.innov.cleanwatts.energy' ([Errno -3] Temporary failure in name resolution)"))
2025-05-26 18:05:24 | ERROR | EnergyPrice: HTTPSConnectionPool(host='ks.innov.cleanwatts.energy', port=443): Max retries exceeded with url: /api/2.0/consumptions/instant?from=2025-01-05T08:48:00.0&tags=13389 (Caused by NameResolutionError("<urllib3.connection.HTTPSConnection object at 0x7fa69c2a1760>: Failed to resolve 'ks.innov.cleanwatts.energy' ([Errno -3] Temporary failure in name resolution)"))
2025-05-26 18:05:24 | ERROR | EnergyPrice: HTTPSConnectionPool(host='ks.innov.cleanwatts.energy', port=443): Max retries exceeded with url: /api/2.0/consumptions/instant?from=2025-01-05T08:48:00.0&tags=13389 (Caused by NameResolutionError("<urllib3.connection.HTTPSConnection object at 0x7fa69c226130>: Failed to resolve 'ks.innov.cleanwatts.energy' ([Errno -3] Temporary failure in name resolution)"))
2025-05-26 18:05:24 | ERROR | EnergyPrice: HTTPSConnectionPool(host='ks.innov.cleanwatts.energy', port=443): Max retries exceeded with url: /api/2.0/consumptions/instant?from=2025-01-05T08:48:00.0&tags=13389 (Caused by NameResolutionError("<urllib3.connection.HTTPSConnection object at 0x7fa6a0828670>: Failed to resolve 'ks.innov.cleanwatts.energy' ([Errno -3] Temporary failure in name resolution)"))
2025-05-26 18:05:24 | ERROR | EnergyPrice: HTTPSConnectionPool(host='ks.innov.cleanwatts.energy', port=443): Max retries exceeded with url: /api/2.0/consumptions/instant?from=2025-01-05T08:48:00.0&tags=13389 (Caused by NameResolutionError("<urllib3.connection.HTTPSConnection object at 0x7fa69c206400>: Failed to resolve 'ks.innov.cleanwatts.energy' ([Errno -3] Temporary failure in name resolution)"))
2025-05-26 18:05:24 | ERROR | EnergyPrice: HTTPSConnectionPool(host='ks.innov.cleanwatts.energy', port=443): Max retries exceeded with url: /api/2.0/consumptions/instant?from=2025-01-05T08:48:00.0&tags=13389 (Caused by NameResolutionError("<urllib3.connection.HTTPSConnection object at 0x7fa69c24d610>: Failed to resolve 'ks.innov.cleanwatts.energy' ([Errno -3] Temporary failure in name resolution)"))
2025-05-26 18:05:24 | ERROR | EnergyPrice: HTTPSConnectionPool(host='ks.innov.cleanwatts.energy', port=443): Max retries exceeded with url: /api/2.0/consumptions/instant?from=2025-01-05T08:48:00.0&tags=13389 (Caused by NameResolutionError("<urllib3.connection.HTTPSConnection object at 0x7fa69c278340>: Failed to resolve 'ks.innov.cleanwatts.energy' ([Errno -3] Temporary failure in name resolution)"))
2025-05-26 18:05:24 | ERROR | EnergyPrice: HTTPSConnectionPool(host='ks.innov.cleanwatts.energy', port=443): Max retries exceeded with url: /api/2.0/consumptions/instant?from=2025-01-05T08:48:00.0&tags=13389 (Caused by NameResolutionError("<urllib3.connection.HTTPSConnection object at 0x7fa69c2a1910>: Failed to resolve 'ks.innov.cleanwatts.energy' ([Errno -3] Temporary failure in name resolution)"))
2025-05-26 18:05:24 | ERROR | EnergyPrice: HTTPSConnectionPool(host='ks.innov.cleanwatts.energy', port=443): Max retries exceeded with url: /api/2.0/consumptions/instant?from=2025-01-05T08:48:00.0&tags=13389 (Caused by NameResolutionError("<urllib3.connection.HTTPSConnection object at 0x7fa69c269a90>: Failed to resolve 'ks.innov.cleanwatts.energy' ([Errno -3] Temporary failure in name resolution)"))
2025-05-26 18:05:24 | ERROR | EnergyPrice: HTTPSConnectionPool(host='ks.innov.cleanwatts.energy', port=443): Max retries exceeded with url: /api/2.0/consumptions/instant?from=2025-01-05T08:48:00.0&tags=13389 (Caused by NameResolutionError("<urllib3.connection.HTTPSConnection object at 0x7fa69c11deb0>: Failed to resolve 'ks.innov.cleanwatts.energy' ([Errno -3] Temporary failure in name resolution)"))
2025-05-26 18:05:24 | ERROR | EnergyPrice: HTTPSConnectionPool(host='ks.innov.cleanwatts.energy', port=443): Max retries exceeded with url: /api/2.0/consumptions/instant?from=2025-01-05T08:48:00.0&tags=13389 (Caused by NameResolutionError("<urllib3.connection.HTTPSConnection object at 0x7fa69c2b59a0>: Failed to resolve 'ks.innov.cleanwatts.energy' ([Errno -3] Temporary failure in name resolution)"))
2025-05-26 18:05:29 | ERROR | Failed to insert data: No servers found yet, Timeout: 5.0s, Topology Description: <TopologyDescription id: 6834ad64cb5364b9ccfd411f, topology_type: Unknown, servers: [<ServerDescription ('vsgate-s1.dei.isep.ipp.pt', 10246) server_type: Unknown, rtt: None>]>
2025-05-26 18:05:29 | ERROR | Failed to insert data: No servers found yet, Timeout: 5.0s, Topology Description: <TopologyDescription id: 6834ad64cb5364b9ccfd4121, topology_type: Unknown, servers: [<ServerDescription ('vsgate-s1.dei.isep.ipp.pt', 10246) server_type: Unknown, rtt: None>]>
2025-05-26 18:05:29 | ERROR | Failed to insert data: No servers found yet, Timeout: 5.0s, Topology Description: <TopologyDescription id: 6834ad64cb5364b9ccfd4123, topology_type: Unknown, servers: [<ServerDescription ('vsgate-s1.dei.isep.ipp.pt', 10246) server_type: Unknown, rtt: None>]>
2025-05-26 18:05:29 | ERROR | Failed to insert data: No servers found yet, Timeout: 5.0s, Topology Description: <TopologyDescription id: 6834ad64cb5364b9ccfd4125, topology_type: Unknown, servers: [<ServerDescription ('vsgate-s1.dei.isep.ipp.pt', 10246) server_type: Unknown, rtt: None>]>
2025-05-26 18:05:29 | ERROR | Failed to insert data: No servers found yet, Timeout: 5.0s, Topology Description: <TopologyDescription id: 6834ad64cb5364b9ccfd4127, topology_type: Unknown, servers: [<ServerDescription ('vsgate-s1.dei.isep.ipp.pt', 10246) server_type: Unknown, rtt: None>]>
2025-05-26 18:05:29 | ERROR | Failed to insert data: No servers found yet, Timeout: 5.0s, Topology Description: <TopologyDescription id: 6834ad64cb5364b9ccfd4129, topology_type: Unknown, servers: [<ServerDescription ('vsgate-s1.dei.isep.ipp.pt', 10246) server_type: Unknown, rtt: None>]>
2025-05-26 18:05:29 | ERROR | Failed to insert data: No servers found yet, Timeout: 5.0s, Topology Description: <TopologyDescription id: 6834ad64cb5364b9ccfd412b, topology_type: Unknown, servers: [<ServerDescription ('vsgate-s1.dei.isep.ipp.pt', 10246) server_type: Unknown, rtt: None>]>
2025-05-26 18:05:29 | ERROR | Failed to insert data: No servers found yet, Timeout: 5.0s, Topology Description: <TopologyDescription id: 6834ad64cb5364b9ccfd412d, topology_type: Unknown, servers: [<ServerDescription ('vsgate-s1.dei.isep.ipp.pt', 10246) server_type: Unknown, rtt: None>]>
2025-05-26 18:05:29 | ERROR | Failed to insert data: No servers found yet, Timeout: 5.0s, Topology Description: <TopologyDescription id: 6834ad64cb5364b9ccfd412f, topology_type: Unknown, servers: [<ServerDescription ('vsgate-s1.dei.isep.ipp.pt', 10246) server_type: Unknown, rtt: None>]>
2025-05-26 18:05:29 | ERROR | Failed to insert data: No servers found yet, Timeout: 5.0s, Topology Description: <TopologyDescription id: 6834ad64cb5364b9ccfd4131, topology_type: Unknown, servers: [<ServerDescription ('vsgate-s1.dei.isep.ipp.pt', 10246) server_type: Unknown, rtt: None>]>
2025-05-26 18:05:29 | ERROR | Failed to insert data: No servers found yet, Timeout: 5.0s, Topology Description: <TopologyDescription id: 6834ad64cb5364b9ccfd4133, topology_type: Unknown, servers: [<ServerDescription ('vsgate-s1.dei.isep.ipp.pt', 10246) server_type: Unknown, rtt: None>]>
2025-05-26 18:05:29 | ERROR | Failed to insert data: No servers found yet, Timeout: 5.0s, Topology Description: <TopologyDescription id: 6834ad64cb5364b9ccfd4136, topology_type: Unknown, servers: [<ServerDescription ('vsgate-s1.dei.isep.ipp.pt', 10246) server_type: Unknown, rtt: None>]>
2025-05-26 18:05:29 | ERROR | Failed to insert data: No servers found yet, Timeout: 5.0s, Topology Description: <TopologyDescription id: 6834ad64cb5364b9ccfd4135, topology_type: Unknown, servers: [<ServerDescription ('vsgate-s1.dei.isep.ipp.pt', 10246) server_type: Unknown, rtt: None>]>
2025-05-26 18:05:29 | ERROR | Failed to insert data: No servers found yet, Timeout: 5.0s, Topology Description: <TopologyDescription id: 6834ad64cb5364b9ccfd4137, topology_type: Unknown, servers: [<ServerDescription ('vsgate-s1.dei.isep.ipp.pt', 10246) server_type: Unknown, rtt: None>]>
2025-05-26 18:05:29 | ERROR | Failed to insert data: No servers found yet, Timeout: 5.0s, Topology Description: <TopologyDescription id: 6834ad64cb5364b9ccfd413b, topology_type: Unknown, servers: [<ServerDescription ('vsgate-s1.dei.isep.ipp.pt', 10246) server_type: Unknown, rtt: None>]>
2025-05-26 18:05:29 | ERROR | Failed to insert data: No servers found yet, Timeout: 5.0s, Topology Description: <TopologyDescription id: 6834ad64cb5364b9ccfd413d, topology_type: Unknown, servers: [<ServerDescription ('vsgate-s1.dei.isep.ipp.pt', 10246) server_type: Unknown, rtt: None>]>
2025-05-26 18:05:29 | ERROR | Failed to insert data: No servers found yet, Timeout: 5.0s, Topology Description: <TopologyDescription id: 6834ad64cb5364b9ccfd413c, topology_type: Unknown, servers: [<ServerDescription ('vsgate-s1.dei.isep.ipp.pt', 10246) server_type: Unknown, rtt: None>]>
2025-05-26 18:05:44 | WARNING | Device 29720 was not found.
2025-05-26 18:05:44 | WARNING | Device not found in substitute_dict: 29720
2025-05-26 18:05:44 | WARNING | Device 29725 was not found.
2025-05-26 18:05:44 | WARNING | Device not found in substitute_dict: 29725
2025-05-26 18:05:44 | WARNING | Device 28387 was not found.
2025-05-26 18:05:44 | WARNING | Device not found in substitute_dict: 28387
2025-05-26 18:05:44 | WARNING | Device 30634 was not found.
2025-05-26 18:05:44 | WARNING | Device not found in substitute_dict: 30634
2025-05-26 18:05:44 | WARNING | Device 30642 was not found.
2025-05-26 18:05:44 | WARNING | Device not found in substitute_dict: 30642
2025-05-26 18:05:44 | WARNING | Device 28375 was not found.
2025-05-26 18:05:44 | WARNING | Device not found in substitute_dict: 28375
2025-05-26 18:05:44 | WARNING | Device 29658 was not found.
2025-05-26 18:05:44 | WARNING | Device not found in substitute_dict: 29658
2025-05-26 18:05:44 | WARNING | Device 33423 was not found.
2025-05-26 18:05:44 | WARNING | Device not found in substitute_dict: 33423
2025-05-26 18:05:44 | WARNING | Device 31049 was not found.
2025-05-26 18:05:44 | WARNING | Device not found in substitute_dict: 31049
2025-05-26 18:05:44 | WARNING | Device 31093 was not found.
2025-05-26 18:05:44 | WARNING | Device not found in substitute_dict: 31093
2025-05-26 18:05:44 | WARNING | Device 28386 was not found.
2025-05-26 18:05:44 | WARNING | Device not found in substitute_dict: 28386
2025-05-26 18:05:44 | WARNING | Device 29373 was not found.
2025-05-26 18:05:44 | WARNING | Device not found in substitute_dict: 29373
2025-05-26 18:05:44 | WARNING | Device 29851 was not found.
2025-05-26 18:05:44 | WARNING | Device not found in substitute_dict: 29851
2025-05-26 18:05:44 | WARNING | Device 29498 was not found.
2025-05-26 18:05:44 | WARNING | Device not found in substitute_dict: 29498
2025-05-26 18:05:44 | WARNING | Device 30080 was not found.
2025-05-26 18:05:44 | WARNING | Device not found in substitute_dict: 30080
2025-05-26 18:05:44 | WARNING | Device 29660 was not found.
2025-05-26 18:05:44 | WARNING | Device not found in substitute_dict: 29660
2025-05-26 18:05:44 | WARNING | Device 36766 was not found.
2025-05-26 18:05:44 | WARNING | Device not found in substitute_dict: 36766
2025-05-26 18:05:44 | WARNING | Device 36769 was not found.
2025-05-26 18:05:44 | WARNING | Device not found in substitute_dict: 36769
2025-05-26 18:05:44 | WARNING | Device 30688 was not found.
2025-05-26 18:05:44 | WARNING | Device not found in substitute_dict: 30688
2025-05-26 18:05:44 | WARNING | Device 33682 was not found.
2025-05-26 18:05:44 | WARNING | Device not found in substitute_dict: 33682
2025-05-26 18:05:44 | WARNING | Device 35927 was not found.
2025-05-26 18:05:44 | WARNING | Device not found in substitute_dict: 35927
2025-05-26 18:05:44 | WARNING | Device 33711 was not found.
2025-05-26 18:05:44 | WARNING | Device not found in substitute_dict: 33711
2025-05-26 18:05:44 | WARNING | Device 37208 was not found.
2025-05-26 18:05:44 | WARNING | Device not found in substitute_dict: 37208
2025-05-26 18:05:44 | WARNING | Device 37214 was not found.
2025-05-26 18:05:44 | WARNING | Device not found in substitute_dict: 37214
2025-05-26 18:05:44 | WARNING | Device AC000001_1 was not found.
2025-05-26 18:05:44 | WARNING | Device AC000004_1 was not found.
2025-05-26 18:05:44 | WARNING | Device AC000007_1 was not found.
2025-05-26 18:05:44 | WARNING | Device AC000010_1 was not found.
2025-05-26 18:05:44 | WARNING | Device AC000013_1 was not found.
2025-05-26 18:05:44 | WARNING | Device AC000002_1 was not found.
2025-05-26 18:05:44 | WARNING | Device AC000003_1 was not found.
2025-05-26 18:05:44 | WARNING | Device AC000005_1 was not found.
2025-05-26 18:05:44 | WARNING | Device AC000006_1 was not found.
2025-05-26 18:05:44 | WARNING | Device AC000008_1 was not found.
2025-05-26 18:05:44 | WARNING | Device VR1UJZKXZKW134851 was not found.
2025-05-26 18:05:44 | WARNING | Device AC000009_1 was not found.
2025-05-26 18:05:44 | WARNING | Device not found in substitute_dict: VR1UJZKXZKW134851
2025-05-26 18:05:44 | WARNING | Device AC000011_1 was not found.
2025-05-26 18:05:44 | WARNING | Device AC000012_1 was not found.
2025-05-26 18:05:44 | WARNING | Device AC000014_1 was not found.
2025-05-26 18:05:44 | WARNING | Device ACEXT001_1 was not found.
2025-05-26 18:05:44 | WARNING | Device pctesolate was not found.
2025-05-26 18:05:44 | WARNING | Device ACEXT002_1 was not found.
2025-05-26 18:05:44 | WARNING | Device not found in substitute_dict: pctesolate
2025-05-26 18:05:44 | WARNING | Device ACEXT003_1 was not found.
2025-05-26 18:05:44 | WARNING | Device ACEXT004_1 was not found.
2025-05-30 11:08:36 | ERROR | PCReceiver: Thread H-03-G lost connection, attempting to reconnect...
2025-05-30 11:08:40 | ERROR | PCReceiver: Thread ana-house lost connection, attempting to reconnect...
2025-05-30 11:08:41 | ERROR | PCReceiver: Thread H-03-G lost connection, attempting to reconnect...
2025-05-30 11:08:45 | ERROR | PCReceiver: Thread ana-house lost connection, attempting to reconnect...
2025-05-30 11:08:46 | ERROR | PCReceiver: Thread H-03-G lost connection, attempting to reconnect...
2025-05-30 11:08:50 | ERROR | PCReceiver: Thread ana-house lost connection, attempting to reconnect...
2025-05-30 15:17:26 | ERROR | PCReceiver: Thread H-03-G lost connection, attempting to reconnect...
2025-05-30 15:17:26 | ERROR | PCReceiver: Thread ana-house lost connection, attempting to reconnect...
2025-05-30 15:18:24 | ERROR | PCReceiver: Thread ana-house lost connection, attempting to reconnect...
2025-05-30 15:18:24 | ERROR | PCReceiver: Thread H-03-G lost connection, attempting to reconnect...
2025-05-30 15:19:46 | ERROR | PCReceiver: Thread H-03-G lost connection, attempting to reconnect...
2025-05-30 15:19:46 | ERROR | PCReceiver: Thread ana-house lost connection, attempting to reconnect...
2025-05-30 15:20:28 | ERROR | PCReceiver: Thread H-03-G lost connection, attempting to reconnect...
2025-05-30 15:20:28 | ERROR | PCReceiver: Thread ana-house lost connection, attempting to reconnect...
2025-06-03 15:08:48 | WARNING | Device 36766 was not found.
2025-06-03 15:08:48 | WARNING | Device not found in substitute_dict: 36766
2025-06-03 15:08:54 | WARNING | Device 31049 was not found.
2025-06-03 15:08:54 | WARNING | Device not found in substitute_dict: 31049
2025-06-03 15:08:57 | WARNING | Device pctesolate was not found.
2025-06-03 15:08:57 | WARNING | Device not found in substitute_dict: pctesolate
2025-06-03 15:09:00 | WARNING | Device 30688 was not found.
2025-06-03 15:09:00 | WARNING | Device not found in substitute_dict: 30688
2025-06-03 15:09:02 | WARNING | Device 31093 was not found.
2025-06-03 15:09:22 | WARNING | Device 28386 was not found.
2025-06-03 15:09:22 | WARNING | Device not found in substitute_dict: 28386
2025-06-03 15:09:29 | WARNING | Device 29851 was not found.
2025-06-03 15:09:29 | WARNING | Device 29720 was not found.
2025-06-03 15:09:29 | WARNING | Device 29725 was not found.
2025-06-03 15:09:37 | WARNING | Device 29498 was not found.
2025-06-03 15:09:37 | WARNING | Device not found in substitute_dict: 29498
2025-06-03 15:09:37 | WARNING | Device 30080 was not found.
2025-06-03 15:09:37 | WARNING | Device not found in substitute_dict: 30080
2025-06-03 15:09:40 | WARNING | Device 30634 was not found.
2025-06-03 15:09:40 | WARNING | Device 30642 was not found.
2025-06-03 15:09:41 | WARNING | Device 29660 was not found.
2025-06-03 15:20:21 | WARNING | Device pctesolate was not found.
2025-06-03 15:20:21 | WARNING | Device not found in substitute_dict: pctesolate
2025-06-03 15:20:45 | WARNING | Device 29725 was not found.
2025-06-03 15:20:45 | WARNING | Device not found in substitute_dict: 29725
2025-06-03 15:20:50 | WARNING | Device 30642 was not found.
2025-06-03 15:20:50 | WARNING | Device not found in substitute_dict: 30642
2025-06-03 15:20:52 | WARNING | Device 28375 was not found.
2025-06-03 15:20:52 | WARNING | Device not found in substitute_dict: 28375
2025-06-03 15:20:54 | WARNING | Device 33423 was not found.
2025-06-03 15:20:54 | WARNING | Device not found in substitute_dict: 33423
2025-06-03 15:20:56 | WARNING | Device 28386 was not found.
2025-06-03 15:20:56 | WARNING | Device not found in substitute_dict: 28386
2025-06-03 15:20:59 | WARNING | Device 29498 was not found.
2025-06-03 15:20:59 | WARNING | Device not found in substitute_dict: 29498
2025-06-03 15:20:59 | WARNING | Device 30080 was not found.
2025-06-03 15:20:59 | WARNING | Device not found in substitute_dict: 30080
2025-06-03 15:21:02 | WARNING | Device 36766 was not found.
2025-06-03 15:21:02 | WARNING | Device not found in substitute_dict: 36766
2025-06-03 15:21:03 | WARNING | Device 30688 was not found.
2025-06-03 15:21:03 | WARNING | Device not found in substitute_dict: 30688
2025-06-03 15:21:19 | WARNING | Device VR1UJZKXZKW134851 was not found.
2025-06-03 15:21:19 | WARNING | Device not found in substitute_dict: VR1UJZKXZKW134851
2025-06-03 15:21:21 | WARNING | Device pctesolate was not found.
2025-06-03 15:21:21 | WARNING | Device not found in substitute_dict: pctesolate
2025-06-03 15:21:46 | WARNING | Device 29720 was not found.
2025-06-03 15:21:50 | WARNING | Device 30634 was not found.
2025-06-03 15:21:52 | WARNING | Device 28375 was not found.
2025-06-03 15:21:52 | WARNING | Device not found in substitute_dict: 28375
2025-06-03 15:21:53 | WARNING | Device 33423 was not found.
2025-06-03 15:21:53 | WARNING | Device not found in substitute_dict: 33423
2025-06-03 15:21:55 | WARNING | Device 31093 was not found.
2025-06-03 15:21:56 | WARNING | Device 28386 was not found.
2025-06-03 15:21:56 | WARNING | Device not found in substitute_dict: 28386
2025-06-03 15:21:57 | WARNING | Device 29851 was not found.
2025-06-03 15:21:59 | WARNING | Device 29498 was not found.
2025-06-03 15:21:59 | WARNING | Device not found in substitute_dict: 29498
2025-06-03 15:21:59 | WARNING | Device 30080 was not found.
2025-06-03 15:21:59 | WARNING | Device not found in substitute_dict: 30080
2025-06-03 15:22:00 | WARNING | Device 29660 was not found.
2025-06-03 15:22:02 | WARNING | Device 36766 was not found.
2025-06-03 15:22:02 | WARNING | Device not found in substitute_dict: 36766
2025-06-03 15:22:03 | WARNING | Device 30688 was not found.
2025-06-03 15:22:03 | WARNING | Device not found in substitute_dict: 30688
2025-06-03 15:22:18 | WARNING | Device VR1UJZKXZKW134851 was not found.
2025-06-03 15:22:18 | WARNING | Device not found in substitute_dict: VR1UJZKXZKW134851
2025-06-03 15:22:20 | WARNING | Device pctesolate was not found.
2025-06-03 15:22:20 | WARNING | Device not found in substitute_dict: pctesolate
2025-06-03 15:22:46 | WARNING | Device 29720 was not found.
2025-06-03 15:22:46 | WARNING | Device 29725 was not found.
2025-06-03 15:22:49 | WARNING | Device 30634 was not found.
2025-06-03 15:22:49 | WARNING | Device 30642 was not found.
2025-06-03 15:22:52 | WARNING | Device 28375 was not found.
2025-06-03 15:22:52 | WARNING | Device not found in substitute_dict: 28375
2025-06-03 15:22:54 | WARNING | Device 33423 was not found.
2025-06-03 15:22:54 | WARNING | Device not found in substitute_dict: 33423
2025-06-03 15:22:56 | WARNING | Device 28386 was not found.
2025-06-03 15:22:56 | WARNING | Device not found in substitute_dict: 28386
2025-06-03 15:22:59 | WARNING | Device 29498 was not found.
2025-06-03 15:22:59 | WARNING | Device not found in substitute_dict: 29498
2025-06-03 15:22:59 | WARNING | Device 30080 was not found.
2025-06-03 15:22:59 | WARNING | Device not found in substitute_dict: 30080
2025-06-03 15:23:02 | WARNING | Device 36766 was not found.
2025-06-03 15:23:02 | WARNING | Device not found in substitute_dict: 36766
2025-06-03 15:23:03 | WARNING | Device 30688 was not found.
2025-06-03 15:23:03 | WARNING | Device not found in substitute_dict: 30688
2025-06-03 15:23:19 | WARNING | Device VR1UJZKXZKW134851 was not found.
2025-06-03 15:23:19 | WARNING | Device not found in substitute_dict: VR1UJZKXZKW134851
2025-06-03 15:23:20 | WARNING | Device pctesolate was not found.
2025-06-03 15:23:20 | WARNING | Device not found in substitute_dict: pctesolate
2025-06-03 15:23:46 | WARNING | Device 29725 was not found.
2025-06-03 15:23:50 | WARNING | Device 30642 was not found.
2025-06-03 15:23:51 | WARNING | Device 28375 was not found.
2025-06-03 15:23:51 | WARNING | Device not found in substitute_dict: 28375
2025-06-03 15:23:52 | WARNING | Device 33423 was not found.
2025-06-03 15:23:52 | WARNING | Device not found in substitute_dict: 33423
2025-06-03 15:23:55 | WARNING | Device 31093 was not found.
2025-06-03 15:23:56 | WARNING | Device 28386 was not found.
2025-06-03 15:23:56 | WARNING | Device not found in substitute_dict: 28386
2025-06-03 15:23:57 | WARNING | Device 29851 was not found.
2025-06-03 15:23:59 | WARNING | Device 29498 was not found.
2025-06-03 15:23:59 | WARNING | Device not found in substitute_dict: 29498
2025-06-03 15:23:59 | WARNING | Device 30080 was not found.
2025-06-03 15:23:59 | WARNING | Device not found in substitute_dict: 30080
2025-06-03 15:24:00 | WARNING | Device 29660 was not found.
2025-06-03 15:24:02 | WARNING | Device 36766 was not found.
2025-06-03 15:24:02 | WARNING | Device not found in substitute_dict: 36766
2025-06-03 15:24:03 | WARNING | Device 30688 was not found.
2025-06-03 15:24:03 | WARNING | Device not found in substitute_dict: 30688
2025-06-03 15:25:09 | ERROR | Accumulator: Thread R-H-07 encountered an error: Scheduler is not running
2025-06-03 15:25:10 | ERROR | Accumulator: Thread R-H-08 encountered an error: Scheduler is not running
2025-06-03 15:25:10 | ERROR | Accumulator: Thread R-H-12 encountered an error: Scheduler is not running
2025-06-03 15:25:10 | ERROR | Accumulator: Thread R-H-10 encountered an error: Scheduler is not running
2025-06-03 15:25:10 | ERROR | Accumulator: Thread R-H-03 encountered an error: Scheduler is not running
2025-06-03 15:25:11 | ERROR | Accumulator: Thread R-H-04 encountered an error: Scheduler is not running
2025-06-03 15:25:11 | ERROR | Accumulator: Thread R-H-05 encountered an error: Scheduler is not running
2025-06-03 15:25:11 | ERROR | Accumulator: Thread R-H-13 encountered an error: Scheduler is not running
2025-06-03 15:25:11 | ERROR | Accumulator: Thread R-H-15 encountered an error: Scheduler is not running
2025-06-03 15:25:12 | ERROR | Accumulator: Thread R-H-14 encountered an error: Scheduler is not running
2025-06-03 15:25:12 | ERROR | Accumulator: Thread R-H-09 encountered an error: Scheduler is not running
2025-06-03 15:26:01 | WARNING | Device pctesolate was not found.
2025-06-03 15:26:01 | WARNING | Device not found in substitute_dict: pctesolate
2025-06-03 15:26:40 | WARNING | Device 29720 was not found.
2025-06-03 15:26:40 | WARNING | Device not found in substitute_dict: 29720
2025-06-03 15:26:42 | WARNING | Device 30634 was not found.
2025-06-03 15:26:42 | WARNING | Device not found in substitute_dict: 30634
2025-06-03 15:26:44 | WARNING | Device 29658 was not found.
2025-06-03 15:26:44 | WARNING | Device not found in substitute_dict: 29658
2025-06-03 15:26:45 | WARNING | Device 31049 was not found.
2025-06-03 15:26:45 | WARNING | Device not found in substitute_dict: 31049
2025-06-03 15:26:46 | WARNING | Device 31093 was not found.
2025-06-03 15:26:46 | WARNING | Device not found in substitute_dict: 31093
2025-06-03 15:26:47 | WARNING | Device 29373 was not found.
2025-06-03 15:26:47 | WARNING | Device not found in substitute_dict: 29373
2025-06-03 15:26:48 | WARNING | Device 29851 was not found.
2025-06-03 15:26:48 | WARNING | Device not found in substitute_dict: 29851
2025-06-03 15:26:50 | WARNING | Device 29498 was not found.
2025-06-03 15:26:50 | WARNING | Device not found in substitute_dict: 29498
2025-06-03 15:26:50 | WARNING | Device 30080 was not found.
2025-06-03 15:26:50 | WARNING | Device not found in substitute_dict: 30080
2025-06-03 15:26:51 | WARNING | Device 29660 was not found.
2025-06-03 15:26:51 | WARNING | Device not found in substitute_dict: 29660
2025-06-03 15:26:52 | WARNING | Device 36769 was not found.
2025-06-03 15:26:52 | WARNING | Device not found in substitute_dict: 36769
2025-06-03 15:26:53 | WARNING | Device 30688 was not found.
2025-06-03 15:26:53 | WARNING | Device not found in substitute_dict: 30688
2025-06-03 15:26:56 | WARNING | Device 37208 was not found.
2025-06-03 15:26:56 | WARNING | Device not found in substitute_dict: 37208
2025-06-03 15:26:57 | WARNING | Device AC000001_1 was not found.
2025-06-03 15:26:57 | WARNING | Device AC000007_1 was not found.
2025-06-03 15:26:57 | WARNING | Device AC000013_1 was not found.
2025-06-03 15:26:57 | WARNING | Device AC000003_1 was not found.
2025-06-03 15:26:57 | WARNING | Device AC000006_1 was not found.
2025-06-03 15:26:57 | WARNING | Device AC000009_1 was not found.
2025-06-03 15:26:57 | WARNING | Device AC000012_1 was not found.
2025-06-03 15:26:57 | WARNING | Device ACEXT001_1 was not found.
2025-06-03 15:26:57 | WARNING | Device ACEXT003_1 was not found.
2025-06-03 15:26:59 | WARNING | Device VR1UJZKXZKW134851 was not found.
2025-06-03 15:26:59 | WARNING | Device not found in substitute_dict: VR1UJZKXZKW134851
2025-06-03 15:27:01 | WARNING | Device pctesolate was not found.
2025-06-03 15:27:01 | WARNING | Device not found in substitute_dict: pctesolate
2025-06-03 15:29:55 | WARNING | Device pctesolate was not found.
2025-06-03 15:29:55 | WARNING | Device not found in substitute_dict: pctesolate
2025-06-03 15:30:00 | WARNING | Device 30634 was not found.
2025-06-03 15:30:00 | WARNING | Device not found in substitute_dict: 30634
2025-06-03 15:30:00 | WARNING | Device 30642 was not found.
2025-06-03 15:30:00 | WARNING | Device not found in substitute_dict: 30642
2025-06-03 15:30:17 | WARNING | Device 29658 was not found.
2025-06-03 15:30:17 | WARNING | Device not found in substitute_dict: 29658
2025-06-03 15:30:28 | WARNING | Device 31049 was not found.
2025-06-03 15:30:28 | WARNING | Device not found in substitute_dict: 31049
2025-06-03 15:30:37 | WARNING | Device 31093 was not found.
2025-06-03 15:30:37 | WARNING | Device not found in substitute_dict: 31093
2025-06-03 15:30:39 | WARNING | Device 29720 was not found.
2025-06-03 15:30:39 | WARNING | Device not found in substitute_dict: 29720
2025-06-03 15:30:39 | WARNING | Device 29725 was not found.
2025-06-03 15:30:40 | WARNING | Device 29373 was not found.
2025-06-03 15:30:40 | WARNING | Device not found in substitute_dict: 29373
2025-06-03 15:30:43 | WARNING | Device 29851 was not found.
2025-06-03 15:30:43 | WARNING | Device not found in substitute_dict: 29851
2025-06-03 15:30:45 | WARNING | Device 29498 was not found.
2025-06-03 15:30:45 | WARNING | Device not found in substitute_dict: 29498
2025-06-03 15:30:45 | WARNING | Device 30080 was not found.
2025-06-03 15:30:45 | WARNING | Device not found in substitute_dict: 30080
2025-06-03 15:30:46 | WARNING | Device 29660 was not found.
2025-06-03 15:30:46 | WARNING | Device not found in substitute_dict: 29660
2025-06-03 15:30:48 | WARNING | Device 36769 was not found.
2025-06-03 15:30:48 | WARNING | Device not found in substitute_dict: 36769
2025-06-03 15:30:49 | WARNING | Device 30688 was not found.
2025-06-03 15:30:49 | WARNING | Device not found in substitute_dict: 30688
2025-06-03 15:30:50 | WARNING | Device 28387 was not found.
2025-06-03 15:30:51 | WARNING | Device 37208 was not found.
2025-06-03 15:30:51 | WARNING | Device not found in substitute_dict: 37208
2025-06-03 15:30:53 | WARNING | Device AC000001_1 was not found.
2025-06-03 15:30:53 | WARNING | Device AC000007_1 was not found.
2025-06-03 15:30:53 | WARNING | Device AC000013_1 was not found.
2025-06-03 15:30:53 | WARNING | Device AC000003_1 was not found.
2025-06-03 15:30:53 | WARNING | Device AC000006_1 was not found.
2025-06-03 15:30:53 | WARNING | Device AC000009_1 was not found.
2025-06-03 15:30:53 | WARNING | Device AC000012_1 was not found.
2025-06-03 15:30:53 | WARNING | Device ACEXT001_1 was not found.
2025-06-03 15:30:53 | WARNING | Device ACEXT003_1 was not found.
2025-06-03 15:30:54 | WARNING | Device VR1UJZKXZKW134851 was not found.
2025-06-03 15:30:54 | WARNING | Device not found in substitute_dict: VR1UJZKXZKW134851
2025-06-03 15:30:55 | WARNING | Device pctesolate was not found.
2025-06-03 15:30:55 | WARNING | Device not found in substitute_dict: pctesolate
2025-06-03 15:31:00 | WARNING | Device 30634 was not found.
2025-06-03 15:31:00 | WARNING | Device not found in substitute_dict: 30634
2025-06-03 15:31:17 | WARNING | Device 28375 was not found.
2025-06-03 15:33:09 | ERROR | Accumulator: Thread R-H-15 encountered an error: Scheduler is not running
2025-06-03 15:34:19 | ERROR | Accumulator: Thread R-H-07 encountered an error: Scheduler is not running
2025-06-03 15:34:19 | ERROR | Accumulator: Thread R-H-04 encountered an error: Scheduler is not running
2025-06-03 15:34:19 | ERROR | Accumulator: Thread R-H-12 encountered an error: Scheduler is not running
2025-06-03 15:34:19 | ERROR | Accumulator: Thread R-H-13 encountered an error: Scheduler is not running
2025-06-03 15:34:19 | ERROR | Accumulator: Thread R-H-10 encountered an error: Scheduler is not running
2025-06-03 15:34:19 | ERROR | Accumulator: Thread R-H-05 encountered an error: Scheduler is not running
2025-06-03 15:34:19 | ERROR | Accumulator: Thread R-H-14 encountered an error: Scheduler is not running
2025-06-03 15:38:14 | ERROR | PCReceiver: Thread H-03-G lost connection, attempting to reconnect...
2025-06-03 15:38:15 | ERROR | Accumulator: Thread R-H-01 encountered an error: Scheduler is not running
2025-06-03 15:38:17 | ERROR | Accumulator: Thread R-H-03 encountered an error: Scheduler is not running
2025-06-03 15:38:18 | ERROR | PCReceiver: Thread ana-house lost connection, attempting to reconnect...
2025-06-03 15:38:19 | ERROR | PCReceiver: Thread H-03-G lost connection, attempting to reconnect...
2025-06-03 15:38:25 | ERROR | PCReceiver: Thread H-03-G lost connection, attempting to reconnect...
2025-06-03 15:38:26 | ERROR | PCReceiver: Thread ana-house lost connection, attempting to reconnect...
2025-06-03 15:38:31 | ERROR | PCReceiver: Thread ana-house lost connection, attempting to reconnect...
2025-06-03 15:39:16 | ERROR | Accumulator: Thread R-H-08 encountered an error: Scheduler is not running
2025-06-03 15:39:41 | WARNING | Device pctesolate was not found.
2025-06-03 15:39:41 | WARNING | Device not found in substitute_dict: pctesolate
2025-06-03 15:39:45 | WARNING | Device 29720 was not found.
2025-06-03 15:39:45 | WARNING | Device not found in substitute_dict: 29720
2025-06-03 15:39:53 | WARNING | Device 28387 was not found.
2025-06-03 15:39:53 | WARNING | Device not found in substitute_dict: 28387
2025-06-03 15:39:56 | WARNING | Device 30642 was not found.
2025-06-03 15:39:56 | WARNING | Device not found in substitute_dict: 30642
2025-06-03 15:40:06 | WARNING | Device 29658 was not found.
2025-06-03 15:40:06 | WARNING | Device not found in substitute_dict: 29658
2025-06-03 15:40:12 | WARNING | Device 31049 was not found.
2025-06-03 15:40:12 | WARNING | Device not found in substitute_dict: 31049
2025-06-03 15:40:16 | WARNING | Device 31093 was not found.
2025-06-03 15:40:16 | WARNING | Device not found in substitute_dict: 31093
2025-06-03 15:40:20 | WARNING | Device 29373 was not found.
2025-06-03 15:40:20 | WARNING | Device not found in substitute_dict: 29373
2025-06-03 15:40:22 | WARNING | Device 29851 was not found.
2025-06-03 15:40:22 | WARNING | Device not found in substitute_dict: 29851
2025-06-03 15:40:24 | WARNING | Device 29498 was not found.
2025-06-03 15:40:24 | WARNING | Device not found in substitute_dict: 29498
2025-06-03 15:40:24 | WARNING | Device 30080 was not found.
2025-06-03 15:40:24 | WARNING | Device not found in substitute_dict: 30080
2025-06-03 15:40:26 | WARNING | Device 29660 was not found.
2025-06-03 15:40:26 | WARNING | Device not found in substitute_dict: 29660
2025-06-03 15:40:28 | WARNING | Device 36769 was not found.
2025-06-03 15:40:28 | WARNING | Device not found in substitute_dict: 36769
2025-06-03 15:40:29 | WARNING | Device 30688 was not found.
2025-06-03 15:40:29 | WARNING | Device not found in substitute_dict: 30688
2025-06-03 15:40:33 | WARNING | Device 35927 was not found.
2025-06-03 15:40:35 | WARNING | Device 37214 was not found.
2025-06-03 15:40:35 | WARNING | Device not found in substitute_dict: 37214
2025-06-03 15:40:37 | WARNING | Device AC000001_1 was not found.
2025-06-03 15:40:37 | WARNING | Device AC000004_1 was not found.
2025-06-03 15:40:37 | WARNING | Device AC000007_1 was not found.
2025-06-03 15:40:37 | WARNING | Device AC000010_1 was not found.
2025-06-03 15:40:37 | WARNING | Device AC000013_1 was not found.
2025-06-03 15:40:37 | WARNING | Device AC000002_1 was not found.
2025-06-03 15:40:37 | WARNING | Device AC000003_1 was not found.
2025-06-03 15:40:37 | WARNING | Device AC000005_1 was not found.
2025-06-03 15:40:37 | WARNING | Device AC000006_1 was not found.
2025-06-03 15:40:37 | WARNING | Device AC000008_1 was not found.
2025-06-03 15:40:37 | WARNING | Device AC000009_1 was not found.
2025-06-03 15:40:37 | WARNING | Device AC000011_1 was not found.
2025-06-03 15:40:37 | WARNING | Device AC000012_1 was not found.
2025-06-03 15:40:37 | WARNING | Device AC000014_1 was not found.
2025-06-03 15:40:37 | WARNING | Device ACEXT001_1 was not found.
2025-06-03 15:40:37 | WARNING | Device ACEXT002_1 was not found.
2025-06-03 15:40:37 | WARNING | Device ACEXT003_1 was not found.
2025-06-03 15:40:37 | WARNING | Device ACEXT004_1 was not found.
2025-06-03 15:40:39 | WARNING | Device VR1UJZKXZKW134851 was not found.
2025-06-03 15:40:39 | WARNING | Device not found in substitute_dict: VR1UJZKXZKW134851
2025-06-03 15:40:41 | WARNING | Device pctesolate was not found.
2025-06-03 15:40:41 | WARNING | Device not found in substitute_dict: pctesolate
2025-06-03 15:40:45 | WARNING | Device 29720 was not found.
2025-06-03 15:40:45 | WARNING | Device not found in substitute_dict: 29720
2025-06-03 15:40:57 | WARNING | Device 30634 was not found.
2025-06-03 15:41:06 | WARNING | Device 28375 was not found.
2025-06-03 15:41:12 | WARNING | Device 33423 was not found.
2025-06-03 15:42:00 | ERROR | PCReceiver: Thread ana-house lost connection, attempting to reconnect...
2025-06-03 15:42:07 | ERROR | PCReceiver: Thread H-03-G lost connection, attempting to reconnect...
2025-06-03 15:42:08 | ERROR | PCReceiver: Thread ana-house lost connection, attempting to reconnect...
2025-06-03 15:42:12 | ERROR | PCReceiver: Thread H-03-G lost connection, attempting to reconnect...
2025-06-03 15:42:14 | ERROR | PCReceiver: Thread ana-house lost connection, attempting to reconnect...
2025-06-03 15:42:17 | ERROR | PCReceiver: Thread H-03-G lost connection, attempting to reconnect...
2025-06-03 15:43:00 | WARNING | Device pctesolate was not found.
2025-06-03 15:43:00 | WARNING | Device not found in substitute_dict: pctesolate
2025-06-03 15:43:31 | WARNING | Device 29720 was not found.
2025-06-03 15:43:31 | WARNING | Device not found in substitute_dict: 29720
2025-06-03 15:43:33 | WARNING | Device 28387 was not found.
2025-06-03 15:43:33 | WARNING | Device not found in substitute_dict: 28387
2025-06-03 15:43:34 | WARNING | Device 30642 was not found.
2025-06-03 15:43:34 | WARNING | Device not found in substitute_dict: 30642
2025-06-03 15:43:36 | WARNING | Device 29658 was not found.
2025-06-03 15:43:36 | WARNING | Device not found in substitute_dict: 29658
2025-06-03 15:43:39 | WARNING | Device 31049 was not found.
2025-06-03 15:43:39 | WARNING | Device not found in substitute_dict: 31049
2025-06-03 15:43:41 | WARNING | Device 31093 was not found.
2025-06-03 15:43:41 | WARNING | Device not found in substitute_dict: 31093
2025-06-03 15:43:42 | WARNING | Device 29373 was not found.
2025-06-03 15:43:42 | WARNING | Device not found in substitute_dict: 29373
2025-06-03 15:43:44 | WARNING | Device 29851 was not found.
2025-06-03 15:43:44 | WARNING | Device not found in substitute_dict: 29851
2025-06-03 15:43:45 | WARNING | Device 29498 was not found.
2025-06-03 15:43:45 | WARNING | Device not found in substitute_dict: 29498
2025-06-03 15:43:45 | WARNING | Device 30080 was not found.
2025-06-03 15:43:45 | WARNING | Device not found in substitute_dict: 30080
2025-06-03 15:43:47 | WARNING | Device 29660 was not found.
2025-06-03 15:43:47 | WARNING | Device not found in substitute_dict: 29660
2025-06-03 15:43:48 | WARNING | Device 36769 was not found.
2025-06-03 15:43:48 | WARNING | Device not found in substitute_dict: 36769
2025-06-03 15:43:50 | WARNING | Device 30688 was not found.
2025-06-03 15:43:50 | WARNING | Device not found in substitute_dict: 30688
2025-06-03 15:43:52 | WARNING | Device 35927 was not found.
2025-06-03 15:43:54 | WARNING | Device 37214 was not found.
2025-06-03 15:43:54 | WARNING | Device not found in substitute_dict: 37214
2025-06-03 15:43:56 | WARNING | Device AC000001_1 was not found.
2025-06-03 15:43:56 | WARNING | Device AC000004_1 was not found.
2025-06-03 15:43:56 | WARNING | Device AC000007_1 was not found.
2025-06-03 15:43:56 | WARNING | Device AC000010_1 was not found.
2025-06-03 15:43:56 | WARNING | Device AC000013_1 was not found.
2025-06-03 15:43:56 | WARNING | Device AC000002_1 was not found.
2025-06-03 15:43:56 | WARNING | Device AC000003_1 was not found.
2025-06-03 15:43:56 | WARNING | Device AC000005_1 was not found.
2025-06-03 15:43:56 | WARNING | Device AC000006_1 was not found.
2025-06-03 15:43:56 | WARNING | Device AC000008_1 was not found.
2025-06-03 15:43:56 | WARNING | Device AC000009_1 was not found.
2025-06-03 15:43:56 | WARNING | Device AC000011_1 was not found.
2025-06-03 15:43:56 | WARNING | Device AC000012_1 was not found.
2025-06-03 15:43:56 | WARNING | Device AC000014_1 was not found.
2025-06-03 15:43:56 | WARNING | Device ACEXT001_1 was not found.
2025-06-03 15:43:56 | WARNING | Device ACEXT002_1 was not found.
2025-06-03 15:43:56 | WARNING | Device ACEXT003_1 was not found.
2025-06-03 15:43:56 | WARNING | Device ACEXT004_1 was not found.
2025-06-03 15:43:58 | WARNING | Device VR1UJZKXZKW134851 was not found.
2025-06-03 15:43:58 | WARNING | Device not found in substitute_dict: VR1UJZKXZKW134851
2025-06-03 15:44:00 | WARNING | Device pctesolate was not found.
2025-06-03 15:44:00 | WARNING | Device not found in substitute_dict: pctesolate
2025-06-03 15:44:31 | WARNING | Device 29720 was not found.
2025-06-03 15:44:31 | WARNING | Device not found in substitute_dict: 29720
2025-06-03 15:44:34 | WARNING | Device 30634 was not found.
2025-06-03 15:44:37 | WARNING | Device 28375 was not found.
2025-06-03 15:44:38 | WARNING | Device 33423 was not found.
2025-06-03 15:44:42 | WARNING | Device 28386 was not found.
2025-06-03 15:44:45 | WARNING | Device 29498 was not found.
2025-06-03 15:44:45 | WARNING | Device not found in substitute_dict: 29498
2025-06-03 15:44:45 | WARNING | Device 30080 was not found.
2025-06-03 15:44:45 | WARNING | Device not found in substitute_dict: 30080
2025-06-03 15:44:48 | WARNING | Device 36766 was not found.
2025-06-03 15:44:50 | WARNING | Device 30688 was not found.
2025-06-03 15:44:50 | WARNING | Device not found in substitute_dict: 30688
2025-06-03 15:44:52 | WARNING | Device 33682 was not found.
2025-06-03 15:44:52 | WARNING | Device 33711 was not found.
2025-06-03 15:44:54 | WARNING | Device 37208 was not found.
2025-06-03 15:44:56 | WARNING | Device AC000001_1 was not found.
2025-06-03 15:44:56 | WARNING | Device AC000004_1 was not found.
2025-06-03 15:44:56 | WARNING | Device AC000007_1 was not found.
2025-06-03 15:44:56 | WARNING | Device AC000010_1 was not found.
2025-06-03 15:44:56 | WARNING | Device AC000013_1 was not found.
2025-06-03 15:44:56 | WARNING | Device AC000002_1 was not found.
2025-06-03 15:44:56 | WARNING | Device AC000003_1 was not found.
2025-06-03 15:44:56 | WARNING | Device AC000005_1 was not found.
2025-06-03 15:44:56 | WARNING | Device AC000006_1 was not found.
2025-06-03 15:44:56 | WARNING | Device AC000008_1 was not found.
2025-06-03 15:44:56 | WARNING | Device AC000009_1 was not found.
2025-06-03 15:44:56 | WARNING | Device AC000011_1 was not found.
2025-06-03 15:44:56 | WARNING | Device AC000012_1 was not found.
2025-06-03 15:44:56 | WARNING | Device AC000014_1 was not found.
2025-06-03 15:44:56 | WARNING | Device ACEXT001_1 was not found.
2025-06-03 15:44:56 | WARNING | Device ACEXT002_1 was not found.
2025-06-03 15:44:56 | WARNING | Device ACEXT003_1 was not found.
2025-06-03 15:44:56 | WARNING | Device ACEXT004_1 was not found.
2025-06-03 15:44:58 | WARNING | Device VR1UJZKXZKW134851 was not found.
2025-06-03 15:44:58 | WARNING | Device not found in substitute_dict: VR1UJZKXZKW134851
2025-06-03 15:45:00 | WARNING | Device pctesolate was not found.
2025-06-03 15:45:00 | WARNING | Device not found in substitute_dict: pctesolate
2025-06-03 15:45:31 | WARNING | Device 29720 was not found.
2025-06-03 15:45:31 | WARNING | Device not found in substitute_dict: 29720
2025-06-03 15:45:33 | WARNING | Device 28387 was not found.
2025-06-03 15:45:34 | WARNING | Device 30634 was not found.
2025-06-03 15:45:34 | WARNING | Device 30642 was not found.
2025-06-03 15:45:37 | WARNING | Device 28375 was not found.
2025-06-03 15:45:37 | WARNING | Device 29658 was not found.
2025-06-03 15:45:39 | WARNING | Device 33423 was not found.
2025-06-03 15:45:39 | WARNING | Device 31049 was not found.
2025-06-03 15:45:41 | WARNING | Device 31093 was not found.
2025-06-03 15:45:41 | WARNING | Device 28386 was not found.
2025-06-03 15:45:41 | WARNING | Device 29373 was not found.
2025-06-03 15:45:44 | WARNING | Device 29851 was not found.
2025-06-03 15:45:45 | WARNING | Device 29498 was not found.
2025-06-03 15:45:45 | WARNING | Device not found in substitute_dict: 29498
2025-06-03 15:45:45 | WARNING | Device 30080 was not found.
2025-06-03 15:45:45 | WARNING | Device not found in substitute_dict: 30080
2025-06-03 15:45:47 | WARNING | Device 29660 was not found.
2025-06-03 15:45:48 | WARNING | Device 36766 was not found.
2025-06-03 15:45:48 | WARNING | Device 36769 was not found.
2025-06-03 15:45:50 | WARNING | Device 30688 was not found.
2025-06-03 15:45:50 | WARNING | Device not found in substitute_dict: 30688
2025-06-03 15:45:52 | WARNING | Device 35927 was not found.
2025-06-03 15:45:54 | WARNING | Device 37208 was not found.
2025-06-03 15:45:54 | WARNING | Device 37214 was not found.
2025-06-03 15:45:56 | WARNING | Device AC000001_1 was not found.
2025-06-03 15:45:56 | WARNING | Device AC000004_1 was not found.
2025-06-03 15:45:56 | WARNING | Device AC000007_1 was not found.
2025-06-03 15:45:56 | WARNING | Device AC000010_1 was not found.
2025-06-03 15:45:56 | WARNING | Device AC000013_1 was not found.
2025-06-03 15:45:56 | WARNING | Device AC000002_1 was not found.
2025-06-03 15:45:56 | WARNING | Device AC000003_1 was not found.
2025-06-03 15:45:56 | WARNING | Device AC000005_1 was not found.
2025-06-03 15:45:56 | WARNING | Device AC000006_1 was not found.
2025-06-03 15:45:56 | WARNING | Device AC000008_1 was not found.
2025-06-03 15:45:56 | WARNING | Device AC000009_1 was not found.
2025-06-03 15:45:56 | WARNING | Device AC000011_1 was not found.
2025-06-03 15:45:56 | WARNING | Device AC000012_1 was not found.
2025-06-03 15:45:56 | WARNING | Device AC000014_1 was not found.
2025-06-03 15:45:56 | WARNING | Device ACEXT001_1 was not found.
2025-06-03 15:45:56 | WARNING | Device ACEXT002_1 was not found.
2025-06-03 15:45:56 | WARNING | Device ACEXT003_1 was not found.
2025-06-03 15:45:56 | WARNING | Device ACEXT004_1 was not found.
2025-06-03 15:45:58 | WARNING | Device VR1UJZKXZKW134851 was not found.
2025-06-03 15:45:58 | WARNING | Device not found in substitute_dict: VR1UJZKXZKW134851
2025-06-03 15:46:00 | WARNING | Device pctesolate was not found.
2025-06-03 15:46:00 | WARNING | Device not found in substitute_dict: pctesolate
2025-06-03 15:46:31 | WARNING | Device 29720 was not found.
2025-06-03 15:46:31 | WARNING | Device not found in substitute_dict: 29720
2025-06-03 15:46:33 | WARNING | Device 28387 was not found.
2025-06-03 15:46:34 | WARNING | Device 30642 was not found.
2025-06-03 15:46:37 | WARNING | Device 29658 was not found.
2025-06-03 15:46:39 | WARNING | Device 31049 was not found.
2025-06-03 15:46:41 | WARNING | Device 31093 was not found.
2025-06-03 15:46:42 | WARNING | Device 29373 was not found.
2025-06-03 15:46:43 | WARNING | Device 29851 was not found.
2025-06-03 15:46:45 | WARNING | Device 29498 was not found.
2025-06-03 15:46:45 | WARNING | Device not found in substitute_dict: 29498
2025-06-03 15:46:45 | WARNING | Device 30080 was not found.
2025-06-03 15:46:45 | WARNING | Device not found in substitute_dict: 30080
2025-06-03 15:46:47 | WARNING | Device 29660 was not found.
2025-06-03 15:46:48 | WARNING | Device 36769 was not found.
2025-06-03 15:46:50 | WARNING | Device 30688 was not found.
2025-06-03 15:46:50 | WARNING | Device not found in substitute_dict: 30688
2025-06-03 15:46:52 | WARNING | Device 33682 was not found.
2025-06-03 15:46:52 | WARNING | Device 33711 was not found.
2025-06-03 15:46:54 | WARNING | Device 37214 was not found.
2025-06-03 15:46:56 | WARNING | Device AC000001_1 was not found.
2025-06-03 15:46:56 | WARNING | Device AC000004_1 was not found.
2025-06-03 15:46:56 | WARNING | Device AC000007_1 was not found.
2025-06-03 15:46:56 | WARNING | Device AC000010_1 was not found.
2025-06-03 15:46:56 | WARNING | Device AC000013_1 was not found.
2025-06-03 15:46:56 | WARNING | Device AC000002_1 was not found.
2025-06-03 15:46:56 | WARNING | Device AC000003_1 was not found.
2025-06-03 15:46:56 | WARNING | Device AC000005_1 was not found.
2025-06-03 15:46:56 | WARNING | Device AC000006_1 was not found.
2025-06-03 15:46:56 | WARNING | Device AC000008_1 was not found.
2025-06-03 15:46:56 | WARNING | Device AC000009_1 was not found.
2025-06-03 15:46:56 | WARNING | Device AC000011_1 was not found.
2025-06-03 15:46:56 | WARNING | Device AC000012_1 was not found.
2025-06-03 15:46:56 | WARNING | Device AC000014_1 was not found.
2025-06-03 15:46:56 | WARNING | Device ACEXT001_1 was not found.
2025-06-03 15:46:56 | WARNING | Device ACEXT002_1 was not found.
2025-06-03 15:46:56 | WARNING | Device ACEXT003_1 was not found.
2025-06-03 15:46:56 | WARNING | Device ACEXT004_1 was not found.
2025-06-03 15:46:58 | WARNING | Device VR1UJZKXZKW134851 was not found.
2025-06-03 15:46:58 | WARNING | Device not found in substitute_dict: VR1UJZKXZKW134851
2025-06-03 15:47:00 | WARNING | Device pctesolate was not found.
2025-06-03 15:47:00 | WARNING | Device not found in substitute_dict: pctesolate
2025-06-03 15:47:31 | WARNING | Device 29720 was not found.
2025-06-03 15:47:31 | WARNING | Device not found in substitute_dict: 29720
2025-06-03 15:47:34 | WARNING | Device 30634 was not found.
2025-06-03 15:47:37 | WARNING | Device 28375 was not found.
2025-06-03 15:47:39 | WARNING | Device 33423 was not found.
2025-06-03 15:47:42 | WARNING | Device 28386 was not found.
2025-06-03 15:47:45 | WARNING | Device 29498 was not found.
2025-06-03 15:47:45 | WARNING | Device not found in substitute_dict: 29498
2025-06-03 15:47:45 | WARNING | Device 30080 was not found.
2025-06-03 15:47:45 | WARNING | Device not found in substitute_dict: 30080
2025-06-03 15:47:48 | WARNING | Device 36766 was not found.
2025-06-03 15:47:50 | WARNING | Device 30688 was not found.
2025-06-03 15:47:50 | WARNING | Device not found in substitute_dict: 30688
2025-06-03 15:47:52 | WARNING | Device 35927 was not found.
2025-06-03 15:47:54 | WARNING | Device 37208 was not found.
2025-06-03 15:47:56 | WARNING | Device AC000001_1 was not found.
2025-06-03 15:47:56 | WARNING | Device AC000004_1 was not found.
2025-06-03 15:47:56 | WARNING | Device AC000007_1 was not found.
2025-06-03 15:47:56 | WARNING | Device AC000010_1 was not found.
2025-06-03 15:47:56 | WARNING | Device AC000013_1 was not found.
2025-06-03 15:47:56 | WARNING | Device AC000002_1 was not found.
2025-06-03 15:47:56 | WARNING | Device AC000003_1 was not found.
2025-06-03 15:47:56 | WARNING | Device AC000005_1 was not found.
2025-06-03 15:47:56 | WARNING | Device AC000006_1 was not found.
2025-06-03 15:47:56 | WARNING | Device AC000008_1 was not found.
2025-06-03 15:47:56 | WARNING | Device AC000009_1 was not found.
2025-06-03 15:47:56 | WARNING | Device AC000011_1 was not found.
2025-06-03 15:47:56 | WARNING | Device AC000012_1 was not found.
2025-06-03 15:47:56 | WARNING | Device AC000014_1 was not found.
2025-06-03 15:47:56 | WARNING | Device ACEXT001_1 was not found.
2025-06-03 15:47:56 | WARNING | Device ACEXT002_1 was not found.
2025-06-03 15:47:56 | WARNING | Device ACEXT003_1 was not found.
2025-06-03 15:47:56 | WARNING | Device ACEXT004_1 was not found.
2025-06-03 15:47:58 | WARNING | Device VR1UJZKXZKW134851 was not found.
2025-06-03 15:47:58 | WARNING | Device not found in substitute_dict: VR1UJZKXZKW134851
2025-06-03 15:48:00 | WARNING | Device pctesolate was not found.
2025-06-03 15:48:00 | WARNING | Device not found in substitute_dict: pctesolate
2025-06-03 15:48:31 | WARNING | Device 29720 was not found.
2025-06-03 15:48:31 | WARNING | Device not found in substitute_dict: 29720
2025-06-03 15:48:33 | WARNING | Device 28387 was not found.
2025-06-03 15:48:35 | WARNING | Device 30634 was not found.
2025-06-03 15:48:35 | WARNING | Device 30642 was not found.
2025-06-03 15:48:37 | WARNING | Device 28375 was not found.
2025-06-03 15:48:37 | WARNING | Device 29658 was not found.
2025-06-03 15:48:39 | WARNING | Device 33423 was not found.
2025-06-03 15:48:39 | WARNING | Device 31049 was not found.
2025-06-03 15:48:41 | WARNING | Device 31093 was not found.
2025-06-03 15:48:42 | WARNING | Device 28386 was not found.
2025-06-03 15:48:42 | WARNING | Device 29373 was not found.
2025-06-03 15:48:44 | WARNING | Device 29851 was not found.
2025-06-03 15:48:45 | WARNING | Device 29498 was not found.
2025-06-03 15:48:45 | WARNING | Device not found in substitute_dict: 29498
2025-06-03 15:48:45 | WARNING | Device 30080 was not found.
2025-06-03 15:48:45 | WARNING | Device not found in substitute_dict: 30080
2025-06-03 15:48:47 | WARNING | Device 29660 was not found.
2025-06-03 15:48:47 | WARNING | Device 36766 was not found.
2025-06-03 15:48:47 | WARNING | Device 36769 was not found.
2025-06-03 15:48:49 | WARNING | Device 30688 was not found.
2025-06-03 15:48:49 | WARNING | Device not found in substitute_dict: 30688
2025-06-03 15:48:52 | WARNING | Device 33682 was not found.
2025-06-03 15:48:52 | WARNING | Device 33711 was not found.
2025-06-03 15:48:54 | WARNING | Device 37208 was not found.
2025-06-03 15:48:54 | WARNING | Device 37214 was not found.
2025-06-03 15:48:56 | WARNING | Device AC000001_1 was not found.
2025-06-03 15:48:56 | WARNING | Device AC000004_1 was not found.
2025-06-03 15:48:56 | WARNING | Device AC000007_1 was not found.
2025-06-03 15:48:56 | WARNING | Device AC000010_1 was not found.
2025-06-03 15:48:56 | WARNING | Device AC000013_1 was not found.
2025-06-03 15:48:56 | WARNING | Device AC000002_1 was not found.
2025-06-03 15:48:56 | WARNING | Device AC000003_1 was not found.
2025-06-03 15:48:56 | WARNING | Device AC000005_1 was not found.
2025-06-03 15:48:56 | WARNING | Device AC000006_1 was not found.
2025-06-03 15:48:56 | WARNING | Device AC000008_1 was not found.
2025-06-03 15:48:56 | WARNING | Device AC000009_1 was not found.
2025-06-03 15:48:56 | WARNING | Device AC000011_1 was not found.
2025-06-03 15:48:56 | WARNING | Device AC000012_1 was not found.
2025-06-03 15:48:56 | WARNING | Device AC000014_1 was not found.
2025-06-03 15:48:56 | WARNING | Device ACEXT001_1 was not found.
2025-06-03 15:48:56 | WARNING | Device ACEXT002_1 was not found.
2025-06-03 15:48:56 | WARNING | Device ACEXT003_1 was not found.
2025-06-03 15:48:56 | WARNING | Device ACEXT004_1 was not found.
2025-06-03 15:48:58 | WARNING | Device VR1UJZKXZKW134851 was not found.
2025-06-03 15:48:58 | WARNING | Device not found in substitute_dict: VR1UJZKXZKW134851
2025-06-03 15:49:00 | WARNING | Device pctesolate was not found.
2025-06-03 15:49:00 | WARNING | Device not found in substitute_dict: pctesolate
2025-06-03 15:49:31 | WARNING | Device 29720 was not found.
2025-06-03 15:49:31 | WARNING | Device not found in substitute_dict: 29720
2025-06-03 15:49:33 | WARNING | Device 28387 was not found.
2025-06-03 15:49:35 | WARNING | Device 30642 was not found.
2025-06-03 15:49:37 | WARNING | Device 29658 was not found.
2025-06-03 15:49:39 | WARNING | Device 31049 was not found.
2025-06-03 15:49:41 | WARNING | Device 31093 was not found.
2025-06-03 15:49:42 | WARNING | Device 29373 was not found.
2025-06-03 15:49:44 | WARNING | Device 29851 was not found.
2025-06-03 15:49:45 | WARNING | Device 29498 was not found.
2025-06-03 15:49:45 | WARNING | Device not found in substitute_dict: 29498
2025-06-03 15:49:45 | WARNING | Device 30080 was not found.
2025-06-03 15:49:45 | WARNING | Device not found in substitute_dict: 30080
2025-06-03 15:49:47 | WARNING | Device 29660 was not found.
2025-06-03 15:49:49 | WARNING | Device 36769 was not found.
2025-06-03 15:49:50 | WARNING | Device 30688 was not found.
2025-06-03 15:49:50 | WARNING | Device not found in substitute_dict: 30688
2025-06-03 15:49:50 | WARNING | Device 35927 was not found.
2025-06-03 15:49:53 | WARNING | Device 37214 was not found.
2025-06-03 15:49:55 | WARNING | Device AC000001_1 was not found.
2025-06-03 15:49:55 | WARNING | Device AC000004_1 was not found.
2025-06-03 15:49:55 | WARNING | Device AC000007_1 was not found.
2025-06-03 15:49:55 | WARNING | Device AC000010_1 was not found.
2025-06-03 15:49:55 | WARNING | Device AC000013_1 was not found.
2025-06-03 15:49:55 | WARNING | Device AC000002_1 was not found.
2025-06-03 15:49:55 | WARNING | Device AC000003_1 was not found.
2025-06-03 15:49:55 | WARNING | Device AC000005_1 was not found.
2025-06-03 15:49:55 | WARNING | Device AC000006_1 was not found.
2025-06-03 15:49:55 | WARNING | Device AC000008_1 was not found.
2025-06-03 15:49:55 | WARNING | Device AC000009_1 was not found.
2025-06-03 15:49:55 | WARNING | Device AC000011_1 was not found.
2025-06-03 15:49:55 | WARNING | Device AC000012_1 was not found.
2025-06-03 15:49:55 | WARNING | Device AC000014_1 was not found.
2025-06-03 15:49:55 | WARNING | Device ACEXT001_1 was not found.
2025-06-03 15:49:55 | WARNING | Device ACEXT002_1 was not found.
2025-06-03 15:49:55 | WARNING | Device ACEXT003_1 was not found.
2025-06-03 15:49:55 | WARNING | Device ACEXT004_1 was not found.
2025-06-03 15:49:57 | WARNING | Device VR1UJZKXZKW134851 was not found.
2025-06-03 15:49:57 | WARNING | Device not found in substitute_dict: VR1UJZKXZKW134851
2025-06-03 15:49:59 | WARNING | Device pctesolate was not found.
2025-06-03 15:49:59 | WARNING | Device not found in substitute_dict: pctesolate
2025-06-03 15:50:25 | ERROR | PCReceiver: Thread H-03-G lost connection, attempting to reconnect...
2025-06-03 15:50:27 | ERROR | PCReceiver: Thread ana-house lost connection, attempting to reconnect...
2025-06-03 15:50:31 | WARNING | Device 29720 was not found.
2025-06-03 15:50:31 | WARNING | Device not found in substitute_dict: 29720
2025-06-03 15:50:34 | WARNING | Device 30634 was not found.
2025-06-03 15:50:37 | WARNING | Device 28375 was not found.
2025-06-03 15:50:39 | WARNING | Device 33423 was not found.
2025-06-03 15:50:42 | WARNING | Device 28386 was not found.
2025-06-03 15:50:45 | WARNING | Device 29498 was not found.
2025-06-03 15:50:45 | WARNING | Device not found in substitute_dict: 29498
2025-06-03 15:50:45 | WARNING | Device 30080 was not found.
2025-06-03 15:50:45 | WARNING | Device not found in substitute_dict: 30080
2025-06-03 15:50:48 | WARNING | Device 36766 was not found.
2025-06-03 15:50:50 | WARNING | Device 30688 was not found.
2025-06-03 15:50:50 | WARNING | Device not found in substitute_dict: 30688
2025-06-03 15:50:52 | WARNING | Device 33682 was not found.
2025-06-03 15:50:52 | WARNING | Device 33711 was not found.
2025-06-03 15:50:53 | WARNING | Device 37208 was not found.
2025-06-03 15:50:56 | WARNING | Device AC000001_1 was not found.
2025-06-03 15:50:56 | WARNING | Device AC000004_1 was not found.
2025-06-03 15:50:56 | WARNING | Device AC000007_1 was not found.
2025-06-03 15:50:56 | WARNING | Device AC000010_1 was not found.
2025-06-03 15:50:56 | WARNING | Device AC000013_1 was not found.
2025-06-03 15:50:56 | WARNING | Device AC000002_1 was not found.
2025-06-03 15:50:56 | WARNING | Device AC000003_1 was not found.
2025-06-03 15:50:56 | WARNING | Device AC000005_1 was not found.
2025-06-03 15:50:56 | WARNING | Device AC000006_1 was not found.
2025-06-03 15:50:56 | WARNING | Device AC000008_1 was not found.
2025-06-03 15:50:56 | WARNING | Device AC000009_1 was not found.
2025-06-03 15:50:56 | WARNING | Device AC000011_1 was not found.
2025-06-03 15:50:56 | WARNING | Device AC000012_1 was not found.
2025-06-03 15:50:56 | WARNING | Device AC000014_1 was not found.
2025-06-03 15:50:56 | WARNING | Device ACEXT001_1 was not found.
2025-06-03 15:50:56 | WARNING | Device ACEXT002_1 was not found.
2025-06-03 15:50:56 | WARNING | Device ACEXT003_1 was not found.
2025-06-03 15:50:56 | WARNING | Device ACEXT004_1 was not found.
2025-06-03 15:50:59 | WARNING | Device VR1UJZKXZKW134851 was not found.
2025-06-03 15:50:59 | WARNING | Device not found in substitute_dict: VR1UJZKXZKW134851
2025-06-03 15:51:00 | WARNING | Device pctesolate was not found.
2025-06-03 15:51:00 | WARNING | Device not found in substitute_dict: pctesolate
2025-06-03 15:51:31 | WARNING | Device 29720 was not found.
2025-06-03 15:51:31 | WARNING | Device not found in substitute_dict: 29720
2025-06-03 15:51:33 | WARNING | Device 28387 was not found.
2025-06-03 15:51:35 | WARNING | Device 30634 was not found.
2025-06-03 15:51:35 | WARNING | Device 30642 was not found.
2025-06-03 15:51:37 | WARNING | Device 28375 was not found.
2025-06-03 15:51:37 | WARNING | Device 29658 was not found.
2025-06-03 15:51:39 | WARNING | Device 33423 was not found.
2025-06-03 15:51:39 | WARNING | Device 31049 was not found.
2025-06-03 15:51:41 | WARNING | Device 31093 was not found.
2025-06-03 15:51:42 | WARNING | Device 28386 was not found.
2025-06-03 15:51:42 | WARNING | Device 29373 was not found.
2025-06-03 15:51:44 | WARNING | Device 29851 was not found.
2025-06-03 15:51:45 | WARNING | Device 29498 was not found.
2025-06-03 15:51:45 | WARNING | Device not found in substitute_dict: 29498
2025-06-03 15:51:45 | WARNING | Device 30080 was not found.
2025-06-03 15:51:45 | WARNING | Device not found in substitute_dict: 30080
2025-06-03 15:51:47 | WARNING | Device 29660 was not found.
2025-06-03 15:51:49 | WARNING | Device 36766 was not found.
2025-06-03 15:51:49 | WARNING | Device 36769 was not found.
2025-06-03 15:51:50 | WARNING | Device 30688 was not found.
2025-06-03 15:51:50 | WARNING | Device not found in substitute_dict: 30688
2025-06-03 15:52:21 | ERROR | Accumulator: Thread i-charging headquarters encountered an error: Scheduler is not running
2025-06-03 15:53:00 | ERROR | PCReceiver: Thread ana-house lost connection, attempting to reconnect...
2025-06-03 15:53:04 | ERROR | PCReceiver: Thread H-03-G lost connection, attempting to reconnect...
2025-06-03 18:31:03 | WARNING | Accumulator: Thread R-H-02 lost connection. Error: Transport indicated EOF. Waiting 1 seconds before attempting to reconnect...
2025-06-03 18:31:03 | WARNING | Accumulator: Thread R-H-11 lost connection. Error: Transport indicated EOF. Waiting 1 seconds before attempting to reconnect...
2025-06-03 18:31:03 | WARNING | Accumulator: Thread ana-house lost connection. Error: Transport indicated EOF. Waiting 1 seconds before attempting to reconnect...
2025-06-03 18:31:03 | WARNING | Accumulator: Thread H-03-G lost connection. Error: Transport indicated EOF. Waiting 1 seconds before attempting to reconnect...
2025-06-03 18:31:03 | WARNING | Accumulator: Thread R-H-02 lost connection. Error: Transport indicated EOF. Waiting 1 seconds before attempting to reconnect...
2025-06-03 18:31:03 | WARNING | Accumulator: Thread R-H-11 lost connection. Error: Transport indicated EOF. Waiting 1 seconds before attempting to reconnect...
2025-06-03 18:31:03 | WARNING | Accumulator: Thread ana-house lost connection. Error: Transport indicated EOF. Waiting 1 seconds before attempting to reconnect...
2025-06-03 18:31:03 | WARNING | Accumulator: Thread H-03-G lost connection. Error: Transport indicated EOF. Waiting 1 seconds before attempting to reconnect...
2025-06-06 19:15:28 | ERROR | PCReceiver: Thread ana-house lost connection, attempting to reconnect...
2025-06-06 19:15:28 | ERROR | PCReceiver: Thread H-03-G lost connection, attempting to reconnect...
2025-07-10 09:13:15 | WARNING | Device 28386 was not found.
2025-07-10 09:13:15 | WARNING | Device not found in substitute_dict: 28386
2025-07-10 09:13:15 | WARNING | Device 29373 was not found.
2025-07-10 09:13:15 | WARNING | Device pctesolate was not found.
2025-07-10 09:13:15 | WARNING | Device not found in substitute_dict: 29373
2025-07-10 09:13:15 | WARNING | Device not found in substitute_dict: pctesolate
2025-07-10 09:13:15 | WARNING | Device 30688 was not found.
2025-07-10 09:13:15 | WARNING | Device VR1UJZKXZKW134851 was not found.
2025-07-10 09:13:15 | WARNING | Device 29498 was not found.
2025-07-10 09:13:15 | WARNING | Device not found in substitute_dict: 30688
2025-07-10 09:13:15 | WARNING | Device not found in substitute_dict: VR1UJZKXZKW134851
2025-07-10 09:13:15 | WARNING | Device not found in substitute_dict: 29498
2025-07-10 09:13:15 | WARNING | Device 30080 was not found.
2025-07-10 09:13:15 | WARNING | Device not found in substitute_dict: 30080
2025-07-10 09:14:15 | WARNING | Device 31093 was not found.
2025-07-10 09:14:15 | WARNING | Device 29498 was not found.
2025-07-10 09:14:15 | WARNING | Device 30688 was not found.
2025-07-10 09:14:15 | WARNING | Device 30634 was not found.
2025-07-10 09:14:15 | WARNING | Device 28375 was not found.
2025-07-10 09:14:15 | WARNING | Device 33682 was not found.
2025-07-10 09:14:15 | WARNING | Device 29660 was not found.
2025-07-10 09:14:15 | WARNING | Device 28387 was not found.
2025-07-10 09:14:15 | WARNING | Device pctesolate was not found.
2025-07-10 09:14:15 | WARNING | Device not found in substitute_dict: 29498
2025-07-10 09:14:15 | WARNING | Device 37208 was not found.
2025-07-10 09:14:15 | WARNING | Device 29720 was not found.
2025-07-10 09:14:15 | WARNING | Device 28386 was not found.
2025-07-10 09:14:15 | WARNING | Device 33423 was not found.
2025-07-10 09:14:15 | WARNING | Device not found in substitute_dict: 30688
2025-07-10 09:14:15 | WARNING | Device 29851 was not found.
2025-07-10 09:14:15 | WARNING | Device 36766 was not found.
2025-07-10 09:14:15 | WARNING | Device VR1UJZKXZKW134851 was not found.
2025-07-10 09:14:15 | WARNING | Device 30642 was not found.
2025-07-10 09:14:15 | WARNING | Device 29658 was not found.
2025-07-10 09:14:15 | WARNING | Device 35927 was not found.
2025-07-10 09:14:15 | WARNING | Device not found in substitute_dict: pctesolate
2025-07-10 09:14:15 | WARNING | Device 30080 was not found.
2025-07-10 09:14:15 | WARNING | Device 37214 was not found.
2025-07-10 09:14:15 | WARNING | Device 29725 was not found.
2025-07-10 09:14:15 | WARNING | Device not found in substitute_dict: 28386
2025-07-10 09:14:15 | WARNING | Device 31049 was not found.
2025-07-10 09:14:15 | WARNING | Device 36769 was not found.
2025-07-10 09:14:15 | WARNING | Device not found in substitute_dict: VR1UJZKXZKW134851
2025-07-10 09:14:15 | WARNING | Device 33711 was not found.
2025-07-10 09:14:15 | WARNING | Device not found in substitute_dict: 30080
2025-07-10 09:14:15 | WARNING | Device 29373 was not found.
2025-07-10 09:14:15 | WARNING | Device not found in substitute_dict: 29373
